Workbook

Sheet flw11-12
A1: STATES/Uts | B1: ANTHURIUM | F1: CARNATION | J1: CHRYSANTHEMUM | N1: GERBERA | R1: GLADIOUS | V1: JASMINE | Z1: MARIGOLD | AD1: ORCHIDS | AH1: ROSE | AL1: TUBE ROSE | AP1: TULIP | AT1: OTHERS | AX1: TOTAL FLOWERS
B2: A | C2: P | D2: P | E2: Prod. | F2: A | G2: P | H2: P | J2: A | K2: P | L2: P | N2: A | O2: P | P2: P | R2: A | S2: P | T2: P | V2: A | W2: P | X2: P | Z2: A | AA2: P | AB2: P | AD2: A | AE2: P | AF2: P | AH2: A | AI2: P | AJ2: P | AL2: A | AM2: P | AN2: P | AP2: A | AQ2: P | AR2: P | AT2: A | AU2: P | AV2: P | AX2: A | AY2: P
C3: LOOSE | D3: CUT | G3: LOOSE | H3: CUT | K3: LOOSE | L3: CUT | O3: LOOSE | P3: CUT | S3: LOOSE | T3: CUT | W3: LOOSE | X3: CUT | AA3: LOOSE | AB3: CUT | AE3: LOOSE | AF3: CUT | AI3: LOOSE | AJ3: CUT | AM3: LOOSE | AN3: CUT | AQ3: LOOSE | AR3: CUT | AU3: LOOSE | AV3: CUT | AY3: LOOSE | AZ3: CUT
A4: ANDAMAN NICOBAR | V4: 0.00185 | W4: 0.01115 | Z4: 0.00675 | AA4: 0.09692 | AH4: 0.0038 | AI4: 0.03724 | AT4: 0.0226 | AU4: 0.196 | AX4: =B4+F4+J4+N4+R4+V4+Z4+AD4+AH4+AL4+AP4+AT4 -> 0.035 | AY4: =C4+G4+K4+O4+S4+W4+AA4+AE4+AI4+AM4+AQ4+AU4 -> 0.34131 | AZ4: =D4+H4+L4+P4+T4+X4+AB4+AF4+AJ4+AN4+AR4+AV4 -> 0 | BA4: =(AZ4+AY4)/AX4 -> 9.7517143
A5: ANDHRA PRADESH | J5: 10.609 | K5: 121.998 | R5: 0.014 | T5: 7.07 | V5: 33.354 | W5: 166.768 | Z5: 4.539 | AA5: 34.042 | AH5: 2.364 | AJ5: 7092.32 | AL5: 2.45 | AM5: 14.702 | AT5: =1.453+9.37 -> 10.823 | AU5: =4.649+46.849 -> 51.498 | AX5: =B5+F5+J5+N5+R5+V5+Z5+AD5+AH5+AL5+AP5+AT5 -> 64.153 | AY5: =C5+G5+K5+O5+S5+W5+AA5+AE5+AI5+AM5+AQ5+AU5 -> 389.008 | AZ5: =D5+H5+L5+P5+T5+X5+AB5+AF5+AJ5+AN5+AR5+AV5 -> 7099.39 | BA5: =(AZ5+AY5)/AX5 -> 116.72717
A6: ARUNACHAL PRADESH | AT6: 1.22 | AV6: 2860 | AX6: =B6+F6+J6+N6+R6+V6+Z6+AD6+AH6+AL6+AP6+AT6 -> 1.22 | AY6: =C6+G6+K6+O6+S6+W6+AA6+AE6+AI6+AM6+AQ6+AU6 -> 0 | AZ6: =D6+H6+L6+P6+T6+X6+AB6+AF6+AJ6+AN6+AR6+AV6 -> 2860 | BA6: =(AZ6+AY6)/AX6 -> 2344.2623
A7: ASSAM | AX7: =B7+F7+J7+N7+R7+V7+Z7+AD7+AH7+AL7+AP7+AT7 -> 0 | AY7: =C7+G7+K7+O7+S7+W7+AA7+AE7+AI7+AM7+AQ7+AU7 -> 0 | AZ7: =D7+H7+L7+P7+T7+X7+AB7+AF7+AJ7+AN7+AR7+AV7 -> 0 | BA7: =(AZ7+AY7)/AX7 -> #DIV/0!
A8: BIHAR | AT8: =0.172+0.729 -> 0.901 | AU8: 8.72 | AV8: 1285 | AX8: =B8+F8+J8+N8+R8+V8+Z8+AD8+AH8+AL8+AP8+AT8 -> 0.901 | AY8: =C8+G8+K8+O8+S8+W8+AA8+AE8+AI8+AM8+AQ8+AU8 -> 8.72 | AZ8: =D8+H8+L8+P8+T8+X8+AB8+AF8+AJ8+AN8+AR8+AV8 -> 1285 | BA8: =(AZ8+AY8)/AX8 -> 1435.8713
A9: CHHATISHGARH | J9: 0.16 | K9: 0.48 | R9: 2.04 | S9: 5.41 | V9: 0.02 | W9: 0.04 | Z9: 2.16 | AA9: 15.47 | AH9: 0.83 | AI9: 1.92 | AL9: 1.79 | AM9: 6.55 | AT9: 1.41 | AU9: 2.98 | AX9: =B9+F9+J9+N9+R9+V9+Z9+AD9+AH9+AL9+AP9+AT9 -> 8.41 | AY9: =C9+G9+K9+O9+S9+W9+AA9+AE9+AI9+AM9+AQ9+AU9 -> 32.85 | AZ9: =D9+H9+L9+P9+T9+X9+AB9+AF9+AJ9+AN9+AR9+AV9 -> 0 | BA9: =(AZ9+AY9)/AX9 -> 3.9060642
A10: D & N HAVELI | AX10: =B10+F10+J10+N10+R10+V10+Z10+AD10+AH10+AL10+AP10+AT10 -> 0 | AY10: =C10+G10+K10+O10+S10+W10+AA10+AE10+AI10+AM10+AQ10+AU10 -> 0 | AZ10: =D10+H10+L10+P10+T10+X10+AB10+AF10+AJ10+AN10+AR10+AV10 -> 0 | BA10: =(AZ10+AY10)/AX10 -> #DIV/0!
A11: DAMAN & DIU | AX11: =B11+F11+J11+N11+R11+V11+Z11+AD11+AH11+AL11+AP11+AT11 -> 0 | AY11: =C11+G11+K11+O11+S11+W11+AA11+AE11+AI11+AM11+AQ11+AU11 -> 0 | AZ11: =D11+H11+L11+P11+T11+X11+AB11+AF11+AJ11+AN11+AR11+AV11 -> 0 | BA11: =(AZ11+AY11)/AX11 -> #DIV/0!
A12: DELHI | AT12: 5.5 | AU12: 5.7 | AV12: 1038 | AX12: =B12+F12+J12+N12+R12+V12+Z12+AD12+AH12+AL12+AP12+AT12 -> 5.5 | AY12: =C12+G12+K12+O12+S12+W12+AA12+AE12+AI12+AM12+AQ12+AU12 -> 5.7 | AZ12: =D12+H12+L12+P12+T12+X12+AB12+AF12+AJ12+AN12+AR12+AV12 -> 1038 | BA12: =(AZ12+AY12)/AX12 -> 189.76364
A13: GOA | AX13: =B13+F13+J13+N13+R13+V13+Z13+AD13+AH13+AL13+AP13+AT13 -> 0 | AY13: =C13+G13+K13+O13+S13+W13+AA13+AE13+AI13+AM13+AQ13+AU13 -> 0 | AZ13: =D13+H13+L13+P13+T13+X13+AB13+AF13+AJ13+AN13+AR13+AV13 -> 0 | BA13: =(AZ13+AY13)/AX13 -> #DIV/0!
A14: GUJARAT | Z14: 6.33 | AA14: 59.12 | AH14: 4.11 | AI14: 32.14 | AT14: 5.52 | AU14: 44.24 | AX14: =B14+F14+J14+N14+R14+V14+Z14+AD14+AH14+AL14+AP14+AT14 -> 15.96 | AY14: =C14+G14+K14+O14+S14+W14+AA14+AE14+AI14+AM14+AQ14+AU14 -> 135.5 | AZ14: =D14+H14+L14+P14+T14+X14+AB14+AF14+AJ14+AN14+AR14+AV14 -> 0 | BA14: =(AZ14+AY14)/AX14 -> 8.4899749
A15: HARYANA | J15: 0.07 | K15: 0.75 | L15: 62.68 | R15: 0.9 | T15: 1027.98 | Z15: 5.01 | AA15: 62.97 | AH15: 0.14 | AI15: 0.2 | AJ15: 4.48 | AL15: 0.16 | AM15: 0.02 | AN15: 171.79 | AT15: 0.05 | AU15: 0.21 | AV15: 2.54 | AX15: =B15+F15+J15+N15+R15+V15+Z15+AD15+AH15+AL15+AP15+AT15 -> 6.33 | AY15: =C15+G15+K15+O15+S15+W15+AA15+AE15+AI15+AM15+AQ15+AU15 -> 64.15 | AZ15: =D15+H15+L15+P15+T15+X15+AB15+AF15+AJ15+AN15+AR15+AV15 -> 1269.47 | BA15: =(AZ15+AY15)/AX15 -> 210.68246
A16: HIMACHAL PRADESH | AT16: =0.456+0.403 -> 0.859 | AU16: 35.293 | AV16: 1948.057 | AX16: =B16+F16+J16+N16+R16+V16+Z16+AD16+AH16+AL16+AP16+AT16 -> 0.859 | AY16: =C16+G16+K16+O16+S16+W16+AA16+AE16+AI16+AM16+AQ16+AU16 -> 35.293 | AZ16: =D16+H16+L16+P16+T16+X16+AB16+AF16+AJ16+AN16+AR16+AV16 -> 1948.057 | BA16: =(AZ16+AY16)/AX16 -> 2308.9057
A17: JAMMU & KASHMIR | F17: 0.003 | H17: 18 | J17: 0.012 | L17: 10 | N17: 0.0012 | P17: 3 | R17: 0.0023 | T17: 60.92 | Z17: 0.115 | AA17: 1 | AP17: 0.012 | AR17: 40 | AT17: 0.031 | AU17: 0.06 | AV17: 24 | AX17: =B17+F17+J17+N17+R17+V17+Z17+AD17+AH17+AL17+AP17+AT17 -> 0.1765 | AY17: =C17+G17+K17+O17+S17+W17+AA17+AE17+AI17+AM17+AQ17+AU17 -> 1.06 | AZ17: =D17+H17+L17+P17+T17+X17+AB17+AF17+AJ17+AN17+AR17+AV17 -> 155.92 | BA17: =(AZ17+AY17)/AX17 -> 889.4051
A18: JHARKHAND | AT18: 1.6 | AU18: 22.026 | AV18: 1711 | AX18: =B18+F18+J18+N18+R18+V18+Z18+AD18+AH18+AL18+AP18+AT18 -> 1.6 | AY18: =C18+G18+K18+O18+S18+W18+AA18+AE18+AI18+AM18+AQ18+AU18 -> 22.026 | AZ18: =D18+H18+L18+P18+T18+X18+AB18+AF18+AJ18+AN18+AR18+AV18 -> 1711 | BA18: =(AZ18+AY18)/AX18 -> 1083.1412
A19: KARNATAKA | B19: 0.056 | D19: 23 | E19: =D19/B19 -> 410.71429 | F19: 0.032 | H19: 339 | J19: 5.309 | K19: 63.867 | N19: 0.084 | P19: 297 | R19: 0.241 | T19: 482 | V19: 5.874 | W19: 35.1 | Z19: 7.797 | AA19: 67.133 | AH19: 2.524 | AJ19: 7303 | AL19: 1.752 | AM19: 11.617 | AN19: 1884 | AT19: =2.063+2.457+0.06+0.031+0.031+0.089+0.08+0.739 -> 5.55 | AU19: =19.803+11.209+0.039+0.077+0.012+0.037+2.646 -> 33.823 | AV19: 60 | AX19: =B19+F19+J19+N19+R19+V19+Z19+AD19+AH19+AL19+AP19+AT19 -> 29.219 | AY19: =C19+G19+K19+O19+S19+W19+AA19+AE19+AI19+AM19+AQ19+AU19 -> 211.54 | AZ19: =D19+H19+L19+P19+T19+X19+AB19+AF19+AJ19+AN19+AR19+AV19 -> 10388 | BA19: =(AZ19+AY19)/AX19 -> 362.7619
A20: KERALA | AX20: =B20+F20+J20+N20+R20+V20+Z20+AD20+AH20+AL20+AP20+AT20 -> 0 | AY20: =C20+G20+K20+O20+S20+W20+AA20+AE20+AI20+AM20+AQ20+AU20 -> 0 | AZ20: =D20+H20+L20+P20+T20+X20+AB20+AF20+AJ20+AN20+AR20+AV20 -> 0 | BA20: =(AZ20+AY20)/AX20 -> #DIV/0!
A21: LAKSHDWEEP | AX21: =B21+F21+J21+N21+R21+V21+Z21+AD21+AH21+AL21+AP21+AT21 -> 0 | AY21: =C21+G21+K21+O21+S21+W21+AA21+AE21+AI21+AM21+AQ21+AU21 -> 0 | AZ21: =D21+H21+L21+P21+T21+X21+AB21+AF21+AJ21+AN21+AR21+AV21 -> 0 | BA21: =(AZ21+AY21)/AX21 -> #DIV/0!
A22: MADHYA PRADESH | AT22: 15.613 | AU22: 150.665 | AX22: =B22+F22+J22+N22+R22+V22+Z22+AD22+AH22+AL22+AP22+AT22 -> 15.613 | AY22: =C22+G22+K22+O22+S22+W22+AA22+AE22+AI22+AM22+AQ22+AU22 -> 150.665 | AZ22: =D22+H22+L22+P22+T22+X22+AB22+AF22+AJ22+AN22+AR22+AV22 -> 0 | BA22: =(AZ22+AY22)/AX22 -> 9.6499712
A23: MAHARASHTRA | J23: 2 | K23: 8 | R23: 0.75 | S23: 6 | V23: 2 | W23: 4 | Z23: 6.05 | AA23: 59 | AH23: 5.53 | AI23: 11 | AL23: 0.75 | AM23: 5 | AT23: =1.8 -> 1.8 | AU23: 11 | AV23: 7914 | AX23: =B23+F23+J23+N23+R23+V23+Z23+AD23+AH23+AL23+AP23+AT23 -> 18.88 | AY23: =C23+G23+K23+O23+S23+W23+AA23+AE23+AI23+AM23+AQ23+AU23 -> 104 | AZ23: =D23+H23+L23+P23+T23+X23+AB23+AF23+AJ23+AN23+AR23+AV23 -> 7914 | BA23: =(AZ23+AY23)/AX23 -> 424.6822
A24: MANIPUR | AX24: =B24+F24+J24+N24+R24+V24+Z24+AD24+AH24+AL24+AP24+AT24 -> 0 | AY24: =C24+G24+K24+O24+S24+W24+AA24+AE24+AI24+AM24+AQ24+AU24 -> 0 | AZ24: =D24+H24+L24+P24+T24+X24+AB24+AF24+AJ24+AN24+AR24+AV24 -> 0 | BA24: =(AZ24+AY24)/AX24 -> #DIV/0!
A25: MEGHALAYA | AX25: =B25+F25+J25+N25+R25+V25+Z25+AD25+AH25+AL25+AP25+AT25 -> 0 | AY25: =C25+G25+K25+O25+S25+W25+AA25+AE25+AI25+AM25+AQ25+AU25 -> 0 | AZ25: =D25+H25+L25+P25+T25+X25+AB25+AF25+AJ25+AN25+AR25+AV25 -> 0 | BA25: =(AZ25+AY25)/AX25 -> #DIV/0!
A26: MIZORAM | B26: 0.033 | D26: 90.75 | E26: =D26/B26 -> 2750 | AD26: 0.001 | AF26: 0.0625 | AH26: 0.009 | AJ26: 43.2 | AT26: 0.086 | AV26: 215 | AX26: =B26+F26+J26+N26+R26+V26+Z26+AD26+AH26+AL26+AP26+AT26 -> 0.129 | AY26: =C26+G26+K26+O26+S26+W26+AA26+AE26+AI26+AM26+AQ26+AU26 -> 0 | AZ26: =D26+H26+L26+P26+T26+X26+AB26+AF26+AJ26+AN26+AR26+AV26 -> 349.0125 | BA26: =(AZ26+AY26)/AX26 -> 2705.5233
A27: NAGALAND | B27: 0.002 | D27: 2.04 | E27: =D27/B27 -> 1020 | N27: 0.0018 | P27: 3.24 | AD27: 0.0018 | AF27: 0.216 | AH27: 0.003 | AJ27: 3.6 | AT27: =0.005+0.0048 -> 0.0098 | AV27: =3.38+2.88 -> 6.26 | AX27: =B27+F27+J27+N27+R27+V27+Z27+AD27+AH27+AL27+AP27+AT27 -> 0.0184 | AY27: =C27+G27+K27+O27+S27+W27+AA27+AE27+AI27+AM27+AQ27+AU27 -> 0 | AZ27: =D27+H27+L27+P27+T27+X27+AB27+AF27+AJ27+AN27+AR27+AV27 -> 15.356 | BA27: =(AZ27+AY27)/AX27 -> 834.56522
A28: ODISHA | R28: 2.38 | T28: 2360 | Z28: 2.69 | AA28: 24.66 | AH28: 1.93 | AJ28: 3660 | AL28: 0.54 | AM28: 1.419 | AX28: =B28+F28+J28+N28+R28+V28+Z28+AD28+AH28+AL28+AP28+AT28 -> 7.54 | AY28: =C28+G28+K28+O28+S28+W28+AA28+AE28+AI28+AM28+AQ28+AU28 -> 26.079 | AZ28: =D28+H28+L28+P28+T28+X28+AB28+AF28+AJ28+AN28+AR28+AV28 -> 6020 | BA28: =(AZ28+AY28)/AX28 -> 801.86724
A29: PUDUCHERRY | V29: 0.0174 | W29: 0.104 | Z29: 0.036 | AA29: 0.233 | AL29: 0.0084 | AM29: 0.0378 | AT29: 0.0082 | AU29: 0.0328 | AX29: =B29+F29+J29+N29+R29+V29+Z29+AD29+AH29+AL29+AP29+AT29 -> 0.07 | AY29: =C29+G29+K29+O29+S29+W29+AA29+AE29+AI29+AM29+AQ29+AU29 -> 0.4076 | AZ29: =D29+H29+L29+P29+T29+X29+AB29+AF29+AJ29+AN29+AR29+AV29 -> 0 | BA29: =(AZ29+AY29)/AX29 -> 5.8228571
A30: PUNJAB | AT30: =1.3+0.76 -> 2.06 | AU30: 10.054 | AV30: 0.065 | AX30: =B30+F30+J30+N30+R30+V30+Z30+AD30+AH30+AL30+AP30+AT30 -> 2.06 | AY30: =C30+G30+K30+O30+S30+W30+AA30+AE30+AI30+AM30+AQ30+AU30 -> 10.054 | AZ30: =D30+H30+L30+P30+T30+X30+AB30+AF30+AJ30+AN30+AR30+AV30 -> 0.065 | BA30: =(AZ30+AY30)/AX30 -> 4.9121359
A31: RAJASTHAN | AT31: 2.49 | AU31: 2.69 | AX31: =B31+F31+J31+N31+R31+V31+Z31+AD31+AH31+AL31+AP31+AT31 -> 2.49 | AY31: =C31+G31+K31+O31+S31+W31+AA31+AE31+AI31+AM31+AQ31+AU31 -> 2.69 | AZ31: =D31+H31+L31+P31+T31+X31+AB31+AF31+AJ31+AN31+AR31+AV31 -> 0 | BA31: =(AZ31+AY31)/AX31 -> 1.0803213
A32: SIKKIM | B32: 0.008 | D32: 4.3 | E32: =D32/B32 -> 537.5 | F32: 0.007 | H32: 8.68 | N32: 0.027 | P32: 16.58 | R32: 0.028 | T32: 60 | AH32: 0.024 | AJ32: 26.68 | AT32: =0.03+0.009+0.018+0.038+0.016 -> 0.111 | AU32: 25.95 | AV32: =29+13.76+18+32.05 -> 92.81 | AX32: =B32+F32+J32+N32+R32+V32+Z32+AD32+AH32+AL32+AP32+AT32 -> 0.205 | AY32: =C32+G32+K32+O32+S32+W32+AA32+AE32+AI32+AM32+AQ32+AU32 -> 25.95 | AZ32: =D32+H32+L32+P32+T32+X32+AB32+AF32+AJ32+AN32+AR32+AV32 -> 209.05 | BA32: =(AZ32+AY32)/AX32 -> 1146.3415
A33: TAMIL NADU | AT33: 32.32 | AU33: 332.81 | AX33: =B33+F33+J33+N33+R33+V33+Z33+AD33+AH33+AL33+AP33+AT33 -> 32.32 | AY33: =C33+G33+K33+O33+S33+W33+AA33+AE33+AI33+AM33+AQ33+AU33 -> 332.81 | AZ33: =D33+H33+L33+P33+T33+X33+AB33+AF33+AJ33+AN33+AR33+AV33 -> 0 | BA33: =(AZ33+AY33)/AX33 -> 10.297339
A34: TRIPURA | AX34: =B34+F34+J34+N34+R34+V34+Z34+AD34+AH34+AL34+AP34+AT34 -> 0 | AY34: =C34+G34+K34+O34+S34+W34+AA34+AE34+AI34+AM34+AQ34+AU34 -> 0 | AZ34: =D34+H34+L34+P34+T34+X34+AB34+AF34+AJ34+AN34+AR34+AV34 -> 0 | BA34: =(AZ34+AY34)/AX34 -> #DIV/0!
A35: UTTAR PRADESH | R35: 2.691 | T35: 2691 | Z35: 3.091 | AA35: 6.182 | AH35: 8.711 | AI35: 20.87 | AJ35: 1503 | AX35: =B35+F35+J35+N35+R35+V35+Z35+AD35+AH35+AL35+AP35+AT35 -> 14.493 | AY35: =C35+G35+K35+O35+S35+W35+AA35+AE35+AI35+AM35+AQ35+AU35 -> 27.052 | AZ35: =D35+H35+L35+P35+T35+X35+AB35+AF35+AJ35+AN35+AR35+AV35 -> 4194 | BA35: =(AZ35+AY35)/AX35 -> 291.24764
A36: UTTARAKHAND | AT36: =0.6+0.944 -> 1.544 | AU36: 1.805 | AV36: 3567.56 | AX36: =B36+F36+J36+N36+R36+V36+Z36+AD36+AH36+AL36+AP36+AT36 -> 1.544 | AY36: =C36+G36+K36+O36+S36+W36+AA36+AE36+AI36+AM36+AQ36+AU36 -> 1.805 | AZ36: =D36+H36+L36+P36+T36+X36+AB36+AF36+AJ36+AN36+AR36+AV36 -> 3567.56 | BA36: =(AZ36+AY36)/AX36 -> 2311.7649
A37: WEST BENGAL | J37: 0.52 | L37: 1404 | R37: 2.611 | T37: 3916.5 | V37: 0.468 | W37: 0.646 | Z37: 6.174 | AA37: 52.074 | AH37: 1.688 | AJ37: 7764.8 | AL37: 5 | AN37: 11956.8 | AT37: 7.46 | AU37: 11.19 | AX37: =B37+F37+J37+N37+R37+V37+Z37+AD37+AH37+AL37+AP37+AT37 -> 23.921 | AY37: =C37+G37+K37+O37+S37+W37+AA37+AE37+AI37+AM37+AQ37+AU37 -> 63.91 | AZ37: =D37+H37+L37+P37+T37+X37+AB37+AF37+AJ37+AN37+AR37+AV37 -> 25042.1 | BA37: =(AZ37+AY37)/AX37 -> 1049.5385
BA38: =(AZ38+AY38)/AX38 -> #DIV/0!
A39: TOTAL | B39: =SUM(B4:B38) -> 0.099 | C39: =SUM(C4:C38) -> 0 | D39: =SUM(D4:D38) -> 120.09 | E39: =(D39+C39)/B39 -> 1213.0303 | F39: =SUM(F4:F38) -> 0.042 | G39: =SUM(G4:G38) -> 0 | H39: =SUM(H4:H38) -> 365.68 | I39: =(H39+G39)/F39 -> 8706.6667 | J39: =SUM(J4:J38) -> 18.68 | K39: =SUM(K4:K38) -> 195.095 | L39: =SUM(L4:L38) -> 1476.68 | M39: =(L39+K39)/J39 -> 89.49545 | N39: =SUM(N4:N38) -> 0.114 | O39: =SUM(O4:O38) -> 0 | P39: =SUM(P4:P38) -> 319.82 | Q39: =(P39+O39)/N39 -> 2805.4386 | R39: =SUM(R4:R38) -> 11.6573 | S39: =SUM(S4:S38) -> 11.41 | T39: =SUM(T4:T38) -> 10605.47 | U39: =(T39+S39)/R39 -> 910.74949 | V39: =SUM(V4:V38) -> 41.73525 | W39: =SUM(W4:W38) -> 206.66915 | X39: =SUM(X4:X38) -> 0 | Y39: =(X39+W39)/V39 -> 4.9519088 | Z39: =SUM(Z4:Z38) -> 43.99875 | AA39: =SUM(AA4:AA38) -> 381.98092 | AB39: =SUM(AB4:AB38) -> 0 | AC39: =(AB39+AA39)/Z39 -> 8.6816312 | AD39: =SUM(AD4:AD38) -> 0.0028 | AE39: =SUM(AE4:AE38) -> 0 | AF39: =SUM(AF4:AF38) -> 0.2785 | AG39: =(AF39+AE39)/AD39 -> 99.464286 | AH39: =SUM(AH4:AH38) -> 27.8668 | AI39: =SUM(AI4:AI38) -> 66.16724 | AJ39: =SUM(AJ4:AJ38) -> 27401.08 | AK39: =(AJ39+AI39)/AH39 -> 985.66205 | AL39: =SUM(AL4:AL38) -> 12.4504 | AM39: =SUM(AM4:AM38) -> 39.3458 | AN39: =SUM(AN4:AN38) -> 14012.59 | AO39: =(AN39+AM39)/AL39 -> 1128.6333 | AP39: =SUM(AP4:AP38) -> 0.012 | AQ39: =SUM(AQ4:AQ38) -> 0 | AR39: =SUM(AR4:AR38) -> 40 | AS39: =(AR39+AQ39)/AP39 -> 3333.3333 | AT39: =SUM(AT4:AT38) -> 96.9886 | AU39: =SUM(AU4:AU38) -> 750.9428 | AV39: =SUM(AV4:AV38) -> 20724.292 | AW39: =(AV39+AU39)/AT39 -> 221.4202 | AX39: =SUM(AX4:AX38) -> 253.6469 | AY39: =SUM(AY4:AY38) -> 1651.6109 | AZ39: =SUM(AZ4:AZ38) -> 75065.981 | BA39: =(AZ39+AY39)/AX39 -> 302.45823
A40: A= '000 ha
A41: P(Cut)= Production in (lakh Nos)

Sheet 12-13
A1: STATES/Uts | B1: ANTHURIUM | F1: CARNATION | J1: CHRYSANTHEMUM | N1: GERBERA | R1: GLADIOUS | V1: JASMINE | Z1: MARIGOLD | AD1: ORCHIDS | AH1: ROSE | AL1: TUBE ROSE | AP1: TULIP | AT1: OTHERS | AW1: TOTAL FLOWERS
B2: A | C2: P | D2: P | F2: A | G2: P | H2: P | J2: A | K2: P | L2: P | N2: A | O2: P | P2: P | R2: A | S2: P | T2: P | V2: A | W2: P | X2: P | Z2: A | AA2: P | AB2: P | AD2: A | AE2: P | AF2: P | AH2: A | AI2: P | AJ2: P | AL2: A | AM2: P | AN2: P | AP2: A | AQ2: P | AR2: P | AT2: A | AU2: P | AV2: P | AW2: A | AX2: P
C3: LOOSE | D3: CUT | G3: LOOSE | H3: CUT | K3: LOOSE | L3: CUT | O3: LOOSE | P3: CUT | S3: LOOSE | T3: CUT | W3: LOOSE | X3: CUT | AA3: LOOSE | AB3: CUT | AE3: LOOSE | AF3: CUT | AI3: LOOSE | AJ3: CUT | AM3: LOOSE | AN3: CUT | AQ3: LOOSE | AR3: CUT | AU3: LOOSE | AV3: CUT | AX3: LOOSE | AY3: CUT
A4: ANDAMAN NICOBAR | V4: 0.01 | W4: 0.01 | Z4: 0.01 | AA4: 0.1 | AH4: 0 | AI4: 0.04 | AT4: 0.02 | AU4: 0.2 | AW4: =B4+F4+J4+N4+R4+V4+Z4+AD4+AH4+AL4+AP4+AT4 -> 0.04 | AX4: =C4+G4+K4+O4+S4+W4+AA4+AE4+AI4+AM4+AQ4+AU4 -> 0.35 | AY4: =D4+H4+L4+P4+T4+X4+AB4+AF4+AJ4+AN4+AR4+AV4 -> 0 | AZ4: =(AY4+AX4)/AW4 -> 8.75
A5: ANDHRA PRADESH | J5: 9.597 | K5: 95.97 | R5: 0.019 | T5: 10 | V5: 3.496 | W5: 17.473 | Z5: 4.802 | AA5: 38.412 | AH5: 2.3 | AJ5: 6899 | AL5: 2.386 | AM5: 14.314 | AT5: =2.01+10.24 -> 12.25 | AU5: =7.035+51.202 -> 58.237 | AW5: =B5+F5+J5+N5+R5+V5+Z5+AD5+AH5+AL5+AP5+AT5 -> 34.85 | AX5: =C5+G5+K5+O5+S5+W5+AA5+AE5+AI5+AM5+AQ5+AU5 -> 224.406 | AY5: =D5+H5+L5+P5+T5+X5+AB5+AF5+AJ5+AN5+AR5+AV5 -> 6909 | AZ5: =(AY5+AX5)/AW5 -> 204.68884
A6: ARUNACHAL PRADESH * | B6: 0.0046 | D6: 116 | N6: 0.004 | P6: 88 | Z6: 0.01 | AA6: 0.0098 | AH6: 0.0045 | AJ6: 93 | AW6: =B6+F6+J6+N6+R6+V6+Z6+AD6+AH6+AL6+AP6+AT6 -> 0.0231 | AX6: =C6+G6+K6+O6+S6+W6+AA6+AE6+AI6+AM6+AQ6+AU6 -> 0.0098 | AY6: =D6+H6+L6+P6+T6+X6+AB6+AF6+AJ6+AN6+AR6+AV6 -> 297 | AZ6: =(AY6+AX6)/AW6 -> 12857.567
A7: ASSAM | AT7: 1.8 | AU7: 11.7 | AV7: 3750 | AW7: =B7+F7+J7+N7+R7+V7+Z7+AD7+AH7+AL7+AP7+AT7 -> 1.8 | AX7: =C7+G7+K7+O7+S7+W7+AA7+AE7+AI7+AM7+AQ7+AU7 -> 11.7 | AY7: =D7+H7+L7+P7+T7+X7+AB7+AF7+AJ7+AN7+AR7+AV7 -> 3750 | AZ7: =(AY7+AX7)/AW7 -> 2089.8333
A8: BIHAR | AT8: =0.18+0.84 -> 1.02 | AU8: 10.152 | AV8: 324 | AW8: =B8+F8+J8+N8+R8+V8+Z8+AD8+AH8+AL8+AP8+AT8 -> 1.02 | AX8: =C8+G8+K8+O8+S8+W8+AA8+AE8+AI8+AM8+AQ8+AU8 -> 10.152 | AY8: =D8+H8+L8+P8+T8+X8+AB8+AF8+AJ8+AN8+AR8+AV8 -> 324 | AZ8: =(AY8+AX8)/AW8 -> 327.6
A9: CHHATTISGARH | J9: 0.25 | K9: 0.74 | R9: 1.98 | S9: 5.18 | V9: 0.03 | W9: 0.05 | Z9: 3.13 | AA9: 19.93 | AH9: 1 | AI9: 2.4 | AL9: 1.79 | AM9: 5.91 | AT9: =0.22+1.39 -> 1.61 | AU9: =0.96+2.58 -> 3.54 | AW9: =B9+F9+J9+N9+R9+V9+Z9+AD9+AH9+AL9+AP9+AT9 -> 9.79 | AX9: =C9+G9+K9+O9+S9+W9+AA9+AE9+AI9+AM9+AQ9+AU9 -> 37.75 | AY9: =D9+H9+L9+P9+T9+X9+AB9+AF9+AJ9+AN9+AR9+AV9 -> 0 | AZ9: =(AY9+AX9)/AW9 -> 3.8559755
A10: D & N HAVELI | AW10: =B10+F10+J10+N10+R10+V10+Z10+AD10+AH10+AL10+AP10+AT10 -> 0 | AX10: =C10+G10+K10+O10+S10+W10+AA10+AE10+AI10+AM10+AQ10+AU10 -> 0 | AY10: =D10+H10+L10+P10+T10+X10+AB10+AF10+AJ10+AN10+AR10+AV10 -> 0 | AZ10: =(AY10+AX10)/AW10 -> #DIV/0!
A11: DAMAN & DIU | AW11: =B11+F11+J11+N11+R11+V11+Z11+AD11+AH11+AL11+AP11+AT11 -> 0 | AX11: =C11+G11+K11+O11+S11+W11+AA11+AE11+AI11+AM11+AQ11+AU11 -> 0 | AY11: =D11+H11+L11+P11+T11+X11+AB11+AF11+AJ11+AN11+AR11+AV11 -> 0 | AZ11: =(AY11+AX11)/AW11 -> #DIV/0!
A12: DELHI | AT12: 5.5 | AU12: 5.7 | AV12: 1038 | AW12: =B12+F12+J12+N12+R12+V12+Z12+AD12+AH12+AL12+AP12+AT12 -> 5.5 | AX12: =C12+G12+K12+O12+S12+W12+AA12+AE12+AI12+AM12+AQ12+AU12 -> 5.7 | AY12: =D12+H12+L12+P12+T12+X12+AB12+AF12+AJ12+AN12+AR12+AV12 -> 1038 | AZ12: =(AY12+AX12)/AW12 -> 189.76364
A13: GOA | AW13: =B13+F13+J13+N13+R13+V13+Z13+AD13+AH13+AL13+AP13+AT13 -> 0 | AX13: =C13+G13+K13+O13+S13+W13+AA13+AE13+AI13+AM13+AQ13+AU13 -> 0 | AY13: =D13+H13+L13+P13+T13+X13+AB13+AF13+AJ13+AN13+AR13+AV13 -> 0 | AZ13: =(AY13+AX13)/AW13 -> #DIV/0!
A14: GUJARAT | Z14: 7.01 | AA14: 66.54 | AH14: 4.42 | AI14: 35.48 | AT14: 5.84 | AU14: 47.25 | AW14: =B14+F14+J14+N14+R14+V14+Z14+AD14+AH14+AL14+AP14+AT14 -> 17.27 | AX14: =C14+G14+K14+O14+S14+W14+AA14+AE14+AI14+AM14+AQ14+AU14 -> 149.27 | AY14: =D14+H14+L14+P14+T14+X14+AB14+AF14+AJ14+AN14+AR14+AV14 -> 0 | AZ14: =(AY14+AX14)/AW14 -> 8.6433121
A15: HARYANA | J15: 0.11 | K15: 0.4 | L15: 20.33 | N15: 0.004 | P15: 2.4 | R15: 0.64 | T15: 826.95 | Z15: 5.37 | AA15: 63.73 | AH15: 0.12 | AI15: 0.39 | AJ15: 154.7 | AL15: 0.12 | AN15: 130.8 | AT15: =0.002+0.1 -> 0.102 | AU15: 0.2 | AV15: =2.4+133 -> 135.4 | AW15: =B15+F15+J15+N15+R15+V15+Z15+AD15+AH15+AL15+AP15+AT15 -> 6.466 | AX15: =C15+G15+K15+O15+S15+W15+AA15+AE15+AI15+AM15+AQ15+AU15 -> 64.72 | AY15: =D15+H15+L15+P15+T15+X15+AB15+AF15+AJ15+AN15+AR15+AV15 -> 1270.58 | AZ15: =(AY15+AX15)/AW15 -> 206.51098
A16: HIMACHAL PRADESH | AT16: =0.345+0.569 -> 0.914 | AU16: 37.707 | AV16: 1760.3 | AW16: =B16+F16+J16+N16+R16+V16+Z16+AD16+AH16+AL16+AP16+AT16 -> 0.914 | AX16: =C16+G16+K16+O16+S16+W16+AA16+AE16+AI16+AM16+AQ16+AU16 -> 37.707 | AY16: =D16+H16+L16+P16+T16+X16+AB16+AF16+AJ16+AN16+AR16+AV16 -> 1760.3 | AZ16: =(AY16+AX16)/AW16 -> 1967.1849
A17: JAMMU & KASHMIR | B17: 0.00035 | C17: 0.0002 | F17: 0.004 | H17: 25 | J17: 0.0005 | L17: 10.25 | N17: 0.002 | P17: 5 | R17: =0.03+0.0075 -> 0.0375 | T17: =62+7.6 -> 69.6 | V17: 0.0005 | W17: 1e-05 | Z17: =0.015+0.716 -> 0.731 | AA17: =0.31+0.017 -> 0.327 | AH17: 0.019 | AJ17: 33.15 | AL17: =0.0002+0.0003 -> 0.0005 | AM17: =0.00003 -> 3e-05 | AN17: 0.8 | AP17: 0.018 | AR17: 45.1 | AT17: =0.001+0.02+0.0015+0.011+0.002+0.005+0.00005 -> 0.04055 | AU17: =0.06+0.015 -> 0.075 | AV17: =3+3+22+5.15+0.045 -> 33.195 | AW17: =B17+F17+J17+N17+R17+V17+Z17+AD17+AH17+AL17+AP17+AT17 -> 0.8539 | AX17: =C17+G17+K17+O17+S17+W17+AA17+AE17+AI17+AM17+AQ17+AU17 -> 0.40224 | AY17: =D17+H17+L17+P17+T17+X17+AB17+AF17+AJ17+AN17+AR17+AV17 -> 222.095 | AZ17: =(AY17+AX17)/AW17 -> 260.56592
A18: JHARKHAND | AT18: 1.6 | AU18: 22.026 | AV18: 1711 | AW18: =B18+F18+J18+N18+R18+V18+Z18+AD18+AH18+AL18+AP18+AT18 -> 1.6 | AX18: =C18+G18+K18+O18+S18+W18+AA18+AE18+AI18+AM18+AQ18+AU18 -> 22.026 | AY18: =D18+H18+L18+P18+T18+X18+AB18+AF18+AJ18+AN18+AR18+AV18 -> 1711 | AZ18: =(AY18+AX18)/AW18 -> 1083.1412
A19: KARNATAKA | D19: 7.3 | H19: 114.7 | J19: 5.4 | K19: 66.5 | P19: 104.2 | R19: 0.2 | T19: 654.4 | V19: 4.8 | W19: 29.3 | Z19: 8.5 | AA19: 74 | AF19: 0.1 | AH19: 2.8 | AJ19: 7132 | AL19: =1.8+0.3 -> 2.1 | AN19: =16.1+1413 -> 1429.1 | AT19: 5.9 | AU19: 37.7 | AW19: =B19+F19+J19+N19+R19+V19+Z19+AD19+AH19+AL19+AP19+AT19 -> 29.7 | AX19: =C19+G19+K19+O19+S19+W19+AA19+AE19+AI19+AM19+AQ19+AU19 -> 207.5 | AY19: =D19+H19+L19+P19+T19+X19+AB19+AF19+AJ19+AN19+AR19+AV19 -> 9441.8 | AZ19: =(AY19+AX19)/AW19 -> 324.89226
A20: KERALA | AW20: =B20+F20+J20+N20+R20+V20+Z20+AD20+AH20+AL20+AP20+AT20 -> 0 | AX20: =C20+G20+K20+O20+S20+W20+AA20+AE20+AI20+AM20+AQ20+AU20 -> 0 | AY20: =D20+H20+L20+P20+T20+X20+AB20+AF20+AJ20+AN20+AR20+AV20 -> 0 | AZ20: =(AY20+AX20)/AW20 -> #DIV/0!
A21: LAKSHADWEEP | AW21: =B21+F21+J21+N21+R21+V21+Z21+AD21+AH21+AL21+AP21+AT21 -> 0 | AX21: =C21+G21+K21+O21+S21+W21+AA21+AE21+AI21+AM21+AQ21+AU21 -> 0 | AY21: =D21+H21+L21+P21+T21+X21+AB21+AF21+AJ21+AN21+AR21+AV21 -> 0 | AZ21: =(AY21+AX21)/AW21 -> #DIV/0!
A22: MADHYA PRADESH | AT22: 16.515 | AU22: 193 | AW22: =B22+F22+J22+N22+R22+V22+Z22+AD22+AH22+AL22+AP22+AT22 -> 16.515 | AX22: =C22+G22+K22+O22+S22+W22+AA22+AE22+AI22+AM22+AQ22+AU22 -> 193 | AY22: =D22+H22+L22+P22+T22+X22+AB22+AF22+AJ22+AN22+AR22+AV22 -> 0 | AZ22: =(AY22+AX22)/AW22 -> 11.686346
A23: MAHARASHTRA | J23: 3 | K23: 12 | R23: 1 | S23: 7 | V23: 2 | W23: 4 | Z23: 7 | AA23: 65 | AH23: 6 | AI23: 13 | AL23: 1 | AM23: 6 | AT23: 2 | AU23: 12 | AV23: 7914 | AW23: =B23+F23+J23+N23+R23+V23+Z23+AD23+AH23+AL23+AP23+AT23 -> 22 | AX23: =C23+G23+K23+O23+S23+W23+AA23+AE23+AI23+AM23+AQ23+AU23 -> 119 | AY23: =D23+H23+L23+P23+T23+X23+AB23+AF23+AJ23+AN23+AR23+AV23 -> 7914 | AZ23: =(AY23+AX23)/AW23 -> 365.13636
A24: MANIPUR | AW24: =B24+F24+J24+N24+R24+V24+Z24+AD24+AH24+AL24+AP24+AT24 -> 0 | AX24: =C24+G24+K24+O24+S24+W24+AA24+AE24+AI24+AM24+AQ24+AU24 -> 0 | AY24: =D24+H24+L24+P24+T24+X24+AB24+AF24+AJ24+AN24+AR24+AV24 -> 0 | AZ24: =(AY24+AX24)/AW24 -> #DIV/0!
A25: MEGHALAYA | AW25: =B25+F25+J25+N25+R25+V25+Z25+AD25+AH25+AL25+AP25+AT25 -> 0 | AX25: =C25+G25+K25+O25+S25+W25+AA25+AE25+AI25+AM25+AQ25+AU25 -> 0 | AY25: =D25+H25+L25+P25+T25+X25+AB25+AF25+AJ25+AN25+AR25+AV25 -> 0 | AZ25: =(AY25+AX25)/AW25 -> #DIV/0!
A26: MIZORAM | B26: 0.051 | D26: 141.27 | N26: 0.023 | P26: 32.2 | AD26: 0.012 | AF26: 0.077 | AH26: 0.01 | AJ26: 45.8 | AT26: 0.067 | AU26: 166.83 | AV26: 385.87 | AW26: =B26+F26+J26+N26+R26+V26+Z26+AD26+AH26+AL26+AP26+AT26 -> 0.163 | AX26: =C26+G26+K26+O26+S26+W26+AA26+AE26+AI26+AM26+AQ26+AU26 -> 166.83 | AY26: =D26+H26+L26+P26+T26+X26+AB26+AF26+AJ26+AN26+AR26+AV26 -> 605.217 | AZ26: =(AY26+AX26)/AW26 -> 4736.4847
A27: NAGALAND | B27: 0.00292 | D27: 51.2 | N27: 0.0004 | P27: 0.396 | AH27: 0.00182 | AJ27: 16.113 | AT27: =0.00188+0.00112 -> 0.003 | AV27: =11.28+17.67 -> 28.95 | AW27: =B27+F27+J27+N27+R27+V27+Z27+AD27+AH27+AL27+AP27+AT27 -> 0.00814 | AX27: =C27+G27+K27+O27+S27+W27+AA27+AE27+AI27+AM27+AQ27+AU27 -> 0 | AY27: =D27+H27+L27+P27+T27+X27+AB27+AF27+AJ27+AN27+AR27+AV27 -> 96.659 | AZ27: =(AY27+AX27)/AW27 -> 11874.57
A28: ODISHA | R28: 2.37 | T28: 2350 | Z28: 2.69 | AA28: 24.707 | AH28: 1.91 | AJ28: 3690 | AL28: 0.55 | AM28: 1.455 | AW28: =B28+F28+J28+N28+R28+V28+Z28+AD28+AH28+AL28+AP28+AT28 -> 7.52 | AX28: =C28+G28+K28+O28+S28+W28+AA28+AE28+AI28+AM28+AQ28+AU28 -> 26.162 | AY28: =D28+H28+L28+P28+T28+X28+AB28+AF28+AJ28+AN28+AR28+AV28 -> 6040 | AZ28: =(AY28+AX28)/AW28 -> 806.67048
A29: PUDUCHERRY | V29: 0.013 | W29: 0.061 | Z29: 0.046 | AA29: 0.298 | AH29: 0.002 | AI29: 0.005 | AL29: 0.006 | AM29: 0.026 | AT29: 0.009 | AU29: 0.037 | AW29: =B29+F29+J29+N29+R29+V29+Z29+AD29+AH29+AL29+AP29+AT29 -> 0.076 | AX29: =C29+G29+K29+O29+S29+W29+AA29+AE29+AI29+AM29+AQ29+AU29 -> 0.427 | AY29: =D29+H29+L29+P29+T29+X29+AB29+AF29+AJ29+AN29+AR29+AV29 -> 0 | AZ29: =(AY29+AX29)/AW29 -> 5.6184211
A30: PUNJAB | AT30: =1.34+0.77 -> 2.11 | AU30: =10.38+0.07 -> 10.45 | AW30: =B30+F30+J30+N30+R30+V30+Z30+AD30+AH30+AL30+AP30+AT30 -> 2.11 | AX30: =C30+G30+K30+O30+S30+W30+AA30+AE30+AI30+AM30+AQ30+AU30 -> 10.45 | AY30: =D30+H30+L30+P30+T30+X30+AB30+AF30+AJ30+AN30+AR30+AV30 -> 0 | AZ30: =(AY30+AX30)/AW30 -> 4.9526066
A31: RAJASTHAN | AT31: 3.434 | AU31: 3.719 | AW31: =B31+F31+J31+N31+R31+V31+Z31+AD31+AH31+AL31+AP31+AT31 -> 3.434 | AX31: =C31+G31+K31+O31+S31+W31+AA31+AE31+AI31+AM31+AQ31+AU31 -> 3.719 | AY31: =D31+H31+L31+P31+T31+X31+AB31+AF31+AJ31+AN31+AR31+AV31 -> 0 | AZ31: =(AY31+AX31)/AW31 -> 1.0829936
A32: SIKKIM | B32: 0.009 | D32: 4.5 | F32: 0.007 | H32: 9 | N32: 0.03 | P32: 17 | R32: 0.029 | T32: 65 | AH32: 0.023 | AJ32: 23 | AT32: =0.035+0.015+0.018+0.039+0.017 -> 0.124 | AU32: 26.5 | AV32: =30+14.5+18.5+32.6 -> 95.6 | AW32: =B32+F32+J32+N32+R32+V32+Z32+AD32+AH32+AL32+AP32+AT32 -> 0.222 | AX32: =C32+G32+K32+O32+S32+W32+AA32+AE32+AI32+AM32+AQ32+AU32 -> 26.5 | AY32: =D32+H32+L32+P32+T32+X32+AB32+AF32+AJ32+AN32+AR32+AV32 -> 214.1 | AZ32: =(AY32+AX32)/AW32 -> 1083.7838
A33: TAMIL NADU | AT33: 28.71 | AU33: 312.97 | AV33: 1168 | AW33: =B33+F33+J33+N33+R33+V33+Z33+AD33+AH33+AL33+AP33+AT33 -> 28.71 | AX33: =C33+G33+K33+O33+S33+W33+AA33+AE33+AI33+AM33+AQ33+AU33 -> 312.97 | AY33: =D33+H33+L33+P33+T33+X33+AB33+AF33+AJ33+AN33+AR33+AV33 -> 1168 | AZ33: =(AY33+AX33)/AW33 -> 51.583769
A34: TRIPURA | AW34: =B34+F34+J34+N34+R34+V34+Z34+AD34+AH34+AL34+AP34+AT34 -> 0 | AX34: =C34+G34+K34+O34+S34+W34+AA34+AE34+AI34+AM34+AQ34+AU34 -> 0 | AY34: =D34+H34+L34+P34+T34+X34+AB34+AF34+AJ34+AN34+AR34+AV34 -> 0 | AZ34: =(AY34+AX34)/AW34 -> #DIV/0!
A35: UTTAR PRADESH | R35: 3.092 | T35: 3092 | Z35: 3.576 | AA35: 7.152 | AH35: =7.704+1.816 -> 9.52 | AI35: 24.342 | AJ35: 1816 | AW35: =B35+F35+J35+N35+R35+V35+Z35+AD35+AH35+AL35+AP35+AT35 -> 16.188 | AX35: =C35+G35+K35+O35+S35+W35+AA35+AE35+AI35+AM35+AQ35+AU35 -> 31.494 | AY35: =D35+H35+L35+P35+T35+X35+AB35+AF35+AJ35+AN35+AR35+AV35 -> 4908 | AZ35: =(AY35+AX35)/AW35 -> 305.13306
A36: UTTARAKHAND | AT36: =0.607+0.954 -> 1.561 | AU36: 1.824 | AV36: 3633 | AW36: =B36+F36+J36+N36+R36+V36+Z36+AD36+AH36+AL36+AP36+AT36 -> 1.561 | AX36: =C36+G36+K36+O36+S36+W36+AA36+AE36+AI36+AM36+AQ36+AU36 -> 1.824 | AY36: =D36+H36+L36+P36+T36+X36+AB36+AF36+AJ36+AN36+AR36+AV36 -> 3633 | AZ36: =(AY36+AX36)/AW36 -> 2328.5227
A37: WEST BENGAL | AT37: =10.045+14.365 -> 24.41 | AU37: 65.143 | AV37: 25429.1 | AW37: =B37+F37+J37+N37+R37+V37+Z37+AD37+AH37+AL37+AP37+AT37 -> 24.41 | AX37: =C37+G37+K37+O37+S37+W37+AA37+AE37+AI37+AM37+AQ37+AU37 -> 65.143 | AY37: =D37+H37+L37+P37+T37+X37+AB37+AF37+AJ37+AN37+AR37+AV37 -> 25429.1 | AZ37: =(AY37+AX37)/AW37 -> 1044.418
AZ38: =(AY38+AX38)/AW38 -> #DIV/0!
A39: TOTAL | B39: =SUM(B4:B38) -> 0.06787 | C39: =SUM(C4:C38) -> 0.0002 | D39: =SUM(D4:D38) -> 320.27 | E39: =(D39+C39)/B39 -> 4718.8773 | F39: =SUM(F4:F38) -> 0.011 | G39: =SUM(G4:G38) -> 0 | H39: =SUM(H4:H38) -> 148.7 | I39: =(H39+G39)/F39 -> 13518.182 | J39: =SUM(J4:J38) -> 18.3575 | K39: =SUM(K4:K38) -> 175.61 | L39: =SUM(L4:L38) -> 30.58 | M39: =(L39+K39)/J39 -> 11.231922 | N39: =SUM(N4:N38) -> 0.0634 | O39: =SUM(O4:O38) -> 0 | P39: =SUM(P4:P38) -> 249.196 | Q39: =(P39+O39)/N39 -> 3930.5363 | R39: =SUM(R4:R38) -> 9.3675 | S39: =SUM(S4:S38) -> 12.18 | T39: =SUM(T4:T38) -> 7067.95 | U39: =(T39+S39)/R39 -> 755.81852 | V39: =SUM(V4:V38) -> 10.3495 | W39: =SUM(W4:W38) -> 50.89401 | X39: =SUM(X4:X38) -> 0 | Y39: =(X39+W39)/V39 -> 4.9175332 | Z39: =SUM(Z4:Z38) -> 42.875 | AA39: =SUM(AA4:AA38) -> 360.2058 | AB39: =SUM(AB4:AB38) -> 0 | AC39: =(AB39+AA39)/Z39 -> 8.4013015 | AD39: =SUM(AD4:AD38) -> 0.012 | AE39: =SUM(AE4:AE38) -> 0 | AF39: =SUM(AF4:AF38) -> 0.177 | AG39: =(AF39+AE39)/AD39 -> 14.75 | AH39: =SUM(AH4:AH38) -> 28.13032 | AI39: =SUM(AI4:AI38) -> 75.657 | AJ39: =SUM(AJ4:AJ38) -> 19902.763 | AK39: =(AJ39+AI39)/AH39 -> 710.20948 | AL39: =SUM(AL4:AL38) -> 7.9525 | AM39: =SUM(AM4:AM38) -> 27.70503 | AN39: =SUM(AN4:AN38) -> 1560.7 | AO39: =(AN39+AM39)/AL39 -> 199.73656 | AP39: =SUM(AP4:AP38) -> 0.018 | AQ39: =SUM(AQ4:AQ38) -> 0 | AR39: =SUM(AR4:AR38) -> 45.1 | AS39: =(AR39+AQ39)/AP39 -> 2505.5556 | AT39: =SUM(AT4:AT38) -> 115.53955 | AU39: =SUM(AU4:AU38) -> 1026.96 | AV39: =SUM(AV4:AV38) -> 47406.415 | AW39: =SUM(AW4:AW38) -> 232.74414 | AX39: =SUM(AX4:AX38) -> 1729.212 | AY39: =SUM(AY4:AY38) -> 76731.851 | AZ39: =(AY39+AX39)/AW39 -> 337.11295
A40: Note : Area in '000 Ha | E40: =(D39+C39)/B39 -> 4718.8773 | L40: =L39+K39 -> 206.19 | T40: =T39+S39 -> 7080.13 | AJ40: =AJ39+AI39 -> 19978.42 | AN40: =AN39+AM39 -> 1588.405 | AY40: =AY39+AX39 -> 78461.063
A41: * Cut flowers in Lakh Nos.
A42: * Data recieved during 2012-13(3rd est.) repeated due to non availability of flowers breakup.

Sheet 13-14
A1: STATES/UTs | B1: ANTHURIUM | F1: CARNATION | J1: CHRYSANTHEMUM | N1: GERBERA | R1: GLADIOLUS | V1: JASMINE | Z1: MARIGOLD | AD1: ORCHIDS | AH1: ROSE | AL1: TUBE ROSE | AP1: TULIP | AT1: OTHERS | AX1: TOTAL FLOWERS
B2: A | C2: P | D2: P | F2: A | G2: P | H2: P | J2: A | K2: P | L2: P | N2: A | O2: P | P2: P | R2: A | S2: P | T2: P | V2: A | W2: P | X2: P | Z2: A | AA2: P | AB2: P | AD2: A | AE2: P | AF2: P | AH2: A | AI2: P | AJ2: P | AL2: A | AM2: P | AN2: P | AP2: A | AQ2: P | AR2: P | AT2: A | AU2: P | AV2: P | AX2: A | AY2: P
C3: LOOSE | D3: CUT | G3: LOOSE | H3: CUT | K3: LOOSE | L3: CUT | O3: LOOSE | P3: CUT | S3: LOOSE | T3: CUT | W3: LOOSE | X3: CUT | AA3: LOOSE | AB3: CUT | AE3: LOOSE | AF3: CUT | AI3: LOOSE | AJ3: CUT | AM3: LOOSE | AN3: CUT | AQ3: LOOSE | AR3: CUT | AU3: LOOSE | AV3: CUT | AY3: LOOSE | AZ3: CUT
A4: ANDAMAN NICOBAR | V4: 0.01 | W4: 0.02 | Z4: 0.03 | AA4: 0.09 | AH4: 0.01 | AI4: 0.02 | AT4: 0.08 | AU4: 0.16 | AX4: =B4+F4+J4+N4+R4+V4+Z4+AD4+AH4+AL4+AP4+AT4 -> 0.13 | AY4: =C4+G4+K4+O4+S4+W4+AA4+AE4+AI4+AM4+AQ4+AU4 -> 0.29 | AZ4: =D4+H4+L4+P4+T4+X4+AB4+AF4+AJ4+AN4+AR4+AV4 -> 0 | BA4: =(AZ4+AY4)/AX4 -> 2.2307692
A5: ANDHRA PRADESH | J5: 6.135 | K5: 70.553 | V5: 2.435 | W5: 12.175 | Z5: 3.285 | AA5: 24.638 | AH5: 1.3 | AJ5: 30 | AL5: 2.313 | AM5: 13.878 | AT5: 4.905 | AU5: 15.023 | AX5: =B5+F5+J5+N5+R5+V5+Z5+AD5+AH5+AL5+AP5+AT5 -> 20.373 | AY5: =C5+G5+K5+O5+S5+W5+AA5+AE5+AI5+AM5+AQ5+AU5 -> 136.267 | AZ5: =D5+H5+L5+P5+T5+X5+AB5+AF5+AJ5+AN5+AR5+AV5 -> 30 | BA5: =(AZ5+AY5)/AX5 -> 8.1611447
A6: ARUNACHAL PRADESH | B6: 0.0046 | D6: 0.64444444 | N6: 0.004 | P6: 0.50285714 | Z6: 0.01 | AA6: 0.0098 | AH6: 0.0045 | AJ6: 0.71538462 | AX6: =B6+F6+J6+N6+R6+V6+Z6+AD6+AH6+AL6+AP6+AT6 -> 0.0231 | AY6: =C6+G6+K6+O6+S6+W6+AA6+AE6+AI6+AM6+AQ6+AU6 -> 0.0098 | AZ6: =D6+H6+L6+P6+T6+X6+AB6+AF6+AJ6+AN6+AR6+AV6 -> 1.8626862 | BA6: =(AZ6+AY6)/AX6 -> 81.060009
A7: ASSAM | B7: 0.06 | C7: 0.396 | D7: 0.56666667 | F7: 0.09 | G7: 0.594 | H7: 0.72857143 | J7: 0.12 | K7: 0.792 | L7: 1.1333333 | N7: 0.6 | O7: 3.96 | P7: 5.8285714 | R7: 0.21 | S7: 1.386 | T7: 4.4625 | V7: 0.18 | W7: 1.188 | X7: 1.7 | Z7: 0.45 | AA7: 2.97 | AB7: 4.25 | AD7: 0.36 | AE7: 2.476 | AF7: 4.7076923 | AH7: 0.3 | AI7: 1.98 | AJ7: 3.9230769 | AT7: 0.63 | AU7: 4.258 | AV7: 5.3944444 | AX7: =B7+F7+J7+N7+R7+V7+Z7+AD7+AH7+AL7+AP7+AT7 -> 3 | AY7: =C7+G7+K7+O7+S7+W7+AA7+AE7+AI7+AM7+AQ7+AU7 -> 20 | AZ7: =D7+H7+L7+P7+T7+X7+AB7+AF7+AJ7+AN7+AR7+AV7 -> 32.694857 | BA7: =(AZ7+AY7)/AX7 -> 17.564952
A8: BIHAR | R8: 0.08 | T8: 2.05375 | V8: 0.113 | W8: 0.317 | Z8: 0.314 | AA8: 5.603 | AH8: 0.073 | AI8: 0.098 | AJ8: 0.68976923 | AL8: 0.11 | AM8: 0.535 | AT8: 0.132 | AU8: 1.08 | AX8: =B8+F8+J8+N8+R8+V8+Z8+AD8+AH8+AL8+AP8+AT8 -> 0.822 | AY8: =C8+G8+K8+O8+S8+W8+AA8+AE8+AI8+AM8+AQ8+AU8 -> 7.633 | AZ8: =D8+H8+L8+P8+T8+X8+AB8+AF8+AJ8+AN8+AR8+AV8 -> 2.7435192 | BA8: =(AZ8+AY8)/AX8 -> 12.623503
A9: CHHATTISGARH | J9: 0.28 | K9: 1 | L9: 0 | R9: 1.67 | S9: 5.77 | V9: 0.04 | W9: 0.09 | Z9: 3.66 | AA9: 26.16 | AH9: 0.96 | AI9: 2.57 | AL9: 1.41 | AM9: 5.54 | AT9: =0.16+1.95 -> 2.11 | AU9: =0.87+3.73 -> 4.6 | AX9: =B9+F9+J9+N9+R9+V9+Z9+AD9+AH9+AL9+AP9+AT9 -> 10.13 | AY9: =C9+G9+K9+O9+S9+W9+AA9+AE9+AI9+AM9+AQ9+AU9 -> 45.73 | AZ9: =D9+H9+L9+P9+T9+X9+AB9+AF9+AJ9+AN9+AR9+AV9 -> 0 | BA9: =(AZ9+AY9)/AX9 -> 4.5143139
A10: D & N HAVELI | AX10: =B10+F10+J10+N10+R10+V10+Z10+AD10+AH10+AL10+AP10+AT10 -> 0 | AY10: =C10+G10+K10+O10+S10+W10+AA10+AE10+AI10+AM10+AQ10+AU10 -> 0 | AZ10: =D10+H10+L10+P10+T10+X10+AB10+AF10+AJ10+AN10+AR10+AV10 -> 0 | BA10: =(AZ10+AY10)/AX10 -> #DIV/0!
A11: DAMAN & DIU | AX11: =B11+F11+J11+N11+R11+V11+Z11+AD11+AH11+AL11+AP11+AT11 -> 0 | AY11: =C11+G11+K11+O11+S11+W11+AA11+AE11+AI11+AM11+AQ11+AU11 -> 0 | AZ11: =D11+H11+L11+P11+T11+X11+AB11+AF11+AJ11+AN11+AR11+AV11 -> 0 | BA11: =(AZ11+AY11)/AX11 -> #DIV/0!
A12: DELHI | AT12: 5.5 | AU12: 5.7 | AV12: 5.7666667 | AX12: =B12+F12+J12+N12+R12+V12+Z12+AD12+AH12+AL12+AP12+AT12 -> 5.5 | AY12: =C12+G12+K12+O12+S12+W12+AA12+AE12+AI12+AM12+AQ12+AU12 -> 5.7 | AZ12: =D12+H12+L12+P12+T12+X12+AB12+AF12+AJ12+AN12+AR12+AV12 -> 5.7666667 | BA12: =(AZ12+AY12)/AX12 -> 2.0848485
A13: GOA | B13: 0.0002 | D13: 0.0033333333 | J13: 0.0002 | L13: 0.0027777778 | N13: 0.0008 | P13: 0.092 | V13: 0.0001 | W13: 0.003 | Z13: 0.003 | AA13: 0.017 | AD13: 0.0001 | AF13: 0.0023076923 | AL13: 0.0001 | AM13: 0.001 | AT13: 0.002 | AU13: 0.002 | AX13: =B13+F13+J13+N13+R13+V13+Z13+AD13+AH13+AL13+AP13+AT13 -> 0.0065 | AY13: =C13+G13+K13+O13+S13+W13+AA13+AE13+AI13+AM13+AQ13+AU13 -> 0.023 | AZ13: =D13+H13+L13+P13+T13+X13+AB13+AF13+AJ13+AN13+AR13+AV13 -> 0.1004188 | BA13: =(AZ13+AY13)/AX13 -> 18.987508
A14: GUJARAT | Z14: 7.22 | AA14: 68.93 | AH14: 4.12 | AI14: 37.36 | AT14: 5.96 | AU14: 57.31 | AX14: =B14+F14+J14+N14+R14+V14+Z14+AD14+AH14+AL14+AP14+AT14 -> 17.3 | AY14: =C14+G14+K14+O14+S14+W14+AA14+AE14+AI14+AM14+AQ14+AU14 -> 163.6 | AZ14: =D14+H14+L14+P14+T14+X14+AB14+AF14+AJ14+AN14+AR14+AV14 -> 0 | BA14: =(AZ14+AY14)/AX14 -> 9.4566474
A15: HARYANA | J15: 0.06 | K15: 0.06 | L15: 0.65333333 | N15: 0.01 | P15: 0.028857143 | R15: 0.37 | T15: 6.25625 | Z15: 5.69 | AA15: 64.62 | AH15: 0.17 | AI15: 0.64 | AJ15: 2.583 | AL15: 0.1 | AN15: 0.76944444 | AT15: =0.01+0.07 -> 0.08 | AU15: 0.13 | AV15: 0.96433333 | AX15: =B15+F15+J15+N15+R15+V15+Z15+AD15+AH15+AL15+AP15+AT15 -> 6.48 | AY15: =C15+G15+K15+O15+S15+W15+AA15+AE15+AI15+AM15+AQ15+AU15 -> 65.45 | AZ15: =D15+H15+L15+P15+T15+X15+AB15+AF15+AJ15+AN15+AR15+AV15 -> 11.255218 | BA15: =(AZ15+AY15)/AX15 -> 11.837225
A16: HIMACHAL PRADESH | F16: 0.059 | H16: 2.7460238 | J16: =0.086+0.205 -> 0.291 | K16: 8.218 | L16: 3.8017778 | N16: 0.006 | P16: 0.39085714 | R16: 0.122 | T16: 2.8953625 | Z16: 0.226 | AA16: 19.921 | AH16: 0.035 | AJ16: 1.9828462 | AT16: 0.084 | AU16: 0.0003 | AV16: 0.54125 | AX16: =B16+F16+J16+N16+R16+V16+Z16+AD16+AH16+AL16+AP16+AT16 -> 0.823 | AY16: =C16+G16+K16+O16+S16+W16+AA16+AE16+AI16+AM16+AQ16+AU16 -> 28.1393 | AZ16: =D16+H16+L16+P16+T16+X16+AB16+AF16+AJ16+AN16+AR16+AV16 -> 12.358117 | BA16: =(AZ16+AY16)/AX16 -> 49.207069
A17: JAMMU & KASHMIR | F17: 0.004 | H17: 0.13945238 | J17: 0.005 | K17: 0.000467 | L17: 0.055555556 | N17: =0.00264+0.00005 -> 0.00269 | P17: 0.10158857 | R17: =0.00465+0.031 -> 0.03565 | T17: 0.808125 | Z17: =0.60778+0.016 -> 0.62378 | AA17: =0.31+0.01458 -> 0.32458 | AH17: 0.01925 | AI17: 0.0167 | AJ17: 0.25692308 | AL17: =0.0013+0.00005 -> 0.00135 | AN17: 0.02295 | AP17: 0.018 | AR17: 0.25055556 | AT17: =0.006+0.002+0.011+0.003+0.022+0.001+0.00015 -> 0.04515 | AU17: =0.018+0.0605+0.00015 -> 0.07865 | AV17: 0.1837 | AX17: =B17+F17+J17+N17+R17+V17+Z17+AD17+AH17+AL17+AP17+AT17 -> 0.75487 | AY17: =C17+G17+K17+O17+S17+W17+AA17+AE17+AI17+AM17+AQ17+AU17 -> 0.420397 | AZ17: =D17+H17+L17+P17+T17+X17+AB17+AF17+AJ17+AN17+AR17+AV17 -> 1.8188501 | BA17: =(AZ17+AY17)/AX17 -> 2.966401
A18: JHARKHAND | AT18: 1.6 | AU18: 22.026 | AV18: 9.5055556 | AX18: =B18+F18+J18+N18+R18+V18+Z18+AD18+AH18+AL18+AP18+AT18 -> 1.6 | AY18: =C18+G18+K18+O18+S18+W18+AA18+AE18+AI18+AM18+AQ18+AU18 -> 22.026 | AZ18: =D18+H18+L18+P18+T18+X18+AB18+AF18+AJ18+AN18+AR18+AV18 -> 9.5055556 | BA18: =(AZ18+AY18)/AX18 -> 19.707222
A19: KARNATAKA | D19: 0.15555556 | H19: 0.69142857 | J19: 4.7 | K19: 61 | L19: 0 | P19: 0.58171429 | R19: 0.2 | T19: 6.38875 | V19: 6.6 | W19: 43.6 | Z19: 9.1 | AA19: 74.9 | AF19: 0.040769231 | AH19: 2.7 | AJ19: 50.56 | AL19: 2 | AN19: 13.109444 | AT19: 5.3 | AU19: 32 | AX19: =B19+F19+J19+N19+R19+V19+Z19+AD19+AH19+AL19+AP19+AT19 -> 30.6 | AY19: =C19+G19+K19+O19+S19+W19+AA19+AE19+AI19+AM19+AQ19+AU19 -> 211.5 | AZ19: =D19+H19+L19+P19+T19+X19+AB19+AF19+AJ19+AN19+AR19+AV19 -> 71.527662 | BA19: =(AZ19+AY19)/AX19 -> 9.24927
A20: KERALA | AX20: =B20+F20+J20+N20+R20+V20+Z20+AD20+AH20+AL20+AP20+AT20 -> 0 | AY20: =C20+G20+K20+O20+S20+W20+AA20+AE20+AI20+AM20+AQ20+AU20 -> 0 | AZ20: =D20+H20+L20+P20+T20+X20+AB20+AF20+AJ20+AN20+AR20+AV20 -> 0 | BA20: =(AZ20+AY20)/AX20 -> #DIV/0!
A21: LAKSHADWEEP | AX21: =B21+F21+J21+N21+R21+V21+Z21+AD21+AH21+AL21+AP21+AT21 -> 0 | AY21: =C21+G21+K21+O21+S21+W21+AA21+AE21+AI21+AM21+AQ21+AU21 -> 0 | AZ21: =D21+H21+L21+P21+T21+X21+AB21+AF21+AJ21+AN21+AR21+AV21 -> 0 | BA21: =(AZ21+AY21)/AX21 -> #DIV/0!
A22: MADHYA PRADESH | J22: 0.8 | K22: 10.496 | L22: 0 | R22: 1.96 | S22: 38.004 | Z22: 7.755 | AA22: 85.072 | AH22: 2.381 | AI22: 13.262 | AL22: 0.263 | AM22: 0.999 | AT22: 3.905 | AU22: 52.561 | AX22: =B22+F22+J22+N22+R22+V22+Z22+AD22+AH22+AL22+AP22+AT22 -> 17.064 | AY22: =C22+G22+K22+O22+S22+W22+AA22+AE22+AI22+AM22+AQ22+AU22 -> 200.394 | AZ22: =D22+H22+L22+P22+T22+X22+AB22+AF22+AJ22+AN22+AR22+AV22 -> 0 | BA22: =(AZ22+AY22)/AX22 -> 11.743671
A23: MAHARASHTRA | J23: 3 | K23: 13.05 | R23: 1 | S23: 5 | V23: 2 | W23: 3.5 | Z23: 8 | AA23: 70 | AH23: 6 | AI23: 15 | AL23: 1 | AM23: 6.1 | AT23: 2 | AU23: 10 | AV23: 43.966667 | AX23: =B23+F23+J23+N23+R23+V23+Z23+AD23+AH23+AL23+AP23+AT23 -> 23 | AY23: =C23+G23+K23+O23+S23+W23+AA23+AE23+AI23+AM23+AQ23+AU23 -> 122.65 | AZ23: =D23+H23+L23+P23+T23+X23+AB23+AF23+AJ23+AN23+AR23+AV23 -> 43.966667 | BA23: =(AZ23+AY23)/AX23 -> 7.2442029
A24: MANIPUR | AT24: 0.76 | AU24: 0.282 | AV24: 0.0097777778 | AX24: =B24+F24+J24+N24+R24+V24+Z24+AD24+AH24+AL24+AP24+AT24 -> 0.76 | AY24: =C24+G24+K24+O24+S24+W24+AA24+AE24+AI24+AM24+AQ24+AU24 -> 0.282 | AZ24: =D24+H24+L24+P24+T24+X24+AB24+AF24+AJ24+AN24+AR24+AV24 -> 0.0097777778 | BA24: =(AZ24+AY24)/AX24 -> 0.38391813
A25: MEGHALAYA | B25: 0.021 | D25: 0.70277778 | F25: 0.003 | H25: 0.29619048 | J25: 0.003 | L25: 0.070833333 | N25: 0.013 | P25: 0.83285714 | AD25: 0.012 | AF25: 0.46884615 | AX25: =B25+F25+J25+N25+R25+V25+Z25+AD25+AH25+AL25+AP25+AT25 -> 0.052 | AY25: =C25+G25+K25+O25+S25+W25+AA25+AE25+AI25+AM25+AQ25+AU25 -> 0 | AZ25: =D25+H25+L25+P25+T25+X25+AB25+AF25+AJ25+AN25+AR25+AV25 -> 2.3715049 | BA25: =(AZ25+AY25)/AX25 -> 45.605863
A26: MIZORAM | B26: 0.036 | D26: 0.46344444 | F26: 0.025 | H26: 0.11 | N26: 0.023 | P26: 0.18514286 | AD26: 0.02 | AF26: 0.0060769231 | AH26: 0.02 | AJ26: 0.46230769 | AT26: =0.071+0.003 -> 0.074 | AU26: =0.1+171.47 -> 171.57 | AX26: =B26+F26+J26+N26+R26+V26+Z26+AD26+AH26+AL26+AP26+AT26 -> 0.198 | AY26: =C26+G26+K26+O26+S26+W26+AA26+AE26+AI26+AM26+AQ26+AU26 -> 171.57 | AZ26: =D26+H26+L26+P26+T26+X26+AB26+AF26+AJ26+AN26+AR26+AV26 -> 1.2269719 | BA26: =(AZ26+AY26)/AX26 -> 872.71198
A27: NAGALAND | B27: 0.00248 | D27: 0.013777778 | N27: 0.00098 | P27: 0.0504 | AD27: 0.00054 | AF27: 0.0099692308 | AH27: 0.00202 | AJ27: 0.15538462 | AT27: =0.00216+0.0015 -> 0.00366 | AV27: 0.13033333 | AX27: =B27+F27+J27+N27+R27+V27+Z27+AD27+AH27+AL27+AP27+AT27 -> 0.00968 | AY27: =C27+G27+K27+O27+S27+W27+AA27+AE27+AI27+AM27+AQ27+AU27 -> 0 | AZ27: =D27+H27+L27+P27+T27+X27+AB27+AF27+AJ27+AN27+AR27+AV27 -> 0.35986496 | BA27: =(AZ27+AY27)/AX27 -> 37.176132
A28: ODISHA | D28: 0 | R28: 2.37 | T28: 29.375 | Z28: 2.68 | AA28: 24.58 | AH28: 1.87 | AJ28: 27.538462 | AL28: 0.51 | AM28: 12.82 | AT28: 0.01 | AV28: 0.48611111 | AX28: =B28+F28+J28+N28+R28+V28+Z28+AD28+AH28+AL28+AP28+AT28 -> 7.44 | AY28: =C28+G28+K28+O28+S28+W28+AA28+AE28+AI28+AM28+AQ28+AU28 -> 37.4 | AZ28: =D28+H28+L28+P28+T28+X28+AB28+AF28+AJ28+AN28+AR28+AV28 -> 57.399573 | BA28: =(AZ28+AY28)/AX28 -> 12.741878
A29: PUDUCHERRY | V29: 0.03 | W29: 0.122 | Z29: 0.085 | AA29: 0.72 | AH29: 0.0005 | AI29: 0.266 | AL29: 0.006 | AM29: 0.004 | AT29: 0.019 | AU29: 0.085 | AX29: =B29+F29+J29+N29+R29+V29+Z29+AD29+AH29+AL29+AP29+AT29 -> 0.1405 | AY29: =C29+G29+K29+O29+S29+W29+AA29+AE29+AI29+AM29+AQ29+AU29 -> 1.197 | AZ29: =D29+H29+L29+P29+T29+X29+AB29+AF29+AJ29+AN29+AR29+AV29 -> 0 | BA29: =(AZ29+AY29)/AX29 -> 8.519573
A30: PUNJAB | AT30: 1.351 | AU30: 10.463 | AX30: =B30+F30+J30+N30+R30+V30+Z30+AD30+AH30+AL30+AP30+AT30 -> 1.351 | AY30: =C30+G30+K30+O30+S30+W30+AA30+AE30+AI30+AM30+AQ30+AU30 -> 10.463 | AZ30: =D30+H30+L30+P30+T30+X30+AB30+AF30+AJ30+AN30+AR30+AV30 -> 0 | BA30: =(AZ30+AY30)/AX30 -> 7.7446336
A31: RAJASTHAN | AT31: 2.53 | AU31: 2.73 | AX31: =B31+F31+J31+N31+R31+V31+Z31+AD31+AH31+AL31+AP31+AT31 -> 2.53 | AY31: =C31+G31+K31+O31+S31+W31+AA31+AE31+AI31+AM31+AQ31+AU31 -> 2.73 | AZ31: =D31+H31+L31+P31+T31+X31+AB31+AF31+AJ31+AN31+AR31+AV31 -> 0 | BA31: =(AZ31+AY31)/AX31 -> 1.0790514
A32: SIKKIM | B32: 0.01 | D32: 0.027222222 | F32: 0.008 | H32: 0.043809524 | N32: 0.032 | P32: 0.10571429 | R32: 0.032 | T32: 0.8375 | Z32: 0.015 | AA32: 16 | AD32: 0.037 | AF32: 0.24615385 | AH32: 0.025 | AJ32: 0.18461538 | AT32: =0.016+0.04+0.018+0.003 -> 0.077 | AV32: 0.435 | AX32: =B32+F32+J32+N32+R32+V32+Z32+AD32+AH32+AL32+AP32+AT32 -> 0.236 | AY32: =C32+G32+K32+O32+S32+W32+AA32+AE32+AI32+AM32+AQ32+AU32 -> 16 | AZ32: =D32+H32+L32+P32+T32+X32+AB32+AF32+AJ32+AN32+AR32+AV32 -> 1.8800153 | BA32: =(AZ32+AY32)/AX32 -> 75.762777
A33: TAMIL NADU | AT33: 55.03 | AU33: 343.65 | AV33: =2317.304/180 -> 12.873911 | AX33: =B33+F33+J33+N33+R33+V33+Z33+AD33+AH33+AL33+AP33+AT33 -> 55.03 | AY33: =C33+G33+K33+O33+S33+W33+AA33+AE33+AI33+AM33+AQ33+AU33 -> 343.65 | AZ33: =D33+H33+L33+P33+T33+X33+AB33+AF33+AJ33+AN33+AR33+AV33 -> 12.873911 | BA33: =(AZ33+AY33)/AX33 -> 6.4787191
A34: TELANGANA | J34: 1.235 | K34: 14.203 | N34: 0.057 | P34: 1.9428571 | V34: 0.843 | W34: 4.215 | Z34: 2.458 | AA34: 18.435 | AH34: 1.078 | AJ34: 33.169231 | AL34: 0.027 | AM34: 0.02 | AT34: 1.191 | AU34: 3.811 | AX34: =B34+F34+J34+N34+R34+V34+Z34+AD34+AH34+AL34+AP34+AT34 -> 6.889 | AY34: =C34+G34+K34+O34+S34+W34+AA34+AE34+AI34+AM34+AQ34+AU34 -> 40.684 | AZ34: =D34+H34+L34+P34+T34+X34+AB34+AF34+AJ34+AN34+AR34+AV34 -> 35.112088 | BA34: =(AZ34+AY34)/AX34 -> 11.00248
A35: TRIPURA | AX35: =B35+F35+J35+N35+R35+V35+Z35+AD35+AH35+AL35+AP35+AT35 -> 0 | AY35: =C35+G35+K35+O35+S35+W35+AA35+AE35+AI35+AM35+AQ35+AU35 -> 0 | AZ35: =D35+H35+L35+P35+T35+X35+AB35+AF35+AJ35+AN35+AR35+AV35 -> 0 | BA35: =(AZ35+AY35)/AX35 -> #DIV/0!
A36: UTTAR PRADESH | R36: 3.185 | T36: 39.8125 | Z36: 3.683 | AA36: 7.366 | AH36: 9.71 | AI36: 24.793 | AJ36: 14.246154 | AX36: =B36+F36+J36+N36+R36+V36+Z36+AD36+AH36+AL36+AP36+AT36 -> 16.578 | AY36: =C36+G36+K36+O36+S36+W36+AA36+AE36+AI36+AM36+AQ36+AU36 -> 32.159 | AZ36: =D36+H36+L36+P36+T36+X36+AB36+AF36+AJ36+AN36+AR36+AV36 -> 54.058654 | BA36: =(AZ36+AY36)/AX36 -> 5.2007271
A37: UTTARAKHAND | F37: 0.02338 | H37: =261.89/210 -> 1.2470952 | N37: 0.072 | P37: 7.2004 | R37: 0.434 | S37: 0.538 | Z37: 0.603 | AA37: 0.955 | AH37: 0.096 | AI37: 0.087 | AL37: 0.027 | AM37: 0.32 | AT37: =0.088+0.008 -> 0.096 | AU37: =0.112+0.012 -> 0.124 | AX37: =B37+F37+J37+N37+R37+V37+Z37+AD37+AH37+AL37+AP37+AT37 -> 1.35138 | AY37: =C37+G37+K37+O37+S37+W37+AA37+AE37+AI37+AM37+AQ37+AU37 -> 2.024 | AZ37: =D37+H37+L37+P37+T37+X37+AB37+AF37+AJ37+AN37+AR37+AV37 -> 8.4474952 | BA37: =(AZ37+AY37)/AX37 -> 7.7487422
A38: WEST BENGAL | AT38: 24.85 | AU38: 66.5 | AV38: 145.19444 | AX38: =B38+F38+J38+N38+R38+V38+Z38+AD38+AH38+AL38+AP38+AT38 -> 24.85 | AY38: =C38+G38+K38+O38+S38+W38+AA38+AE38+AI38+AM38+AQ38+AU38 -> 66.5 | AZ38: =D38+H38+L38+P38+T38+X38+AB38+AF38+AJ38+AN38+AR38+AV38 -> 145.19444 | BA38: =(AZ38+AY38)/AX38 -> 8.5188911
BA39: =(AZ39+AY39)/AX39 -> #DIV/0!
A40: TOTAL | B40: =SUM(B4:B39) -> 0.13428 | C40: =SUM(C4:C39) -> 0.396 | D40: =SUM(D4:D39) -> 2.5772222 | E40: =(D40+C40)/B40 -> 22.141959 | F40: =SUM(F4:F39) -> 0.21238 | G40: =SUM(G4:G39) -> 0.594 | H40: =SUM(H4:H39) -> 6.0025714 | I40: =(H40+G40)/F40 -> 31.060229 | J40: =SUM(J4:J39) -> 16.6292 | K40: =SUM(K4:K39) -> 179.37247 | L40: =SUM(L4:L39) -> 5.7176111 | M40: =(L40+K40)/J40 -> 11.130426 | N40: =SUM(N4:N39) -> 0.82147 | O40: =SUM(O4:O39) -> 3.96 | P40: =SUM(P4:P39) -> 17.843817 | R40: =SUM(R4:R39) -> 11.66865 | S40: =SUM(S4:S39) -> 50.698 | T40: =SUM(T4:T39) -> 92.889737 | V40: =SUM(V4:V39) -> 12.2511 | W40: =SUM(W4:W39) -> 65.23 | X40: =SUM(X4:X39) -> 1.7 | Z40: =SUM(Z4:Z39) -> 55.89078 | AA40: =SUM(AA4:AA39) -> 511.31138 | AB40: =SUM(AB4:AB39) -> 4.25 | AD40: =SUM(AD4:AD39) -> 0.42964 | AE40: =SUM(AE4:AE39) -> 2.476 | AF40: =SUM(AF4:AF39) -> 5.4818154 | AH40: =SUM(AH4:AH39) -> 30.87427 | AI40: =SUM(AI4:AI39) -> 96.0927 | AJ40: =SUM(AJ4:AJ39) -> 166.46715 | AL40: =SUM(AL4:AL39) -> 7.76745 | AM40: =SUM(AM4:AM39) -> 40.217 | AN40: =SUM(AN4:AN39) -> 13.901839 | AP40: =SUM(AP4:AP39) -> 0.018 | AQ40: =SUM(AQ4:AQ39) -> 0 | AR40: =SUM(AR4:AR39) -> 0.25055556 | AT40: =SUM(AT4:AT39) -> 118.32481 | AU40: =SUM(AU4:AU39) -> 804.14395 | AV40: =SUM(AV4:AV39) -> 225.45219 | AX40: =SUM(AX4:AX39) -> 255.02203 | AY40: =SUM(AY4:AY39) -> 1754.4915 | AZ40: =SUM(AZ4:AZ39) -> 542.53452 | BA40: =(AZ40+AY40)/AX40 -> 9.007167
A41: Note : Area in '000 Ha | Q41: =(P40+O40)/N40 -> 26.542439 | U41: =(T40+S40)/R40 -> 12.305428 | Y41: =(X40+W40)/V40 -> 5.4631829 | AC41: =(AB40+AA40)/Z40 -> 9.2244442 | AE41: =(AD40+AC40)/AB40 -> 0.10109176 | AG41: =(AF40+AE40)/AD40 -> 18.522054 | AI41: =(AH40+AG40)/AF40 -> 5.6321251 | AK41: =(AJ40+AI40)/AH40 -> 8.5041639 | AO41: =(AN40+AM40)/AL40 -> 6.9673881 | AS41: =(AR40+AQ40)/AP40 -> 13.919753
A42: Production in '000 MT

Sheet 14-15
B1: Area | C1: Production | F1: Area | G1: Production | J1: Area | K1: Production | N1: Area | O1: Production | R1: Area | S1: Production | V1: Area | W1: Production | Z1: Area | AA1: Production | AD1: Area | AE1: Production | AH1: Area | AI1: Production | AL1: Area | AM1: Production | AP1: Area | AQ1: Production | AT1: Area | AU1: Production | AX1: Area | AY1: Production
C2: Loose | D2: Cut | G2: Loose | H2: Cut | K2: Loose | L2: Cut | O2: Loose | S2: Loose | T2: Cut | W2: Loose | X2: Cut | AA2: Loose | AB2: Cut | AE2: Loose | AF2: Cut | AI2: Loose | AJ2: Cut | AM2: Loose | AN2: Cut | AQ2: Loose | AR2: Cut | AU2: Loose | AV2: Cut | AY2: Loose | AZ2: Cut
A3: ANDAMAN NICOBAR | V3: 0.011 | W3: 0.014 | Z3: 0.036 | AA3: 0.053 | AH3: 0.012 | AI3: 0.01 | AT3: 0.125 | AU3: 0.112 | AX3: =B3+F3+J3+N3+R3+V3+Z3+AD3+AH3+AL3+AP3+AT3 -> 0.184 | AY3: =C3+G3+K3+O3+S3+W3+AA3+AE3+AI3+AM3+AQ3+AU3 -> 0.189 | AZ3: =D3+H3+L3+P3+T3+X3+AB3+AF3+AJ3+AN3+AR3+AV3 -> 0 | BA3: =(AZ3+AY3)/AX3 -> 1.0271739
A4: ANDHRA PRADESH | J4: 2.224 | K4: 20.263 | V4: 2.459 | W4: 13.219 | Z4: 5.05 | AA4: 39.474 | AH4: 0.516 | AJ4: =21.2076923076923/130 -> 0.16313609 | AL4: 1.034 | AM4: 11.18 | AT4: 3.104 | AU4: 19.183 | AX4: =B4+F4+J4+N4+R4+V4+Z4+AD4+AH4+AL4+AP4+AT4 -> 14.387 | AY4: =C4+G4+K4+O4+S4+W4+AA4+AE4+AI4+AM4+AQ4+AU4 -> 103.319 | AZ4: =D4+H4+L4+P4+T4+X4+AB4+AF4+AJ4+AN4+AR4+AV4 -> 0.16313609 | BA4: =(AZ4+AY4)/AX4 -> 7.1927529
A5: ARUNACHAL PRADESH | B5: 0.0046 | D5: =0.644444444444444/180 -> 0.0035802469 | N5: 0.004 | P5: =0.502857142857143/175 -> 0.0028734694 | Z5: 0.01 | AA5: 0.0098 | AH5: 0.0045 | AJ5: =0.715384615384615/130 -> 0.0055029586 | AX5: =B5+F5+J5+N5+R5+V5+Z5+AD5+AH5+AL5+AP5+AT5 -> 0.0231 | AY5: =C5+G5+K5+O5+S5+W5+AA5+AE5+AI5+AM5+AQ5+AU5 -> 0.0098 | AZ5: =D5+H5+L5+P5+T5+X5+AB5+AF5+AJ5+AN5+AR5+AV5 -> 0.011956675 | BA5: =(AZ5+AY5)/AX5 -> 0.9418474
A6: ASSAM | B6: 0.063 | C6: 0.416 | D6: =0.622222222222222/180 -> 0.0034567901 | F6: 0.093 | G6: 0.614 | H6: =0.728571428571429/210 -> 0.0034693878 | J6: 0.123 | K6: 0.812 | L6: =1.16111111111111/180 -> 0.0064506173 | N6: 0.606 | O6: 4 | P6: =5.85714285714286/175 -> 0.033469388 | R6: 0.21 | S6: 1.386 | T6: =4.525/80 -> 0.0565625 | V6: 0.183 | W6: 1.208 | X6: =1.72777777777778/180 -> 0.0095987654 | Z6: 0.453 | AA6: 2.99 | AB6: =4.27777777777778/180 -> 0.023765432 | AD6: 0.363 | AE6: 2.496 | AF6: =4.74615384615385/130 -> 0.036508876 | AH6: 0.306 | AI6: 2.02 | AJ6: =3.96153846153846/130 -> 0.030473373 | AL6: 0.5 | AM6: 2.6 | AN6: =0.0069/180 -> 3.8333333e-05 | AT6: 0.63 | AU6: 4.258 | AV6: =5.42222222222222/180 -> 0.030123457 | AX6: =B6+F6+J6+N6+R6+V6+Z6+AD6+AH6+AL6+AP6+AT6 -> 3.53 | AY6: =C6+G6+K6+O6+S6+W6+AA6+AE6+AI6+AM6+AQ6+AU6 -> 22.8 | AZ6: =D6+H6+L6+P6+T6+X6+AB6+AF6+AJ6+AN6+AR6+AV6 -> 0.23391692 | BA6: =(AZ6+AY6)/AX6 -> 6.5251889
A7: BIHAR | R7: 0.085 | T7: =2.0665/80 -> 0.02583125 | V7: 0.113 | W7: 0.317 | Z7: 0.865 | AA7: 11.576 | AH7: 0.1 | AI7: 0.112 | AJ7: =0.697038461538461/130 -> 0.0053618343 | AL7: 0.132 | AM7: 0.596 | AT7: 0.132 | AU7: 1.08 | AX7: =B7+F7+J7+N7+R7+V7+Z7+AD7+AH7+AL7+AP7+AT7 -> 1.427 | AY7: =C7+G7+K7+O7+S7+W7+AA7+AE7+AI7+AM7+AQ7+AU7 -> 13.681 | AZ7: =D7+H7+L7+P7+T7+X7+AB7+AF7+AJ7+AN7+AR7+AV7 -> 0.031193084 | BA7: =(AZ7+AY7)/AX7 -> 9.6091052
A8: CHHATTISGARH | J8: 0.284 | K8: 1.038 | R8: 1.791 | S8: 5.994 | V8: 0.044 | W8: 0.088 | Z8: 4.007 | AA8: 29.27 | AH8: 1.05 | AI8: 2.904 | AL8: 1.498 | AM8: 5.901 | AT8: 2.287 | AU8: 4.834 | AX8: =B8+F8+J8+N8+R8+V8+Z8+AD8+AH8+AL8+AP8+AT8 -> 10.961 | AY8: =C8+G8+K8+O8+S8+W8+AA8+AE8+AI8+AM8+AQ8+AU8 -> 50.029 | AZ8: =D8+H8+L8+P8+T8+X8+AB8+AF8+AJ8+AN8+AR8+AV8 -> 0 | BA8: =(AZ8+AY8)/AX8 -> 4.5642733
A9: D & N HAVELI | AX9: =B9+F9+J9+N9+R9+V9+Z9+AD9+AH9+AL9+AP9+AT9 -> 0 | AY9: =C9+G9+K9+O9+S9+W9+AA9+AE9+AI9+AM9+AQ9+AU9 -> 0 | AZ9: =D9+H9+L9+P9+T9+X9+AB9+AF9+AJ9+AN9+AR9+AV9 -> 0 | BA9: =(AZ9+AY9)/AX9 -> #DIV/0!
A10: DAMAN & DIU | Z10: 0.002 | AA10: 0.016 | AH10: 0.002 | AI10: 0.014 | AX10: =B10+F10+J10+N10+R10+V10+Z10+AD10+AH10+AL10+AP10+AT10 -> 0.004 | AY10: =C10+G10+K10+O10+S10+W10+AA10+AE10+AI10+AM10+AQ10+AU10 -> 0.03 | AZ10: =D10+H10+L10+P10+T10+X10+AB10+AF10+AJ10+AN10+AR10+AV10 -> 0 | BA10: =(AZ10+AY10)/AX10 -> 7.5
A11: DELHI | AX11: =B11+F11+J11+N11+R11+V11+Z11+AD11+AH11+AL11+AP11+AT11 -> 0 | AY11: =C11+G11+K11+O11+S11+W11+AA11+AE11+AI11+AM11+AQ11+AU11 -> 0 | AZ11: =D11+H11+L11+P11+T11+X11+AB11+AF11+AJ11+AN11+AR11+AV11 -> 0 | BA11: =(AZ11+AY11)/AX11 -> #DIV/0!
A12: GOA | B12: 0.003 | D12: =0.00555555555555556/180 -> 3.0864198e-05 | N12: 0.001 | P12: =0.114285714285714/175 -> 0.00065306122 | W12: 0.006 | Z12: 0.004 | AA12: 0.022 | AD12: 0.001 | AM12: 0.002 | AT12: 0.003 | AU12: 0.003 | AX12: =B12+F12+J12+N12+R12+V12+Z12+AD12+AH12+AL12+AP12+AT12 -> 0.012 | AY12: =C12+G12+K12+O12+S12+W12+AA12+AE12+AI12+AM12+AQ12+AU12 -> 0.033 | AZ12: =D12+H12+L12+P12+T12+X12+AB12+AF12+AJ12+AN12+AR12+AV12 -> 0.00068392542 | BA12: =(AZ12+AY12)/AX12 -> 2.8069938
A13: GUJARAT | Z13: 7.22 | AA13: 68.93 | AH13: 4.12 | AI13: 37.36 | AT13: 5.96 | AU13: 57.31 | AX13: =B13+F13+J13+N13+R13+V13+Z13+AD13+AH13+AL13+AP13+AT13 -> 17.3 | AY13: =C13+G13+K13+O13+S13+W13+AA13+AE13+AI13+AM13+AQ13+AU13 -> 163.6 | AZ13: =D13+H13+L13+P13+T13+X13+AB13+AF13+AJ13+AN13+AR13+AV13 -> 0 | BA13: =(AZ13+AY13)/AX13 -> 9.4566474
A14: HARYANA | J14: 0.03 | K14: 0.04 | L14: =0.133333333333333/180 -> 0.00074074074 | N14: 0.02 | P14: =0.137142857142857/175 -> 0.00078367347 | R14: 0.21 | T14: =2.4/80 -> 0.03 | Z14: 5.38 | AA14: 62.34 | AH14: 0.24 | AI14: 0.46 | AJ14: =1.67692307692308/130 -> 0.012899408 | AL14: 0.09 | AT14: 0.1 | AU14: 0.01 | AV14: =0.572222222222222/180 -> 0.0031790123 | AX14: =B14+F14+J14+N14+R14+V14+Z14+AD14+AH14+AL14+AP14+AT14 -> 6.07 | AY14: =C14+G14+K14+O14+S14+W14+AA14+AE14+AI14+AM14+AQ14+AU14 -> 62.85 | AZ14: =D14+H14+L14+P14+T14+X14+AB14+AF14+AJ14+AN14+AR14+AV14 -> 0.047602835 | BA14: =(AZ14+AY14)/AX14 -> 10.362043
A15: HIMACHAL PRADESH | F15: 0.052 | H15: =2.39047619047619/210 -> 0.01138322 | J15: 0.295 | K15: 7.6 | L15: =4.65/180 -> 0.025833333 | N15: 0.006 | P15: =0.434285714285714/175 -> 0.0024816327 | R15: 0.083 | T15: =1.9625/80 -> 0.02453125 | Z15: 0.223 | AA15: 19.605 | AH15: 0.036 | AT15: 0.107 | AV15: =2.11666666666667/180 -> 0.011759259 | AX15: =B15+F15+J15+N15+R15+V15+Z15+AD15+AH15+AL15+AP15+AT15 -> 0.802 | AY15: =C15+G15+K15+O15+S15+W15+AA15+AE15+AI15+AM15+AQ15+AU15 -> 27.205 | AZ15: =D15+H15+L15+P15+T15+X15+AB15+AF15+AJ15+AN15+AR15+AV15 -> 0.075988695 | BA15: =(AZ15+AY15)/AX15 -> 34.016195
A16: JAMMU & KASHMIR | F16: 0.004 | J16: 0.004 | K16: 0.001 | N16: 0.003 | R16: 0.034 | Z16: 0.331 | AA16: 0.263 | AH16: 0.019 | AI16: 0.015 | AL16: 0.001 | AP16: 0.018 | AT16: 0.045 | AU16: 0.067 | AX16: =B16+F16+J16+N16+R16+V16+Z16+AD16+AH16+AL16+AP16+AT16 -> 0.459 | AY16: =C16+G16+K16+O16+S16+W16+AA16+AE16+AI16+AM16+AQ16+AU16 -> 0.346 | AZ16: =D16+H16+L16+P16+T16+X16+AB16+AF16+AJ16+AN16+AR16+AV16 -> 0 | BA16: =(AZ16+AY16)/AX16 -> 0.75381264
A17: JHARKHAND | D17: 0 | P17: 0 | AT17: 1.6 | AU17: 22.026 | AV17: =52.8111111111111/180 -> 0.29339506 | AX17: =B17+F17+J17+N17+R17+V17+Z17+AD17+AH17+AL17+AP17+AT17 -> 1.6 | AY17: =C17+G17+K17+O17+S17+W17+AA17+AE17+AI17+AM17+AQ17+AU17 -> 22.026 | AZ17: =D17+H17+L17+P17+T17+X17+AB17+AF17+AJ17+AN17+AR17+AV17 -> 0.29339506 | BA17: =(AZ17+AY17)/AX17 -> 13.949622
A18: KARNATAKA | D18: =0.0555555555555556/180 -> 0.00030864198 | H18: =0.380952380952381/210 -> 0.001814059 | J18: 5.1 | K18: 61.2 | P18: =2.02285714285714/175 -> 0.011559184 | R18: 0.2 | T18: =5.3625/80 -> 0.06703125 | V18: 6.3 | W18: 38.6 | Z18: 9.4 | AA18: 77.2 | AH18: 3 | AJ18: =57.0230769230769/130 -> 0.43863905 | AL18: 2.1 | AM18: 14.7 | AN18: =5.92777777777778/180 -> 0.032932099 | AT18: 4.8 | AU18: 28.3 | AX18: =B18+F18+J18+N18+R18+V18+Z18+AD18+AH18+AL18+AP18+AT18 -> 30.9 | AY18: =C18+G18+K18+O18+S18+W18+AA18+AE18+AI18+AM18+AQ18+AU18 -> 220 | AZ18: =D18+H18+L18+P18+T18+X18+AB18+AF18+AJ18+AN18+AR18+AV18 -> 0.55228429 | BA18: =(AZ18+AY18)/AX18 -> 7.1376144
A19: KERALA | AT19: =0.1363+13.2385 -> 13.3748 | AU19: 0.05246 | AV19: =5915.51824/180 -> 32.86399 | AX19: =B19+F19+J19+N19+R19+V19+Z19+AD19+AH19+AL19+AP19+AT19 -> 13.3748 | AY19: =C19+G19+K19+O19+S19+W19+AA19+AE19+AI19+AM19+AQ19+AU19 -> 0.05246 | AZ19: =D19+H19+L19+P19+T19+X19+AB19+AF19+AJ19+AN19+AR19+AV19 -> 32.86399 | BA19: =(AZ19+AY19)/AX19 -> 2.4610798
A20: LAKSHADWEEP | AX20: =B20+F20+J20+N20+R20+V20+Z20+AD20+AH20+AL20+AP20+AT20 -> 0 | AY20: =C20+G20+K20+O20+S20+W20+AA20+AE20+AI20+AM20+AQ20+AU20 -> 0 | AZ20: =D20+H20+L20+P20+T20+X20+AB20+AF20+AJ20+AN20+AR20+AV20 -> 0 | BA20: =(AZ20+AY20)/AX20 -> #DIV/0!
A21: MADHYA PRADESH | J21: 0.84 | K21: 11 | R21: 1.999 | S21: 38 | Z21: 8.143 | AA21: 89 | AH21: 2.428 | AI21: 14 | AL21: 0.274 | AM21: 1 | AT21: 4.066 | AU21: 53 | AX21: =B21+F21+J21+N21+R21+V21+Z21+AD21+AH21+AL21+AP21+AT21 -> 17.75 | AY21: =C21+G21+K21+O21+S21+W21+AA21+AE21+AI21+AM21+AQ21+AU21 -> 206 | AZ21: =D21+H21+L21+P21+T21+X21+AB21+AF21+AJ21+AN21+AR21+AV21 -> 0 | BA21: =(AZ21+AY21)/AX21 -> 11.605634
A22: MAHARASHTRA | J22: 0.47 | K22: 1.54 | N22: 0.01 | R22: 0.43 | S22: 1.94 | V22: 0.12 | W22: 0.53 | Z22: 3.76 | AA22: 23.82 | AH22: 1.21 | AI22: 6.99 | AL22: 0.45 | AM22: 2.18 | AT22: 0.8 | AU22: 1.53 | AX22: =B22+F22+J22+N22+R22+V22+Z22+AD22+AH22+AL22+AP22+AT22 -> 7.25 | AY22: =C22+G22+K22+O22+S22+W22+AA22+AE22+AI22+AM22+AQ22+AU22 -> 38.53 | AZ22: =D22+H22+L22+P22+T22+X22+AB22+AF22+AJ22+AN22+AR22+AV22 -> 0 | BA22: =(AZ22+AY22)/AX22 -> 5.3144828
A23: MANIPUR | F23: 0.016 | N23: 0.03 | R23: 0.008 | Z23: 0.24 | AA23: 0.128 | AD23: 0.029 | AH23: 0.049 | AI23: 0.015 | AL23: 0.018 | AT23: 0.42 | AU23: 0.158 | AX23: =B23+F23+J23+N23+R23+V23+Z23+AD23+AH23+AL23+AP23+AT23 -> 0.81 | AY23: =C23+G23+K23+O23+S23+W23+AA23+AE23+AI23+AM23+AQ23+AU23 -> 0.301 | AZ23: =D23+H23+L23+P23+T23+X23+AB23+AF23+AJ23+AN23+AR23+AV23 -> 0 | BA23: =(AZ23+AY23)/AX23 -> 0.37160494
A24: MEGHALAYA | B24: 0.022 | D24: =0.722222222222222/180 -> 0.0040123457 | F24: 0.004 | H24: =0.380952380952381/210 -> 0.001814059 | J24: 0.004 | L24: =0.0888888888888889/180 -> 0.00049382716 | N24: 0.014 | P24: =0.914285714285714/175 -> 0.0052244898 | AD24: 0.013 | AF24: =0.5/130 -> 0.0038461538 | AX24: =B24+F24+J24+N24+R24+V24+Z24+AD24+AH24+AL24+AP24+AT24 -> 0.057 | AY24: =C24+G24+K24+O24+S24+W24+AA24+AE24+AI24+AM24+AQ24+AU24 -> 0 | AZ24: =D24+H24+L24+P24+T24+X24+AB24+AF24+AJ24+AN24+AR24+AV24 -> 0.015390875 | BA24: =(AZ24+AY24)/AX24 -> 0.27001536
A25: MIZORAM | B25: 0.01 | D25: =0.836111111111111/180 -> 0.0046450617 | F25: 0.025 | H25: =0.11/210 -> 0.00052380952 | N25: 0.027 | P25: =0.172571428571429/175 -> 0.00098612245 | R25: 0.013 | T25: =0.005625/80 -> 7.03125e-05 | AD25: 0.02 | AF25: =0.00807692307692308/130 -> 6.2130178e-05 | AH25: 0.024 | AJ25: =0.693307692307692/130 -> 0.0053331361 | AT25: 0.079 | AU25: 180 | AX25: =B25+F25+J25+N25+R25+V25+Z25+AD25+AH25+AL25+AP25+AT25 -> 0.198 | AY25: =D25+G25+K25+O25+T25+W25+AA25+AF25+AJ25+AM25+AQ25+AU25 -> 180.01011 | AZ25: =D25+H25+L25+P25+T25+X25+AB25+AF25+AJ25+AN25+AR25+AV25 -> 0.011620572 | BA25: =(AZ25+AY25)/AX25 -> 909.20066
A26: NAGALAND | B26: 0.003 | N26: 0.001 | AD26: 0.001 | AH26: 0.002 | AT26: 0.004 | AX26: =B26+F26+J26+N26+R26+V26+Z26+AD26+AH26+AL26+AP26+AT26 -> 0.011 | AY26: =C26+G26+K26+O26+S26+W26+AA26+AE26+AI26+AM26+AQ26+AU26 -> 0 | AZ26: =D26+H26+L26+P26+T26+X26+AB26+AF26+AJ26+AN26+AR26+AV26 -> 0 | BA26: =(AZ26+AY26)/AX26 -> 0
A27: ODISHA | N27: 0.008 | P27: =0.001/175 -> 5.7142857e-06 | R27: 2.37 | T27: =2358.78/80 -> 29.48475 | Z27: 2.74 | AA27: 24.58 | AH27: 1.87 | AJ27: =3597.64/130 -> 27.674154 | AL27: 0.51 | AM27: 1.28 | AX27: =B27+F27+J27+N27+R27+V27+Z27+AD27+AH27+AL27+AP27+AT27 -> 7.498 | AY27: =C27+G27+K27+O27+S27+W27+AA27+AE27+AI27+AM27+AQ27+AU27 -> 25.86 | AZ27: =D27+H27+L27+P27+T27+X27+AB27+AF27+AJ27+AN27+AR27+AV27 -> 57.15891 | BA27: =(AZ27+AY27)/AX27 -> 11.072141
A28: PUDUCHERRY | V28: 0.03 | W28: 0.305 | Z28: 0.118 | AA28: 1.062 | AH28: 0.006 | AI28: 0.003 | AL28: 0.004 | AM28: 0.024 | AT28: 0.017 | AU28: 0.094 | AX28: =B28+F28+J28+N28+R28+V28+Z28+AD28+AH28+AL28+AP28+AT28 -> 0.175 | AY28: =C28+G28+K28+O28+S28+W28+AA28+AE28+AI28+AM28+AQ28+AU28 -> 1.488 | AZ28: =D28+H28+L28+P28+T28+X28+AB28+AF28+AJ28+AN28+AR28+AV28 -> 0 | BA28: =(AZ28+AY28)/AX28 -> 8.5028571
A29: PUNJAB | AT29: 1.374 | AU29: 10.654 | AX29: =B29+F29+J29+N29+R29+V29+Z29+AD29+AH29+AL29+AP29+AT29 -> 1.374 | AY29: =C29+G29+K29+O29+S29+W29+AA29+AE29+AI29+AM29+AQ29+AU29 -> 10.654 | AZ29: =D29+H29+L29+P29+T29+X29+AB29+AF29+AJ29+AN29+AR29+AV29 -> 0 | BA29: =(AZ29+AY29)/AX29 -> 7.7540029
A30: RAJASTHAN | AT30: 2.71 | AU30: 2.91 | AX30: =B30+F30+J30+N30+R30+V30+Z30+AD30+AH30+AL30+AP30+AT30 -> 2.71 | AY30: =C30+G30+K30+O30+S30+W30+AA30+AE30+AI30+AM30+AQ30+AU30 -> 2.91 | AZ30: =D30+H30+L30+P30+T30+X30+AB30+AF30+AJ30+AN30+AR30+AV30 -> 0 | BA30: =(AZ30+AY30)/AX30 -> 1.0738007
A31: SIKKIM | B31: 0.011 | D31: =0.0277777777777778/180 -> 0.00015432099 | F31: 0.007 | H31: =0.0428571428571429/210 -> 0.00020408163 | N31: 0.031 | P31: =0.108571428571429/175 -> 0.00062040816 | R31: 0.034 | T31: =0.875/80 -> 0.0109375 | Z31: 0.017 | AA31: 16.5 | AD31: 0.038 | AF31: =0.246153846153846/130 -> 0.0018934911 | AH31: 0.025 | AJ31: =0.184615384615385/130 -> 0.0014201183 | AT31: 0.079 | AV31: =0.438888888888889/180 -> 0.0024382716 | AX31: =B31+F31+J31+N31+R31+V31+Z31+AD31+AH31+AL31+AP31+AT31 -> 0.242 | AY31: =C31+G31+K31+O31+S31+W31+AA31+AE31+AI31+AM31+AQ31+AU31 -> 16.5 | AZ31: =D31+H31+L31+P31+T31+X31+AB31+AF31+AJ31+AN31+AR31+AV31 -> 0.017668192 | BA31: =(AZ31+AY31)/AX31 -> 68.254827
A32: TAMIL NADU | AT32: 55.03 | AU32: 343.65 | AV32: =2317.304/180 -> 12.873911 | AX32: =B32+F32+J32+N32+R32+V32+Z32+AD32+AH32+AL32+AP32+AT32 -> 55.03 | AY32: =C32+G32+K32+O32+S32+W32+AA32+AE32+AI32+AM32+AQ32+AU32 -> 343.65 | AZ32: =D32+H32+L32+P32+T32+X32+AB32+AF32+AJ32+AN32+AR32+AV32 -> 12.873911 | BA32: =(AZ32+AY32)/AX32 -> 6.4787191
A33: TELANGANA | J33: 1.328 | K33: 2.718 | N33: 0.049 | P33: =6.00571428571429/175 -> 0.034318367 | V33: 0.646 | W33: 1.844 | Z33: 2.61 | AA33: 9.627 | AH33: 0.802 | AI33: 1.002 | AL33: 0.015 | AM33: 0.072 | AT33: 2.391 | AU33: 7.131 | AX33: =B33+F33+J33+N33+R33+V33+Z33+AD33+AH33+AL33+AP33+AT33 -> 7.841 | AY33: =C33+G33+K33+O33+S33+W33+AA33+AE33+AI33+AM33+AQ33+AU33 -> 22.394 | AZ33: =D33+H33+L33+P33+T33+X33+AB33+AF33+AJ33+AN33+AR33+AV33 -> 0.034318367 | BA33: =(AZ33+AY33)/AX33 -> 2.86039
A34: TRIPURA | AX34: =B34+F34+J34+N34+R34+V34+Z34+AD34+AH34+AL34+AP34+AT34 -> 0 | AY34: =C34+G34+K34+O34+S34+W34+AA34+AE34+AI34+AM34+AQ34+AU34 -> 0 | AZ34: =D34+H34+L34+P34+T34+X34+AB34+AF34+AJ34+AN34+AR34+AV34 -> 0 | BA34: =(AZ34+AY34)/AX34 -> #DIV/0!
A35: UTTAR PRADESH | R35: 3.21 | T35: =0.0375/80 -> 0.00046875 | Z35: 3.602 | AA35: 7.204 | AH35: 10.393 | AI35: 27.112 | AJ35: =0.0153846153846154/130 -> 0.0001183432 | AX35: =B35+F35+J35+N35+R35+V35+Z35+AD35+AH35+AL35+AP35+AT35 -> 17.205 | AY35: =C35+G35+K35+O35+S35+W35+AA35+AE35+AI35+AM35+AQ35+AU35 -> 34.316 | AZ35: =D35+H35+L35+P35+T35+X35+AB35+AF35+AJ35+AN35+AR35+AV35 -> 0.0005870932 | BA35: =(AZ35+AY35)/AX35 -> 1.9945706
A36: UTTARAKHAND | F36: 0.033 | H36: =1.16666666666667/210 -> 0.0055555556 | N36: 0.091 | P36: =5.57142857142857/175 -> 0.031836735 | R36: 0.484 | T36: =7.875/80 -> 0.0984375 | Z36: 0.685 | AA36: 1.47 | AH36: 0.163 | AI36: 0.16 | AL36: 0.027 | AM36: 0.324 | AT36: 0.142 | AU36: 0.133 | AV36: =0.0722222222222222/180 -> 0.00040123457 | AX36: =B36+F36+J36+N36+R36+V36+Z36+AD36+AH36+AL36+AP36+AT36 -> 1.625 | AY36: =C36+G36+K36+O36+S36+W36+AA36+AE36+AI36+AM36+AQ36+AU36 -> 2.087 | AZ36: =D36+H36+L36+P36+T36+X36+AB36+AF36+AJ36+AN36+AR36+AV36 -> 0.13623102 | BA36: =(AZ36+AY36)/AX36 -> 1.3681422
A37: WEST BENGAL | P37: 0 | T37: 0 | AT37: 25.32 | AU37: 68.15 | AV37: =148.027777777778/180 -> 0.82237654 | AX37: =B37+F37+J37+N37+R37+V37+Z37+AD37+AH37+AL37+AP37+AT37 -> 25.32 | AY37: =C37+G37+K37+O37+S37+W37+AA37+AE37+AI37+AM37+AQ37+AU37 -> 68.15 | AZ37: =D37+H37+L37+P37+T37+X37+AB37+AF37+AJ37+AN37+AR37+AV37 -> 0.82237654 | BA37: =(AZ37+AY37)/AX37 -> 2.7240275
A38: Total | B38: =SUM(B3:B37) -> 0.1166 | C38: =SUM(C3:C37) -> 0.416 | D38: =SUM(D3:D37) -> 0.016188272 | F38: =SUM(F3:F37) -> 0.234 | G38: =SUM(G3:G37) -> 0.614 | H38: =SUM(H3:H37) -> 0.024764172 | J38: =SUM(J3:J37) -> 10.702 | K38: =SUM(K3:K37) -> 106.212 | L38: =SUM(L3:L37) -> 0.033518519 | N38: =SUM(N3:N37) -> 0.901 | O38: =SUM(O3:O37) -> 4 | P38: =SUM(P3:P37) -> 0.12481224 | R38: =SUM(R3:R37) -> 11.161 | S38: =SUM(S3:S37) -> 47.32 | T38: =SUM(T3:T37) -> 29.79862 | V38: =SUM(V3:V37) -> 9.906 | W38: =SUM(W3:W37) -> 56.131 | X38: =SUM(X3:X37) -> 0.0095987654 | Z38: =SUM(Z3:Z37) -> 54.896 | AA38: =SUM(AA3:AA37) -> 485.1398 | AB38: =SUM(AB3:AB37) -> 0.023765432 | AD38: =SUM(AD3:AD37) -> 0.465 | AE38: =SUM(AE3:AE37) -> 2.496 | AF38: =SUM(AF3:AF37) -> 0.042310651 | AH38: =SUM(AH3:AH37) -> 26.3775 | AI38: =SUM(AI3:AI37) -> 92.177 | AJ38: =SUM(AJ3:AJ37) -> 28.337038 | AL38: =SUM(AL3:AL37) -> 6.653 | AM38: =SUM(AM3:AM37) -> 39.859 | AN38: =SUM(AN3:AN37) -> 0.032970432 | AP38: =SUM(AP3:AP37) -> 0.018 | AQ38: =SUM(AQ3:AQ37) -> 0 | AR38: =SUM(AR3:AR37) -> 0 | AT38: =SUM(AT3:AT37) -> 124.6998 | AU38: =SUM(AU3:AU37) -> 804.64546 | AV38: =SUM(AV3:AV37) -> 46.901574 | AX38: =SUM(AX3:AX37) -> 246.1299 | AY38: =SUM(AY3:AY37) -> 1639.0204 | AZ38: =SUM(AZ3:AZ37) -> 105.34516 | BA38: =(AZ38+AY38)/AX38 -> 7.0871744
A39: Note: Area in '000 Ha | E39: =(D38+C38)/B38 -> 3.706589 | I39: =(H38+G38)/F38 -> 2.7297614 | M39: =(L38+K38)/J38 -> 9.9276321 | Q39: =(P38+O38)/N38 -> 4.578038 | U39: =(T38+S38)/R38 -> 6.9096515 | Y39: =(X38+W38)/V38 -> 5.6673328 | AC39: =(AB38+AA38)/Z38 -> 8.8378673 | AG39: =(AF38+AE38)/AD38 -> 5.4587326 | AK39: =(AJ38+AI38)/AH38 -> 4.5688196 | AO39: =(AN38+AM38)/AL38 -> 5.9960875 | AS39: =(AR38+AQ38)/AP38 -> 0
A40: Cut flowers in Lakh Numbers

Sheet 15-16
A1: Sl. No. | B1: State/UT | C1: ANTHURIUM | G1: CARNATION | K1: CHRYSANTHEMUM | O1: GERBERA | S1: GLADIOLUS | W1: JASMINE | AA1: MARIGOLD | AE1: ORCHIDS | AI1: ROSE | AM1: TUBE ROSE | AQ1: TULIP | AU1: OTHER FLOWERS | AX1: TOTAL
C2: A | D2: P | G2: A | H2: P | K2: A | L2: P | O2: A | P2: P | S2: A | T2: P | W2: A | X2: P | AA2: A | AB2: P | AE2: A | AF2: P | AI2: A | AJ2: P | AM2: A | AN2: P | AQ2: A | AR2: P | AU2: A | AV2: P | AX2: A | AY2: P
D3: Loose | E3: Cut | H3: Loose | I3: Cut | L3: Loose | M3: Cut | P3: Loose | Q3: Cut | T3: Loose | U3: Cut | X3: Loose | Y3: Cut | AB3: Loose | AC3: Cut | AF3: Loose | AG3: Cut | AJ3: Loose | AK3: Cut | AN3: Loose | AO3: Cut | AR3: Loose | AS3: Cut | AV3: Loose | AW3: Cut | AY3: Loose | AZ3: Cut
A4: 1 | B4: ANDHRA PRADESH | K4: 2.602 | L4: 25.542 | W4: 2.709 | X4: 15.128 | AA4: 6.966 | AB4: 66.544 | AI4: 0.477 | AJ4: 2.871 | AM4: 1.617 | AN4: 18.525 | AU4: 3.883 | AV4: 18.672 | AX4: =C4+G4+K4+O4+S4+W4+AA4+AE4+AI4+AM4+AQ4+AU4 -> 18.254 | AY4: =D4+H4+L4+P4+T4+X4+AB4+AF4+AJ4+AN4+AR4+AV4 -> 147.282 | AZ4: =E4+I4+M4+Q4+U4+Y4+AC4+AG4+AK4+AO4+AS4+AW4 -> 0 | BA4: =(AZ4+AY4)/AX4 -> 8.0684781
A5: 2 | B5: ARUNACHAL PRADESH | C5: 0.0036 | E5: =3.88/180 -> 0.021555556 | O5: 0.00355 | Q5: =3.5/175 -> 0.02 | AA5: 0.0044 | AB5: 0.004 | AI5: 0.0045 | AK5: =5.2/180 -> 0.028888889 | AU5: =0.00661+0.0003+0.0006 -> 0.00751 | AV5: =0.00459+0.002+0.0005 -> 0.00709 | AX5: =C5+G5+K5+O5+S5+W5+AA5+AE5+AI5+AM5+AQ5+AU5 -> 0.02356 | AY5: =D5+H5+L5+P5+T5+X5+AB5+AF5+AJ5+AN5+AR5+AV5 -> 0.01109 | AZ5: =E5+I5+M5+Q5+U5+Y5+AC5+AG5+AK5+AO5+AS5+AW5 -> 0.070444444 | BA5: =(AZ5+AY5)/AX5 -> 3.460715
A6: 3 | B6: ASSAM | C6: 0.125 | D6: 0.865 | E6: 1.1777778 | G6: 0.185 | H6: 1.261 | I6: 1.4952381 | K6: 0.245 | L6: 1.657 | M6: 2.3111111 | O6: 0.765 | P6: 4.993 | Q6: 7.4285714 | S6: 0.425 | T6: 2.845 | U6: 9.025 | W6: 0.265 | X6: 1.789 | Y6: 2.5 | AA6: 0.605 | AB6: 4.033 | AC6: 5.7111111 | AE6: 0.725 | AF6: 4.825 | AG6: 0.052649573 | AI6: 0.405 | AJ6: 2.713 | AK6: 5.2923077 | AM6: 0.34 | AN6: 2.288 | AO6: 3.2111111 | AU6: 0.965 | AV6: 6.409 | AW6: 8.3888889 | AX6: =C6+G6+K6+O6+S6+W6+AA6+AE6+AI6+AM6+AQ6+AU6 -> 5.05 | AY6: =D6+H6+L6+P6+T6+X6+AB6+AF6+AJ6+AN6+AR6+AV6 -> 33.678 | AZ6: =E6+I6+M6+Q6+U6+Y6+AC6+AG6+AK6+AO6+AS6+AW6 -> 46.593767 | BA6: =(AZ6+AY6)/AX6 -> 15.895399
A7: 4 | B7: BIHAR | M7: 0 | Q7: 0 | U7: 0 | Y7: 0 | AC7: 0 | AG7: 0 | AK7: 0 | AO7: 0 | AU7: =0.06677+0.5892 -> 0.65597 | AV7: 7.8775 | AW7: 0.0010045 | AX7: =C7+G7+K7+O7+S7+W7+AA7+AE7+AI7+AM7+AQ7+AU7 -> 0.65597 | AY7: =D7+H7+L7+P7+T7+X7+AB7+AF7+AJ7+AN7+AR7+AV7 -> 7.8775 | AZ7: =E7+I7+M7+Q7+U7+Y7+AC7+AG7+AK7+AO7+AS7+AW7 -> 0.0010045 | BA7: =(AZ7+AY7)/AX7 -> 12.010465
A8: 5 | B8: CHHATTISGARH | K8: 0.283 | L8: 0.878 | Q8: 0 | S8: 1.875 | U8: =2006/80 -> 25.075 | W8: 0.047 | X8: 0.078 | Y8: 0 | AA8: 4.419 | AB8: 30.502 | AC8: 0 | AG8: 0 | AI8: 0.921 | AK8: 37.9 | AM8: 1.501 | AN8: 5.407 | AO8: 0 | AU8: 2.381 | AV8: 6.331 | AW8: 0 | AX8: =C8+G8+K8+O8+S8+W8+AA8+AE8+AI8+AM8+AQ8+AU8 -> 11.427 | AY8: =D8+H8+L8+P8+T8+X8+AB8+AF8+AJ8+AN8+AR8+AV8 -> 43.196 | AZ8: =E8+I8+M8+Q8+U8+Y8+AC8+AG8+AK8+AO8+AS8+AW8 -> 62.975 | BA8: =(AZ8+AY8)/AX8 -> 9.29124
A9: 6 | B9: GUJARAT | AA9: 8.5 | AB9: 81.70494 | AI9: 4.282 | AJ9: 39.10352 | AU9: =0.826+3.666+2.224 -> 6.716 | AV9: =7.38358+36.4513+19.51688 -> 63.35176 | AX9: =C9+G9+K9+O9+S9+W9+AA9+AE9+AI9+AM9+AQ9+AU9 -> 19.498 | AY9: =D9+H9+L9+P9+T9+X9+AB9+AF9+AJ9+AN9+AR9+AV9 -> 184.16022 | AZ9: =E9+I9+M9+Q9+U9+Y9+AC9+AG9+AK9+AO9+AS9+AW9 -> 0 | BA9: =(AZ9+AY9)/AX9 -> 9.4450826
A10: 7 | B10: HARYANA | K10: 0.041 | L10: 0.05 | M10: =36/180 -> 0.2 | S10: 0.183 | U10: =245/80 -> 3.0625 | AA10: 5.502 | AB10: 61.83 | AI10: 0.191 | AJ10: 1.027 | AK10: =186/130 -> 1.4307692 | AM10: 0.035 | AO10: =57/180 -> 0.31666667 | AU10: 0.063 | AV10: 0.123 | AW10: =69/180 -> 0.38333333 | AX10: =C10+G10+K10+O10+S10+W10+AA10+AE10+AI10+AM10+AQ10+AU10 -> 6.015 | AY10: =D10+H10+L10+P10+T10+X10+AB10+AF10+AJ10+AN10+AR10+AV10 -> 63.03 | AZ10: =E10+I10+M10+Q10+U10+Y10+AC10+AG10+AK10+AO10+AS10+AW10 -> 5.3932692 | BA10: =(AZ10+AY10)/AX10 -> 11.37544
A11: 8 | B11: HIMACHAL PRADESH | G11: 0.044 | I11: =428/210 -> 2.0380952 | K11: 0.277 | L11: 7.626 | M11: =689/180 -> 3.8277778 | O11: 0.004 | Q11: =52/175 -> 0.29714286 | S11: 0.066 | U11: =125/80 -> 1.5625 | Y11: 0 | AA11: 0.179 | AB11: 15.774 | AC11: 0 | AG11: 0 | AI11: 0.036 | AK11: =267/130 -> 2.0538462 | AO11: 0 | AU11: 0.113 | AV11: 0.0005 | AW11: =119/180 -> 0.66111111 | AX11: =C11+G11+K11+O11+S11+W11+AA11+AE11+AI11+AM11+AQ11+AU11 -> 0.719 | AY11: =D11+H11+L11+P11+T11+X11+AB11+AF11+AJ11+AN11+AR11+AV11 -> 23.4005 | AZ11: =E11+I11+M11+Q11+U11+Y11+AC11+AG11+AK11+AO11+AS11+AW11 -> 10.440473 | BA11: =(AZ11+AY11)/AX11 -> 47.066722
A12: 9 | B12: JAMMU & KASHMIR | C12: 0.16 | E12: 0 | G12: 2.76 | I12: =31.86/210 -> 0.15171429 | K12: 3.78 | L12: 2.56 | M12: =2.53/180 -> 0.014055556 | O12: 0.003 | Q12: 0 | S12: 0.034 | U12: 0 | W12: 0 | Y12: =0.2/180 -> 0.0011111111 | AA12: 0.331 | AB12: 0.263 | AC12: 0 | AI12: 0.019 | AJ12: 0.015 | AM12: 0.79 | AN12: 0.01 | AO12: =3.5/180 -> 0.019444444 | AQ12: 0.018 | AS12: =18.67/180 -> 0.10372222 | AU12: =17.43+0.47+8.53+1.08+0.85+12.83 -> 41.19 | AV12: =11.04+0.06+0.44+15.02 -> 26.56 | AW12: =18.18/180 -> 0.101 | AX12: =C12+G12+K12+O12+S12+W12+AA12+AE12+AI12+AM12+AQ12+AU12 -> 49.085 | AY12: =D12+H12+L12+P12+T12+X12+AB12+AF12+AJ12+AN12+AR12+AV12 -> 29.408 | AZ12: =E12+I12+M12+Q12+U12+Y12+AC12+AG12+AK12+AO12+AS12+AW12 -> 0.39104762 | BA12: =(AZ12+AY12)/AX12 -> 0.60709071
A13: 10 | B13: JHARKHAND | I13: 0 | Q13: 0 | U13: 0 | Y13: 0 | AC13: 0 | AG13: 0 | AK13: 0 | AO13: 0 | AU13: 0.315 | AV13: 1.528 | AW13: 14.876556 | AX13: =C13+G13+K13+O13+S13+W13+AA13+AE13+AI13+AM13+AQ13+AU13 -> 0.315 | AY13: =D13+H13+L13+P13+T13+X13+AB13+AF13+AJ13+AN13+AR13+AV13 -> 1.528 | AZ13: =E13+I13+M13+Q13+U13+Y13+AC13+AG13+AK13+AO13+AS13+AW13 -> 14.876556 | BA13: =(AZ13+AY13)/AX13 -> 52.077954
A14: 11 | B14: KARNATAKA | C14: 0.013 | E14: =10/180 -> 0.055555556 | G14: 0.014 | I14: =64/210 -> 0.3047619 | K14: 5.414 | L14: 58.235 | O14: 0.096 | Q14: =414/175 -> 2.3657143 | S14: 0.229 | U14: 7.1 | W14: 5.761 | X14: 36.916 | AA14: 10.285 | AB14: 87.341 | AI14: 2.797 | AJ14: 0.595 | AK14: =6516/130 -> 50.123077 | AM14: 2.193 | AN14: 17.426 | AO14: =668/180 -> 3.7111111 | AU14: 4.873 | AV14: 29.948 | AW14: =95/180 -> 0.52777778 | AX14: =C14+G14+K14+O14+S14+W14+AA14+AE14+AI14+AM14+AQ14+AU14 -> 31.675 | AY14: =D14+H14+L14+P14+T14+X14+AB14+AF14+AJ14+AN14+AR14+AV14 -> 230.461 | AZ14: =E14+I14+M14+Q14+U14+Y14+AC14+AG14+AK14+AO14+AS14+AW14 -> 64.187998 | BA14: =(AZ14+AY14)/AX14 -> 9.3022572
A15: 12 | B15: KERALA | I15: 0 | Q15: 0 | U15: 0 | Y15: 0 | AC15: 0 | AG15: 0 | AK15: 0 | AO15: 0 | AU15: =12.7+0.18 -> 12.88 | AV15: 0.02 | AW15: =106.7/180 -> 0.59277778 | AX15: =C15+G15+K15+O15+S15+W15+AA15+AE15+AI15+AM15+AQ15+AU15 -> 12.88 | AY15: =D15+H15+L15+P15+T15+X15+AB15+AF15+AJ15+AN15+AR15+AV15 -> 0.02 | AZ15: =E15+I15+M15+Q15+U15+Y15+AC15+AG15+AK15+AO15+AS15+AW15 -> 0.59277778 | BA15: =(AZ15+AY15)/AX15 -> 0.047575914
A16: 13 | B16: MADHYA PRADESH | I16: 0 | K16: 0.882 | L16: 12 | S16: 2.019 | T16: 39 | AA16: 8.55 | AB16: 94 | AI16: 2.477 | AJ16: 14 | AM16: 0.277 | AN16: 1 | AU16: 4.21 | AV16: 56 | AX16: =C16+G16+K16+O16+S16+W16+AA16+AE16+AI16+AM16+AQ16+AU16 -> 18.415 | AY16: =D16+H16+L16+P16+T16+X16+AB16+AF16+AJ16+AN16+AR16+AV16 -> 216 | AZ16: =E16+I16+M16+Q16+U16+Y16+AC16+AG16+AK16+AO16+AS16+AW16 -> 0 | BA16: =(AZ16+AY16)/AX16 -> 11.729568
A17: 14 | B17: MAHARASHTRA | K17: 0.767 | L17: 5.048 | O17: 0.014 | P17: 0.001 | Q17: 0.66285714 | S17: 0.443 | T17: 0.307 | U17: 25.976625 | W17: 0.641 | X17: 2.457 | AA17: 6.318 | AB17: 48.289 | AI17: 1.558 | AJ17: 2.884 | AK17: =3610/130 -> 27.769231 | AM17: 0.217 | AN17: 0.397 | AO17: =982/180 -> 5.4555556 | AU17: =0.005+2.031+0.001 -> 2.037 | AV17: =12.223+0.01+0.003 -> 12.236 | AW17: =24/180 -> 0.13333333 | AX17: =C17+G17+K17+O17+S17+W17+AA17+AE17+AI17+AM17+AQ17+AU17 -> 11.995 | AY17: =D17+H17+L17+P17+T17+X17+AB17+AF17+AJ17+AN17+AR17+AV17 -> 71.619 | AZ17: =E17+I17+M17+Q17+U17+Y17+AC17+AG17+AK17+AO17+AS17+AW17 -> 59.997602 | BA17: =(AZ17+AY17)/AX17 -> 10.972622
A18: 15 | B18: MANIPUR | O18: 0.008 | Q18: =2/175 -> 0.011428571 | S18: 0.01 | U18: =8/80 -> 0.1 | AA18: 0.004 | AB18: 0.002 | AI18: 0.006 | AK18: =2/130 -> 0.015384615 | AM18: 0.007 | AN18: 0.008 | AO18: =4/180 -> 0.022222222 | AU18: 0.132 | AV18: 0.055 | AX18: =C18+G18+K18+O18+S18+W18+AA18+AE18+AI18+AM18+AQ18+AU18 -> 0.167 | AY18: =D18+H18+L18+P18+T18+X18+AB18+AF18+AJ18+AN18+AR18+AV18 -> 0.065 | AZ18: =E18+I18+M18+Q18+U18+Y18+AC18+AG18+AK18+AO18+AS18+AW18 -> 0.14903541 | BA18: =(AZ18+AY18)/AX18 -> 1.2816492
A19: 16 | B19: MEGHALAYA | C19: 0.0225 | E19: 0.73888889 | G19: 0.0045 | I19: 0.38333333 | K19: 0.0045 | M19: 0.091666667 | O19: 0.0145 | Q19: 0.91771429 | U19: 0 | Y19: 0 | AC19: 0 | AE19: 0.0135 | AG19: 0.0027991453 | AK19: 0 | AO19: 0 | AW19: 0 | AX19: =C19+G19+K19+O19+S19+W19+AA19+AE19+AI19+AM19+AQ19+AU19 -> 0.0595 | AY19: =D19+H19+L19+P19+T19+X19+AB19+AF19+AJ19+AN19+AR19+AV19 -> 0 | AZ19: =E19+I19+M19+Q19+U19+Y19+AC19+AG19+AK19+AO19+AS19+AW19 -> 2.1344023 | BA19: =(AZ19+AY19)/AX19 -> 35.872308
A20: 17 | B20: MIZORAM | C20: 0.01 | D20: 0.26209 | G20: 0.02 | H20: 0.023 | O20: 0.02 | P20: 0.03 | S20: 0.02 | T20: 0.0005 | AE20: 0.04 | AF20: 0.001 | AI20: 0.02 | AJ20: 0.09 | AU20: 0.0001 | AV20: 0.156 | AX20: =C20+G20+K20+O20+S20+W20+AA20+AE20+AI20+AM20+AQ20+AU20 -> 0.1301 | AY20: =D20+H20+L20+P20+T20+X20+AB20+AF20+AJ20+AN20+AR20+AV20 -> 0.56259 | AZ20: =E20+I20+M20+Q20+U20+Y20+AC20+AG20+AK20+AO20+AS20+AW20 -> 0 | BA20: =(AZ20+AY20)/AX20 -> 4.324289
A21: 18 | B21: NAGALAND | C21: 0.022 | E21: =10.56/180 -> 0.058666667 | I21: 0 | O21: 0.014 | Q21: 0.035851429 | U21: 0 | Y21: 0 | AC21: 0 | AE21: 0.0052 | AG21: 1.2773029e-06 | AI21: 0.00342 | AK21: 0.38107692 | AO21: 0 | AU21: =0.013878+0.006015+0.0052 -> 0.025093 | AV21: =0.142+0.745028 -> 0.887028 | AW21: 0.11766667 | AX21: =C21+G21+K21+O21+S21+W21+AA21+AE21+AI21+AM21+AQ21+AU21 -> 0.069713 | AY21: =D21+H21+L21+P21+T21+X21+AB21+AF21+AJ21+AN21+AR21+AV21 -> 0.887028 | AZ21: =E21+I21+M21+Q21+U21+Y21+AC21+AG21+AK21+AO21+AS21+AW21 -> 0.59326296 | BA21: =(AZ21+AY21)/AX21 -> 21.234073
A22: 19 | B22: ODISHA | AU22: 6.5582 | AV22: 24.78189 | AW22: =5294.88/180 -> 29.416 | AX22: =C22+G22+K22+O22+S22+W22+AA22+AE22+AI22+AM22+AQ22+AU22 -> 6.5582 | AY22: =D22+H22+L22+P22+T22+X22+AB22+AF22+AJ22+AN22+AR22+AV22 -> 24.78189 | AZ22: =E22+I22+M22+Q22+U22+Y22+AC22+AG22+AK22+AO22+AS22+AW22 -> 29.416 | BA22: =(AZ22+AY22)/AX22 -> 8.2641411
A23: 20 | B23: PUNJAB | I23: 0 | Q23: 0 | U23: 0 | Y23: 0 | AC23: 0 | AG23: 0 | AK23: 0 | AO23: 0 | AU23: 2 | AV23: 12.46 | AW23: 0 | AX23: =C23+G23+K23+O23+S23+W23+AA23+AE23+AI23+AM23+AQ23+AU23 -> 2 | AY23: =D23+H23+L23+P23+T23+X23+AB23+AF23+AJ23+AN23+AR23+AV23 -> 12.46 | AZ23: =E23+I23+M23+Q23+U23+Y23+AC23+AG23+AK23+AO23+AS23+AW23 -> 0 | BA23: =(AZ23+AY23)/AX23 -> 6.23
A24: 21 | B24: RAJASTHAN | I24: 0 | Q24: 0 | U24: 0 | Y24: 0 | AA24: 0.171 | AB24: 0.201 | AC24: 0 | AG24: 0 | AI24: 1.494 | AJ24: 2.454 | AK24: 0 | AO24: 0 | AU24: 1.666 | AV24: 3.197 | AW24: 0 | AX24: =C24+G24+K24+O24+S24+W24+AA24+AE24+AI24+AM24+AQ24+AU24 -> 3.331 | AY24: =D24+H24+L24+P24+T24+X24+AB24+AF24+AJ24+AN24+AR24+AV24 -> 5.852 | AZ24: =E24+I24+M24+Q24+U24+Y24+AC24+AG24+AK24+AO24+AS24+AW24 -> 0 | BA24: =(AZ24+AY24)/AX24 -> 1.7568298
A25: 22 | B25: SIKKIM | C25: 0.011 | E25: 0.027777778 | G25: 0.007 | I25: 0.042857143 | O25: 0.031 | Q25: 0.00062040816 | S25: 0.034 | U25: 0.0109375 | Y25: 0 | AA25: 0.017 | AB25: 16.5 | AC25: 0 | AE25: 0.038 | AG25: 1.0519395e-05 | AI25: 0.025 | AK25: 0.0014201183 | AO25: 0 | AU25: 0.079 | AW25: 0.0024382716 | AX25: =C25+G25+K25+O25+S25+W25+AA25+AE25+AI25+AM25+AQ25+AU25 -> 0.242 | AY25: =D25+H25+L25+P25+T25+X25+AB25+AF25+AJ25+AN25+AR25+AV25 -> 16.5 | AZ25: =E25+I25+M25+Q25+U25+Y25+AC25+AG25+AK25+AO25+AS25+AW25 -> 0.086061738 | BA25: =(AZ25+AY25)/AX25 -> 68.537445
A26: 23 | B26: TAMIL NADU | C26: 0.006 | E26: =2/180 -> 0.011111111 | G26: 0.028 | I26: =378/210 -> 1.8 | K26: 4.674 | L26: 70.751 | M26: =97/180 -> 0.53888889 | O26: 0.004 | Q26: =91/175 -> 0.52 | W26: 12.59 | X26: 130.07 | Y26: 8.21 | AA26: 0.916 | AB26: 18.082 | AI26: 2.021 | AJ26: 19.34 | AK26: =58/130 -> 0.44615385 | AM26: 3.562 | AN26: 62.773 | AO26: =595/180 -> 3.3055556 | AU26: =0.006+0.011+6.77 -> 6.787 | AV26: =0.059+121.364 -> 121.423 | AW26: =85/180 -> 0.47222222 | AX26: =C26+G26+K26+O26+S26+W26+AA26+AE26+AI26+AM26+AQ26+AU26 -> 30.588 | AY26: =D26+H26+L26+P26+T26+X26+AB26+AF26+AJ26+AN26+AR26+AV26 -> 422.439 | AZ26: =E26+I26+M26+Q26+U26+Y26+AC26+AG26+AK26+AO26+AS26+AW26 -> 15.303932 | BA26: =(AZ26+AY26)/AX26 -> 14.310937
A27: 24 | B27: TELANGANA | G27: 0.001 | I27: =10/210 -> 0.047619048 | K27: 0.6 | L27: 0.89 | M27: =12/180 -> 0.066666667 | O27: 0.08 | Q27: =548/175 -> 3.1314286 | S27: 0.002 | U27: =10/80 -> 0.125 | W27: 0.34 | X27: 1.12 | AA27: 2.13 | AB27: 10.65 | AI27: 0.43 | AJ27: 0.83 | AM27: 0.01 | AN27: 0.03 | AU27: 0.12 | AV27: 0.46 | AX27: =C27+G27+K27+O27+S27+W27+AA27+AE27+AI27+AM27+AQ27+AU27 -> 3.713 | AY27: =D27+H27+L27+P27+T27+X27+AB27+AF27+AJ27+AN27+AR27+AV27 -> 13.98 | AZ27: =E27+I27+M27+Q27+U27+Y27+AC27+AG27+AK27+AO27+AS27+AW27 -> 3.3707143 | BA27: =(AZ27+AY27)/AX27 -> 4.6729637
A28: 25 | B28: TRIPURA | I28: 0 | Q28: 0 | U28: 0 | Y28: 0 | AC28: 0 | AG28: 0 | AK28: 0 | AO28: 0 | AW28: 0 | AX28: =C28+G28+K28+O28+S28+W28+AA28+AE28+AI28+AM28+AQ28+AU28 -> 0 | AY28: =D28+H28+L28+P28+T28+X28+AB28+AF28+AJ28+AN28+AR28+AV28 -> 0 | AZ28: =E28+I28+M28+Q28+U28+Y28+AC28+AG28+AK28+AO28+AS28+AW28 -> 0 | BA28: =(AZ28+AY28)/AX28 -> #DIV/0!
A29: 26 | B29: UTTAR PRADESH | I29: 0 | Q29: 0 | S29: 3.21 | U29: 0.00046875 | Y29: 0 | AA29: 3.602 | AB29: 7.204 | AC29: 0 | AG29: 0 | AI29: 10.39 | AJ29: 27.11 | AK29: 0 | AO29: 0 | AW29: 0 | AX29: =C29+G29+K29+O29+S29+W29+AA29+AE29+AI29+AM29+AQ29+AU29 -> 17.202 | AY29: =D29+H29+L29+P29+T29+X29+AB29+AF29+AJ29+AN29+AR29+AV29 -> 34.314 | AZ29: =E29+I29+M29+Q29+U29+Y29+AC29+AG29+AK29+AO29+AS29+AW29 -> 0.00046875 | BA29: =(AZ29+AY29)/AX29 -> 1.9947953
A30: 27 | B30: UTTARAKHAND | G30: 0.02 | I30: =86.83/210 -> 0.41347619 | O30: 0.093 | Q30: =899.4/175 -> 5.1394286 | S30: 0.484 | U30: 7.875 | AA30: 0.731 | AB30: 1.499 | AI30: 0.105 | AJ30: 0.13 | AM30: 0.017 | AN30: 0.033 | AU30: =0.009+0.079 -> 0.088 | AV30: 0.087 | AW30: =16.82/180 -> 0.093444444 | AX30: =C30+G30+K30+O30+S30+W30+AA30+AE30+AI30+AM30+AQ30+AU30 -> 1.538 | AY30: =D30+H30+L30+P30+T30+X30+AB30+AF30+AJ30+AN30+AR30+AV30 -> 1.749 | AZ30: =E30+I30+M30+Q30+U30+Y30+AC30+AG30+AK30+AO30+AS30+AW30 -> 13.521349 | BA30: =(AZ30+AY30)/AX30 -> 9.9287056
A31: 28 | B31: WEST BENGAL | K31: 0.524 | M31: =1418/180 -> 7.8777778 | S31: 2.813 | U31: =4213/80 -> 52.6625 | W31: 0.459 | X31: 0.63 | AA31: 6.752 | AB31: 58.103 | AI31: 1.739 | AK31: =8231/130 -> 63.315385 | AM31: 5.621 | AO31: =13185/180 -> 73.25 | AU31: 7.721 | AV31: 10.89 | AW31: 0 | AX31: =C31+G31+K31+O31+S31+W31+AA31+AE31+AI31+AM31+AQ31+AU31 -> 25.629 | AY31: =D31+H31+L31+P31+T31+X31+AB31+AF31+AJ31+AN31+AR31+AV31 -> 69.623 | AZ31: =E31+I31+M31+Q31+U31+Y31+AC31+AG31+AK31+AO31+AS31+AW31 -> 197.10566 | BA31: =(AZ31+AY31)/AX31 -> 10.407299
A32: 29 | B32: OTHERS | C32: 0 | D32: 0 | E32: 0 | G32: 0 | H32: 0 | I32: 0 | K32: 0 | L32: 0 | M32: 0 | O32: 0 | P32: 0 | Q32: 0 | S32: 0 | T32: 0 | U32: 0 | W32: 0.044 | X32: 0.364 | Y32: 0 | AA32: 0.113 | AB32: 0.653 | AC32: 0 | AE32: 0 | AF32: 0 | AG32: 0 | AI32: 0.014 | AJ32: 0.026 | AK32: 0 | AM32: 0.003 | AN32: 0.009 | AO32: 0 | AQ32: 0 | AR32: 0 | AS32: 0 | AU32: 0.1619 | AV32: 0.303 | AW32: 0.47166667 | AX32: =C32+G32+K32+O32+S32+W32+AA32+AE32+AI32+AM32+AQ32+AU32 -> 0.3359 | AY32: =D32+H32+L32+P32+T32+X32+AB32+AF32+AJ32+AN32+AR32+AV32 -> 1.355 | AZ32: =E32+I32+M32+Q32+U32+Y32+AC32+AG32+AK32+AO32+AS32+AW32 -> 0.47166667 | BA32: =(AZ32+AY32)/AX32 -> 5.4381264
B33: Total | C33: =SUM(C4:C32) -> 0.3731 | D33: =SUM(D4:D32) -> 1.12709 | E33: =SUM(E4:E32) -> 2.0913333 | G33: =SUM(G4:G32) -> 3.0835 | H33: =SUM(H4:H32) -> 1.284 | I33: =SUM(I4:I32) -> 6.6770952 | K33: =SUM(K4:K32) -> 20.0935 | L33: =SUM(L4:L32) -> 185.237 | M33: =SUM(M4:M32) -> 14.927944 | O33: =SUM(O4:O32) -> 1.15005 | P33: =SUM(P4:P32) -> 5.024 | Q33: =SUM(Q4:Q32) -> 20.530758 | S33: =SUM(S4:S32) -> 11.847 | T33: =SUM(T4:T32) -> 42.1525 | U33: =SUM(U4:U32) -> 132.57553 | W33: =SUM(W4:W32) -> 22.856 | X33: =SUM(X4:X32) -> 188.552 | Y33: =SUM(Y4:Y32) -> 10.711111 | AA33: =SUM(AA4:AA32) -> 66.0954 | AB33: =SUM(AB4:AB32) -> 603.17894 | AC33: =SUM(AC4:AC32) -> 5.7111111 | AE33: =SUM(AE4:AE32) -> 0.8217 | AF33: =SUM(AF4:AF32) -> 4.826 | AG33: =SUM(AG4:AG32) -> 0.055460515 | AI33: =SUM(AI4:AI32) -> 29.41492 | AJ33: =SUM(AJ4:AJ32) -> 113.18852 | AK33: =SUM(AK4:AK32) -> 188.75754 | AM33: =SUM(AM4:AM32) -> 16.19 | AN33: =SUM(AN4:AN32) -> 107.906 | AO33: =SUM(AO4:AO32) -> 89.291667 | AQ33: =SUM(AQ4:AQ32) -> 0.018 | AR33: =SUM(AR4:AR32) -> 0 | AS33: =SUM(AS4:AS32) -> 0.10372222 | AU33: =SUM(AU4:AU32) -> 105.62777 | AV33: =SUM(AV4:AV32) -> 403.76377 | AW33: =SUM(AW4:AW32) -> 56.239221 | AX33: =SUM(AX4:AX32) -> 277.57094 | AY33: =SUM(AY4:AY32) -> 1656.2398 | AZ33: =SUM(AZ4:AZ32) -> 527.67249 | BA33: =(AZ33+AY33)/AX33 -> 7.8679428
A34: Area in '000 Ha | F34: =(E33+D33)/C33 -> 8.6261681 | J34: =(I33+H33)/G33 -> 2.5818373 | N34: =(M33+L33)/K33 -> 9.9616764 | R34: =(Q33+P33)/O33 -> 22.220562 | V34: =(U33+T33)/S33 -> 14.748715 | Z34: =(Y33+X33)/W33 -> 8.718197 | AD34: =(AC33+AB33)/AA33 -> 9.2122909 | AH34: =(AG33+AF33)/AE33 -> 5.9406846 | AL34: =(AK33+AJ33)/AI33 -> 10.265065 | AP34: =(AO33+AN33)/AM33 -> 12.180214 | AT34: =(AS33+AR33)/AQ33 -> 5.7623457
A35: Production in '000 MT

Sheet 16-17
A1: Sl. No. | B1: State/UT | C1: ANTHURIUM | G1: CARNATION | K1: CHRYSANTHEMUM | O1: GERBERA | S1: GLADIOLUS | W1: JASMINE | AA1: MARIGOLD | AE1: ORCHIDS | AI1: ROSE | AM1: TUBE ROSE | AQ1: TULIP | AU1: OTHER FLOWERS | AX1: TOTAL
C2: A | D2: P | G2: A | H2: P | K2: A | L2: P | O2: A | P2: P | S2: A | T2: P | W2: A | X2: P | AA2: A | AB2: P | AE2: A | AF2: P | AI2: A | AJ2: P | AM2: A | AN2: P | AQ2: A | AR2: P | AU2: A | AV2: P | AX2: A | AY2: P
D3: Loose | E3: Cut | H3: Loose | I3: Cut | L3: Loose | M3: Cut | P3: Loose | Q3: Cut | T3: Loose | U3: Cut | X3: Loose | Y3: Cut | AB3: Loose | AC3: Cut | AF3: Loose | AG3: Cut | AJ3: Loose | AK3: Cut | AN3: Loose | AO3: Cut | AR3: Loose | AS3: Cut | AV3: Loose | AW3: Cut | AY3: Loose | AZ3: Cut
A4: 1 | B4: ANDHRA PRADESH | K4: 3.432 | L4: 142.998 | W4: 3.09 | X4: 20.275 | AA4: 5.971 | AB4: 61.356 | AI4: 0.568 | AJ4: 3.395 | AM4: 1.664 | AN4: 19.032 | AU4: 4.304 | AV4: 22.47 | AX4: =C4+G4+K4+O4+S4+W4+AA4+AE4+AI4+AM4+AQ4+AU4 -> 19.029 | AY4: =D4+H4+L4+P4+T4+X4+AB4+AF4+AJ4+AN4+AR4+AV4 -> 269.526 | AZ4: =E4+I4+M4+Q4+U4+Y4+AC4+AG4+AK4+AO4+AS4+AW4 -> 0 | BA4: =(AZ4+AY4)/AX4 -> 14.16396
A5: 2 | B5: ARUNACHAL PRADESH | C5: 0.003636 | D5: 0 | E5: 0.021771111 | G5: 0 | H5: 0 | I5: 0 | K5: 0 | L5: 0 | M5: 0 | O5: 0.0035855 | P5: 0 | Q5: 0.0202 | S5: 0 | T5: 0 | U5: 0 | W5: 0 | X5: 0 | Y5: 0 | AA5: 0.004444 | AB5: 0.00404 | AC5: 0 | AE5: 0 | AF5: 0 | AG5: 0 | AI5: 0.004545 | AJ5: 0 | AK5: 0.029177778 | AM5: 0 | AN5: 0 | AO5: 0 | AQ5: 0 | AR5: 0 | AS5: 0 | AU5: 0.0075851 | AV5: 0.0071609 | AW5: 0 | AX5: =C5+G5+K5+O5+S5+W5+AA5+AE5+AI5+AM5+AQ5+AU5 -> 0.0237956 | AY5: =D5+H5+L5+P5+T5+X5+AB5+AF5+AJ5+AN5+AR5+AV5 -> 0.0112009 | AZ5: =E5+I5+M5+Q5+U5+Y5+AC5+AG5+AK5+AO5+AS5+AW5 -> 0.071148889 | BA5: =(AZ5+AY5)/AX5 -> 3.460715
A6: 3 | B6: ASSAM | C6: 0.124 | D6: 0.815 | E6: =205/180 -> 1.1388889 | G6: 0.184 | H6: 1.211 | I6: =310/210 -> 1.4761905 | K6: 0.244 | L6: 1.667 | M6: =420/180 -> 2.3333333 | O6: 0.755 | P6: 5.207 | Q6: =1310/175 -> 7.4857143 | S6: 0.424 | T6: 2.795 | U6: =687/80 -> 8.5875 | W6: 0.264 | X6: 1.739 | Y6: =415/180 -> 2.3055556 | AA6: 0.604 | AB6: 3.983 | AC6: =1030/180 -> 5.7222222 | AE6: 0.725 | AF6: 4.775 | AG6: =1220/130 -> 9.3846154 | AI6: 0.404 | AJ6: 2.663 | AK6: =700/130 -> 5.3846154 | AM6: 0.339 | AN6: 2.238 | AO6: =600/180 -> 3.3333333 | AU6: 0.965 | AV6: 6.663 | AW6: =1520/180 -> 8.4444444 | AX6: =C6+G6+K6+O6+S6+W6+AA6+AE6+AI6+AM6+AQ6+AU6 -> 5.032 | AY6: =D6+H6+L6+P6+T6+X6+AB6+AF6+AJ6+AN6+AR6+AV6 -> 33.756 | AZ6: =E6+I6+M6+Q6+U6+Y6+AC6+AG6+AK6+AO6+AS6+AW6 -> 55.596413 | BA6: =(AZ6+AY6)/AX6 -> 17.756839
A7: 4 | B7: BIHAR | M7: 0 | Q7: 0 | U7: 0 | Y7: 0 | AC7: 0 | AG7: 0 | AK7: 0 | AO7: 0 | AU7: 0.6625297 | AV7: 7.956275 | AW7: 0.001014545 | AX7: =C7+G7+K7+O7+S7+W7+AA7+AE7+AI7+AM7+AQ7+AU7 -> 0.6625297 | AY7: =D7+H7+L7+P7+T7+X7+AB7+AF7+AJ7+AN7+AR7+AV7 -> 7.956275 | AZ7: =E7+I7+M7+Q7+U7+Y7+AC7+AG7+AK7+AO7+AS7+AW7 -> 0.001014545 | BA7: =(AZ7+AY7)/AX7 -> 12.010465
A8: 5 | B8: CHHATTISGARH | K8: 0.286 | L8: 0.901 | S8: 1.819 | T8: 0.686 | U8: =2299/80 -> 28.7375 | W8: 0.041 | X8: 0.067 | AA8: =4.46+0.039 -> 4.499 | AB8: =0.327+32.926 -> 33.253 | AI8: =0.027+1.2 -> 1.227 | AJ8: 0.116 | AK8: =(5735+144)/130 -> 45.223077 | AM8: 1.392 | AN8: 5.575 | AU8: 2.652 | AV8: 7.777 | AW8: =3524/180 -> 19.577778 | AX8: =C8+G8+K8+O8+S8+W8+AA8+AE8+AI8+AM8+AQ8+AU8 -> 11.916 | AY8: =D8+H8+L8+P8+T8+X8+AB8+AF8+AJ8+AN8+AR8+AV8 -> 48.375 | AZ8: =E8+I8+M8+Q8+U8+Y8+AC8+AG8+AK8+AO8+AS8+AW8 -> 93.538355 | BA8: =(AZ8+AY8)/AX8 -> 11.909479
A9: 6 | B9: GUJARAT | AA9: 8.807 | AB9: 84.94719 | AI9: 4.53 | AJ9: 41.52517 | AU9: =2.363+0.844+4.097 -> 7.304 | AV9: =21.03568+40.83301+7.64078 -> 69.50947 | AX9: =C9+G9+K9+O9+S9+W9+AA9+AE9+AI9+AM9+AQ9+AU9 -> 20.641 | AY9: =D9+H9+L9+P9+T9+X9+AB9+AF9+AJ9+AN9+AR9+AV9 -> 195.98183 | AZ9: =E9+I9+M9+Q9+U9+Y9+AC9+AG9+AK9+AO9+AS9+AW9 -> 0 | BA9: =(AZ9+AY9)/AX9 -> 9.4947837
A10: 7 | B10: HARYANA | K10: 0.025 | L10: 0.028 | M10: =11/180 -> 0.061111111 | O10: 0.038 | Q10: =197/175 -> 1.1257143 | S10: 0.145 | U10: 0.118 | AA10: 4.936 | AB10: 54.934 | AI10: =0.016+0.137 -> 0.153 | AJ10: 1.088 | AK10: =113/130 -> 0.86923077 | AM10: 0.037 | AO10: =54/180 -> 0.3 | AU10: =0.047+0.133 -> 0.18 | AV10: 0.18 | AW10: =186/180 -> 1.0333333 | AX10: =C10+G10+K10+O10+S10+W10+AA10+AE10+AI10+AM10+AQ10+AU10 -> 5.514 | AY10: =D10+H10+L10+P10+T10+X10+AB10+AF10+AJ10+AN10+AR10+AV10 -> 56.23 | AZ10: =E10+I10+M10+Q10+U10+Y10+AC10+AG10+AK10+AO10+AS10+AW10 -> 3.5073895 | BA10: =(AZ10+AY10)/AX10 -> 10.833767
A11: 8 | B11: HIMACHAL PRADESH | G11: 0.05021 | H11: 0 | I11: =502.1/210 -> 2.3909524 | K11: =0.0635+0.20042 -> 0.26392 | L11: 8.818 | M11: =342.9/180 -> 1.905 | O11: 0.00703 | Q11: =84.36/175 -> 0.48205714 | S11: 0.05954 | U11: =119.08/80 -> 1.4885 | AA11: 0.16912 | AB11: 9.132 | AI11: 0.03982 | AK11: =378.29/130 -> 2.9099231 | AU11: 0.11897 | AV11: 0.0006 | AW11: =67.885/180 -> 0.37713889 | AX11: =C11+G11+K11+O11+S11+W11+AA11+AE11+AI11+AM11+AQ11+AU11 -> 0.70861 | AY11: =D11+H11+L11+P11+T11+X11+AB11+AF11+AJ11+AN11+AR11+AV11 -> 17.9506 | AZ11: =E11+I11+M11+Q11+U11+Y11+AC11+AG11+AK11+AO11+AS11+AW11 -> 9.5535715 | BA11: =(AZ11+AY11)/AX11 -> 38.814258
A12: 9 | B12: JAMMU & KASHMIR | C12: 0.1616 | D12: 0 | E12: 0 | G12: 2.7876 | H12: 0 | I12: 0.15323143 | K12: 3.8178 | L12: 2.5856 | M12: 0.014196111 | O12: 0.00303 | P12: 0 | Q12: 0 | S12: 0.03434 | T12: 0 | U12: 0 | W12: 0 | X12: 0 | Y12: 0.0011222222 | AA12: 0.33431 | AB12: 0.26563 | AC12: 0 | AE12: 0 | AF12: 0 | AG12: 0 | AI12: 0.01919 | AJ12: 0.01515 | AK12: 0 | AM12: 0.7979 | AN12: 0.0101 | AO12: 0.019638889 | AQ12: 0.01818 | AR12: 0 | AS12: 0.10475944 | AU12: 41.6019 | AV12: 26.8256 | AW12: 0.10201 | AX12: =C12+G12+K12+O12+S12+W12+AA12+AE12+AI12+AM12+AQ12+AU12 -> 49.57585 | AY12: =D12+H12+L12+P12+T12+X12+AB12+AF12+AJ12+AN12+AR12+AV12 -> 29.70208 | AZ12: =E12+I12+M12+Q12+U12+Y12+AC12+AG12+AK12+AO12+AS12+AW12 -> 0.3949581 | BA12: =(AZ12+AY12)/AX12 -> 0.60709071
A13: 10 | B13: JHARKHAND | I13: 0 | Q13: 0 | U13: 0 | Y13: 0 | AC13: 0 | AG13: 0 | AK13: 0 | AO13: 0 | AU13: 1.05 | AV13: 13.332 | AW13: 29.669 | AX13: =C13+G13+K13+O13+S13+W13+AA13+AE13+AI13+AM13+AQ13+AU13 -> 1.05 | AY13: =D13+H13+L13+P13+T13+X13+AB13+AF13+AJ13+AN13+AR13+AV13 -> 13.332 | AZ13: =E13+I13+M13+Q13+U13+Y13+AC13+AG13+AK13+AO13+AS13+AW13 -> 29.669 | BA13: =(AZ13+AY13)/AX13 -> 40.953333
A14: 11 | B14: KARNATAKA | C14: 0.116 | D14: 0.251 | E14: 0.061 | G14: 0.074 | H14: 0.004 | I14: 6.633 | K14: 5.208 | L14: 55.923 | M14: 2.211 | O14: 0.249 | P14: 0.016 | Q14: 0.024 | S14: 0.335 | T14: 0.858 | U14: 4.9 | W14: 6.198 | X14: 39.034 | Y14: 0.389 | AA14: 10.909 | AB14: 92.547 | AC14: 1.111 | AI14: 2.869 | AJ14: 2.241 | AK14: 46.415 | AM14: 2.038 | AN14: 15.798 | AO14: 0.533 | AU14: =24.075+0.296 -> 24.371 | AV14: =2.035+30.027 -> 32.062 | AW14: 0.033 | AX14: =C14+G14+K14+O14+S14+W14+AA14+AE14+AI14+AM14+AQ14+AU14 -> 52.367 | AY14: =D14+H14+L14+P14+T14+X14+AB14+AF14+AJ14+AN14+AR14+AV14 -> 238.734 | AZ14: =E14+I14+M14+Q14+U14+Y14+AC14+AG14+AK14+AO14+AS14+AW14 -> 62.31 | BA14: =(AZ14+AY14)/AX14 -> 5.7487349
A15: 12 | B15: KERALA | C15: 0.001 | E15: =5/180 -> 0.027777778 | G15: 1e-05 | I15: =4/210 -> 0.019047619 | O15: 0.001 | AE15: 0.001 | AG15: =5/130 -> 0.038461538 | AI15: 0.002 | AK15: 0 | AU15: 16.04 | AV15: 0.029 | AW15: =120/180 -> 0.66666667 | AX15: =C15+G15+K15+O15+S15+W15+AA15+AE15+AI15+AM15+AQ15+AU15 -> 16.04501 | AY15: =D15+H15+L15+P15+T15+X15+AB15+AF15+AJ15+AN15+AR15+AV15 -> 0.029 | AZ15: =E15+I15+M15+Q15+U15+Y15+AC15+AG15+AK15+AO15+AS15+AW15 -> 0.7519536 | BA15: =(AZ15+AY15)/AX15 -> 0.048672678
A16: 13 | B16: MADHYA PRADESH | K16: 0.531 | L16: 4.341 | M16: =100/180 -> 0.55555556 | O16: 0.022 | P16: 0.486 | Q16: =81/210 -> 0.38571429 | S16: 0.769 | T16: 5.286 | U16: =225/80 -> 2.8125 | W16: 0.078 | X16: 0.167 | AA16: 10.127 | AB16: 100.451 | AC16: =1720/180 -> 9.5555556 | AE16: 0.002 | AF16: 0.006 | AI16: 1.887 | AJ16: 10.749 | AK16: =1699/130 -> 13.069231 | AM16: 0.156 | AN16: 1.915 | AO16: =1329/180 -> 7.3833333 | AU16: =3.571+0.527 -> 4.098 | AV16: =0.264+23.091 -> 23.355 | AW16: =2429/180 -> 13.494444 | AX16: =C16+G16+K16+O16+S16+W16+AA16+AE16+AI16+AM16+AQ16+AU16 -> 17.67 | AY16: =D16+H16+L16+P16+T16+X16+AB16+AF16+AJ16+AN16+AR16+AV16 -> 146.756 | AZ16: =E16+I16+M16+Q16+U16+Y16+AC16+AG16+AK16+AO16+AS16+AW16 -> 47.256334 | BA16: =(AZ16+AY16)/AX16 -> 10.979759
A17: 14 | B17: MAHARASHTRA | G17: 0.005 | I17: 1e-05 | K17: 0.366 | L17: 1.524 | O17: 0.02 | P17: 0.007 | Q17: 8.42 | S17: 0.392 | T17: 0.003 | U17: 0.011325 | W17: 0.308 | X17: 0.91 | AA17: 3.816 | AB17: 28.597 | AC17: 0.00068 | AI17: 1.042 | AJ17: 2.246 | AK17: 22.17 | AM17: =0.035+0.266 -> 0.301 | AN17: 0.57 | AO17: 3.4674 | AU17: =0.522+0.001+0.006 -> 0.529 | AV17: =1.912+0.003+0.01 -> 1.925 | AW17: 6.85 | AX17: =C17+G17+K17+O17+S17+W17+AA17+AE17+AI17+AM17+AQ17+AU17 -> 6.779 | AY17: =D17+H17+L17+P17+T17+X17+AB17+AF17+AJ17+AN17+AR17+AV17 -> 35.782 | AZ17: =E17+I17+M17+Q17+U17+Y17+AC17+AG17+AK17+AO17+AS17+AW17 -> 40.919415 | BA17: =(AZ17+AY17)/AX17 -> 11.314562
A18: 15 | B18: MANIPUR | AU18: =0.067+0.013 -> 0.08 | AV18: =0.004+0.05 -> 0.054 | AW18: =43/180 -> 0.23888889 | AX18: =C18+G18+K18+O18+S18+W18+AA18+AE18+AI18+AM18+AQ18+AU18 -> 0.08 | AY18: =D18+H18+L18+P18+T18+X18+AB18+AF18+AJ18+AN18+AR18+AV18 -> 0.054 | AZ18: =E18+I18+M18+Q18+U18+Y18+AC18+AG18+AK18+AO18+AS18+AW18 -> 0.23888889 | BA18: =(AZ18+AY18)/AX18 -> 3.6611111
A19: 16 | B19: MEGHALAYA | C19: 0.003 | E19: =5/180 -> 0.027777778 | G19: 0.002 | I19: =22/210 -> 0.1047619 | O19: 0.004 | Q19: =23/175 -> 0.13142857 | AE19: 0.002 | AG19: =7/130 -> 0.053846154 | AU19: 0.001 | AW19: =3/180 -> 0.016666667 | AX19: =C19+G19+K19+O19+S19+W19+AA19+AE19+AI19+AM19+AQ19+AU19 -> 0.012 | AY19: =D19+H19+L19+P19+T19+X19+AB19+AF19+AJ19+AN19+AR19+AV19 -> 0 | AZ19: =E19+I19+M19+Q19+U19+Y19+AC19+AG19+AK19+AO19+AS19+AW19 -> 0.33448107 | BA19: =(AZ19+AY19)/AX19 -> 27.873423
A20: 17 | B20: MIZORAM | C20: 0.01 | D20: 0.151 | G20: 0.025 | H20: 0.023 | O20: 0.027 | P20: 0.03 | S20: 0.014 | T20: 0.0005 | AE20: 0.02 | AF20: 0.001 | AI20: 0.024 | AJ20: 0.09 | AU20: 0.079 | AV20: 0.163 | AX20: =C20+G20+K20+O20+S20+W20+AA20+AE20+AI20+AM20+AQ20+AU20 -> 0.199 | AY20: =D20+H20+L20+P20+T20+X20+AB20+AF20+AJ20+AN20+AR20+AV20 -> 0.4585 | AZ20: =E20+I20+M20+Q20+U20+Y20+AC20+AG20+AK20+AO20+AS20+AW20 -> 0 | BA20: =(AZ20+AY20)/AX20 -> 2.3040201
A21: 18 | B21: NAGALAND | C21: 0.024 | E21: =132.154/180 -> 0.73418889 | O21: 0.014 | Q21: =10.002/175 -> 0.057154286 | AE21: 0.005 | AG21: =5.001/130 -> 0.038469231 | AI21: 0.003 | AK21: =104.743/130 -> 0.80571538 | AU21: =0.004+0.004 -> 0.008 | AV21: 0.017 | AW21: =818.288/180 -> 4.5460444 | AX21: =C21+G21+K21+O21+S21+W21+AA21+AE21+AI21+AM21+AQ21+AU21 -> 0.054 | AY21: =D21+H21+L21+P21+T21+X21+AB21+AF21+AJ21+AN21+AR21+AV21 -> 0.017 | AZ21: =E21+I21+M21+Q21+U21+Y21+AC21+AG21+AK21+AO21+AS21+AW21 -> 6.1815722 | BA21: =(AZ21+AY21)/AX21 -> 114.78837
A22: 19 | B22: ODISHA | O22: 0.013 | Q22: =191/175 -> 1.0914286 | S22: 1.58 | U22: =1560/80 -> 19.5 | AA22: 2.608 | AB22: 23.522 | AI22: 1.859 | AK22: =3584/130 -> 27.569231 | AM22: 0.507 | AN22: 1.297 | AX22: =C22+G22+K22+O22+S22+W22+AA22+AE22+AI22+AM22+AQ22+AU22 -> 6.567 | AY22: =D22+H22+L22+P22+T22+X22+AB22+AF22+AJ22+AN22+AR22+AV22 -> 24.819 | AZ22: =E22+I22+M22+Q22+U22+Y22+AC22+AG22+AK22+AO22+AS22+AW22 -> 48.160659 | BA22: =(AZ22+AY22)/AX22 -> 11.11309
A23: 20 | B23: PUNJAB | AU23: 2.051 | AV23: 12.817 | AX23: =C23+G23+K23+O23+S23+W23+AA23+AE23+AI23+AM23+AQ23+AU23 -> 2.051 | AY23: =D23+H23+L23+P23+T23+X23+AB23+AF23+AJ23+AN23+AR23+AV23 -> 12.817 | AZ23: =E23+I23+M23+Q23+U23+Y23+AC23+AG23+AK23+AO23+AS23+AW23 -> 0 | BA23: =(AZ23+AY23)/AX23 -> 6.2491468
A24: 21 | B24: RAJASTHAN | O24: =0.002+0.304 -> 0.306 | P24: =0.003+0.294 -> 0.297 | AA24: 0.325 | AB24: 0.777 | AI24: =0.001+1.213 -> 1.214 | AJ24: =0.003+1.741 -> 1.744 | AU24: 0.864 | AV24: 1.207 | AX24: =C24+G24+K24+O24+S24+W24+AA24+AE24+AI24+AM24+AQ24+AU24 -> 2.709 | AY24: =D24+H24+L24+P24+T24+X24+AB24+AF24+AJ24+AN24+AR24+AV24 -> 4.025 | AZ24: =E24+I24+M24+Q24+U24+Y24+AC24+AG24+AK24+AO24+AS24+AW24 -> 0 | BA24: =(AZ24+AY24)/AX24 -> 1.4857881
A25: 22 | B25: SIKKIM | C25: 0.011 | E25: 0.027777778 | G25: 0.007 | I25: 0.042857143 | O25: 0.031 | Q25: 0.00062040816 | S25: 0.034 | U25: 0.0109375 | Y25: 0 | AA25: 0.017 | AB25: 16.5 | AC25: 0 | AE25: 0.038 | AG25: 1.0519395e-05 | AI25: 0.025 | AK25: 0.0014201183 | AO25: 0 | AU25: 0.079 | AW25: 0.0024382716 | AX25: =C25+G25+K25+O25+S25+W25+AA25+AE25+AI25+AM25+AQ25+AU25 -> 0.242 | AY25: =D25+H25+L25+P25+T25+X25+AB25+AF25+AJ25+AN25+AR25+AV25 -> 16.5 | AZ25: =E25+I25+M25+Q25+U25+Y25+AC25+AG25+AK25+AO25+AS25+AW25 -> 0.086061738 | BA25: =(AZ25+AY25)/AX25 -> 68.537445
A26: 23 | B26: TAMIL NADU | C26: 0.002 | E26: =9/180 -> 0.05 | G26: 0.051 | H26: 0.085 | I26: =504/210 -> 2.4 | K26: 5.371 | L26: 78.826 | O26: 0.007 | P26: 0.001 | Q26: =130/175 -> 0.74285714 | W26: 13.72 | X26: 131.25 | Y26: =362/180 -> 2.0111111 | AA26: 1.903 | AB26: 38.518 | AI26: 2.157 | AJ26: 20.12 | AK26: =134/130 -> 1.0307692 | AM26: 3.134 | AN26: 51.728 | AU26: =5.991+0.026+0.005 -> 6.022 | AV26: =95.979+0.05 -> 96.029 | AW26: =217/180 -> 1.2055556 | AX26: =C26+G26+K26+O26+S26+W26+AA26+AE26+AI26+AM26+AQ26+AU26 -> 32.367 | AY26: =D26+H26+L26+P26+T26+X26+AB26+AF26+AJ26+AN26+AR26+AV26 -> 416.557 | AZ26: =E26+I26+M26+Q26+U26+Y26+AC26+AG26+AK26+AO26+AS26+AW26 -> 7.440293 | BA26: =(AZ26+AY26)/AX26 -> 13.099678
A27: 24 | B27: TELANGANA | K27: 0.723 | L27: 2.472 | O27: 0.07 | Q27: 9 | W27: 0.154 | X27: 0.434 | AA27: 1.098 | AB27: 3.498 | AI27: 0.468 | AJ27: 2.721 | AU27: 0.437 | AV27: 0.93 | AX27: =C27+G27+K27+O27+S27+W27+AA27+AE27+AI27+AM27+AQ27+AU27 -> 2.95 | AY27: =D27+H27+L27+P27+T27+X27+AB27+AF27+AJ27+AN27+AR27+AV27 -> 10.055 | AZ27: =E27+I27+M27+Q27+U27+Y27+AC27+AG27+AK27+AO27+AS27+AW27 -> 9 | BA27: =(AZ27+AY27)/AX27 -> 6.459322
A28: 25 | B28: TRIPURA | I28: 0 | Q28: 0 | U28: 0 | Y28: 0 | AC28: 0 | AG28: 0 | AK28: 0 | AO28: 0 | AW28: 0 | AX28: =C28+G28+K28+O28+S28+W28+AA28+AE28+AI28+AM28+AQ28+AU28 -> 0 | AY28: =D28+H28+L28+P28+T28+X28+AB28+AF28+AJ28+AN28+AR28+AV28 -> 0 | AZ28: =E28+I28+M28+Q28+U28+Y28+AC28+AG28+AK28+AO28+AS28+AW28 -> 0 | BA28: =(AZ28+AY28)/AX28 -> #DIV/0!
A29: 26 | B29: UTTAR PRADESH | S29: 3.439 | U29: =3439/80 -> 42.9875 | AA29: 3.965 | AB29: 7.93 | AI29: 13.591 | AJ29: 38.039 | AK29: =2752/130 -> 21.169231 | AX29: =C29+G29+K29+O29+S29+W29+AA29+AE29+AI29+AM29+AQ29+AU29 -> 20.995 | AY29: =D29+H29+L29+P29+T29+X29+AB29+AF29+AJ29+AN29+AR29+AV29 -> 45.969 | AZ29: =E29+I29+M29+Q29+U29+Y29+AC29+AG29+AK29+AO29+AS29+AW29 -> 64.156731 | BA29: =(AZ29+AY29)/AX29 -> 5.2453313
A30: 27 | B30: UTTARAKHAND | G30: 0.015 | I30: =115.22/210 -> 0.54866667 | O30: 0.101 | Q30: =949.9/175 -> 5.428 | S30: 0.285 | U30: =481.53/80 -> 6.019125 | AA30: 0.78 | AB30: 1.78 | AI30: 0.108 | AJ30: 0.172 | AM30: 0.017 | AN30: 0.033 | AU30: =0.087+0.00989 -> 0.09689 | AV30: 0.088 | AW30: =17.87/180 -> 0.099277778 | AX30: =C30+G30+K30+O30+S30+W30+AA30+AE30+AI30+AM30+AQ30+AU30 -> 1.40289 | AY30: =D30+H30+L30+P30+T30+X30+AB30+AF30+AJ30+AN30+AR30+AV30 -> 2.073 | AZ30: =E30+I30+M30+Q30+U30+Y30+AC30+AG30+AK30+AO30+AS30+AW30 -> 12.095069 | BA30: =(AZ30+AY30)/AX30 -> 10.099202
A31: 28 | B31: WEST BENGAL | C31: 0.001 | E31: =7/180 -> 0.038888889 | K31: 0.53 | M31: =1450/180 -> 8.0555556 | O31: 0.00645 | Q31: =124.186/175 -> 0.70963429 | S31: 2.855 | U31: =4288/80 -> 53.6 | W31: 0.46 | X31: 0.631 | AA31: 6.9 | AB31: 59.48 | AE31: 0.0012 | AG31: =4.04/130 -> 0.031076923 | AI31: 1.745 | AK31: =8265/130 -> 63.576923 | AM31: 5.79 | AO31: =13600/180 -> 75.555556 | AU31: 7.756 | AV31: 11.162 | AX31: =C31+G31+K31+O31+S31+W31+AA31+AE31+AI31+AM31+AQ31+AU31 -> 26.04465 | AY31: =D31+H31+L31+P31+T31+X31+AB31+AF31+AJ31+AN31+AR31+AV31 -> 71.273 | AZ31: =E31+I31+M31+Q31+U31+Y31+AC31+AG31+AK31+AO31+AS31+AW31 -> 201.56763 | BA31: =(AZ31+AY31)/AX31 -> 10.47588
A32: 29 | B32: OTHERS | C32: ='[1]UT''s 2016-17'!O92 -> 0 | D32: ='[1]UT''s 2016-17'!P92 -> 0.00039 | E32: ='[1]UT''s 2016-17'!P93 -> 0 | G32: ='[1]UT''s 2016-17'!O94 -> 0 | H32: ='[1]UT''s 2016-17'!P94 -> 0 | I32: ='[1]UT''s 2016-17'!P95 -> 0 | K32: ='[1]UT''s 2016-17'!O96 -> 0 | L32: ='[1]UT''s 2016-17'!P96 -> 0.4861 | M32: ='[1]UT''s 2016-17'!P97 -> 0 | O32: ='[1]UT''s 2016-17'!O98 -> 0 | P32: ='[1]UT''s 2016-17'!P98 -> 0.42145 | Q32: ='[1]UT''s 2016-17'!P99 -> 0 | S32: ='[1]UT''s 2016-17'!O100 -> 0 | T32: ='[1]UT''s 2016-17'!P100 -> 0 | U32: ='[1]UT''s 2016-17'!P101 -> 0 | W32: ='[1]UT''s 2016-17'!O102 -> 0.23 | X32: ='[1]UT''s 2016-17'!P102 -> 0.0345 | Y32: ='[1]UT''s 2016-17'!P103 -> 0 | AA32: ='[1]UT''s 2016-17'!O104 -> 0.26 | AB32: ='[1]UT''s 2016-17'!P104 -> 2.646 | AC32: ='[1]UT''s 2016-17'!P105 -> 0 | AE32: ='[1]UT''s 2016-17'!O106 -> 0 | AF32: ='[1]UT''s 2016-17'!P106 -> 0.00304 | AG32: ='[1]UT''s 2016-17'!P107 -> 0 | AI32: ='[1]UT''s 2016-17'!O108 -> 0 | AJ32: ='[1]UT''s 2016-17'!P108 -> 0.3904 | AK32: ='[1]UT''s 2016-17'!P109 -> 0 | AM32: ='[1]UT''s 2016-17'!O110 -> 0.012 | AN32: ='[1]UT''s 2016-17'!P110 -> 0.2334 | AO32: ='[1]UT''s 2016-17'!P111 -> 0 | AQ32: ='[1]UT''s 2016-17'!O112 -> 0 | AR32: ='[1]UT''s 2016-17'!P112 -> 0 | AS32: ='[1]UT''s 2016-17'!P113 -> 0 | AU32: ='[1]UT''s 2016-17'!O114 -> 0.117 | AV32: ='[1]UT''s 2016-17'!P114 -> 0.0475 | AW32: ='[1]UT''s 2016-17'!P115 -> 0 | AX32: =C32+G32+K32+O32+S32+W32+AA32+AE32+AI32+AM32+AQ32+AU32 -> 0.619 | AY32: =D32+H32+L32+P32+T32+X32+AB32+AF32+AJ32+AN32+AR32+AV32 -> 4.26278 | AZ32: =E32+I32+M32+Q32+U32+Y32+AC32+AG32+AK32+AO32+AS32+AW32 -> 0 | BA32: =(AZ32+AY32)/AX32 -> 6.886559
B33: Total | C33: =C4+C5+C6+C7+C8+C9+C10+C11+C12+C13+C14+C15+C16+C17+C18+C19+C20+C21+C22+C23+C24+C25+C26+C27+C28+C29+C30+C31+C32 -> 0.457236 | D33: =D4+D5+D6+D7+D8+D9+D10+D11+D12+D13+D14+D15+D16+D17+D18+D19+D20+D21+D22+D23+D24+D25+D26+D27+D28+D29+D30+D31+D32 -> 1.21739 | E33: =E4+E5+E6+E7+E8+E9+E10+E11+E12+E13+E14+E15+E16+E17+E18+E19+E20+E21+E22+E23+E24+E25+E26+E27+E28+E29+E30+E31+E32 -> 2.1280711 | G33: =G4+G5+G6+G7+G8+G9+G10+G11+G12+G13+G14+G15+G16+G17+G18+G19+G20+G21+G22+G23+G24+G25+G26+G27+G28+G29+G30+G31+G32 -> 3.20082 | H33: =H4+H5+H6+H7+H8+H9+H10+H11+H12+H13+H14+H15+H16+H17+H18+H19+H20+H21+H22+H23+H24+H25+H26+H27+H28+H29+H30+H31+H32 -> 1.323 | I33: =I4+I5+I6+I7+I8+I9+I10+I11+I12+I13+I14+I15+I16+I17+I18+I19+I20+I21+I22+I23+I24+I25+I26+I27+I28+I29+I30+I31+I32 -> 13.768718 | K33: =K4+K5+K6+K7+K8+K9+K10+K11+K12+K13+K14+K15+K16+K17+K18+K19+K20+K21+K22+K23+K24+K25+K26+K27+K28+K29+K30+K31+K32 -> 20.79772 | L33: =L4+L5+L6+L7+L8+L9+L10+L11+L12+L13+L14+L15+L16+L17+L18+L19+L20+L21+L22+L23+L24+L25+L26+L27+L28+L29+L30+L31+L32 -> 300.5697 | M33: =M4+M5+M6+M7+M8+M9+M10+M11+M12+M13+M14+M15+M16+M17+M18+M19+M20+M21+M22+M23+M24+M25+M26+M27+M28+M29+M30+M31+M32 -> 15.135752 | O33: =O4+O5+O6+O7+O8+O9+O10+O11+O12+O13+O14+O15+O16+O17+O18+O19+O20+O21+O22+O23+O24+O25+O26+O27+O28+O29+O30+O31+O32 -> 1.6780955 | P33: =P4+P5+P6+P7+P8+P9+P10+P11+P12+P13+P14+P15+P16+P17+P18+P19+P20+P21+P22+P23+P24+P25+P26+P27+P28+P29+P30+P31+P32 -> 6.46545 | Q33: =Q4+Q5+Q6+Q7+Q8+Q9+Q10+Q11+Q12+Q13+Q14+Q15+Q16+Q17+Q18+Q19+Q20+Q21+Q22+Q23+Q24+Q25+Q26+Q27+Q28+Q29+Q30+Q31+Q32 -> 35.104523 | S33: =S4+S5+S6+S7+S8+S9+S10+S11+S12+S13+S14+S15+S16+S17+S18+S19+S20+S21+S22+S23+S24+S25+S26+S27+S28+S29+S30+S31+S32 -> 12.18488 | T33: =T4+T5+T6+T7+T8+T9+T10+T11+T12+T13+T14+T15+T16+T17+T18+T19+T20+T21+T22+T23+T24+T25+T26+T27+T28+T29+T30+T31+T32 -> 9.6285 | U33: =U4+U5+U6+U7+U8+U9+U10+U11+U12+U13+U14+U15+U16+U17+U18+U19+U20+U21+U22+U23+U24+U25+U26+U27+U28+U29+U30+U31+U32 -> 168.77289 | W33: =W4+W5+W6+W7+W8+W9+W10+W11+W12+W13+W14+W15+W16+W17+W18+W19+W20+W21+W22+W23+W24+W25+W26+W27+W28+W29+W30+W31+W32 -> 24.543 | X33: =X4+X5+X6+X7+X8+X9+X10+X11+X12+X13+X14+X15+X16+X17+X18+X19+X20+X21+X22+X23+X24+X25+X26+X27+X28+X29+X30+X31+X32 -> 194.5415 | Y33: =Y4+Y5+Y6+Y7+Y8+Y9+Y10+Y11+Y12+Y13+Y14+Y15+Y16+Y17+Y18+Y19+Y20+Y21+Y22+Y23+Y24+Y25+Y26+Y27+Y28+Y29+Y30+Y31+Y32 -> 4.7067889 | AA33: =AA4+AA5+AA6+AA7+AA8+AA9+AA10+AA11+AA12+AA13+AA14+AA15+AA16+AA17+AA18+AA19+AA20+AA21+AA22+AA23+AA24+AA25+AA26+AA27+AA28+AA29+AA30+AA31+AA32 -> 68.032874 | AB33: =AB4+AB5+AB6+AB7+AB8+AB9+AB10+AB11+AB12+AB13+AB14+AB15+AB16+AB17+AB18+AB19+AB20+AB21+AB22+AB23+AB24+AB25+AB26+AB27+AB28+AB29+AB30+AB31+AB32 -> 624.12086 | AC33: =AC4+AC5+AC6+AC7+AC8+AC9+AC10+AC11+AC12+AC13+AC14+AC15+AC16+AC17+AC18+AC19+AC20+AC21+AC22+AC23+AC24+AC25+AC26+AC27+AC28+AC29+AC30+AC31+AC32 -> 16.389458 | AE33: =AE4+AE5+AE6+AE7+AE8+AE9+AE10+AE11+AE12+AE13+AE14+AE15+AE16+AE17+AE18+AE19+AE20+AE21+AE22+AE23+AE24+AE25+AE26+AE27+AE28+AE29+AE30+AE31+AE32 -> 0.7942 | AF33: =AF4+AF5+AF6+AF7+AF8+AF9+AF10+AF11+AF12+AF13+AF14+AF15+AF16+AF17+AF18+AF19+AF20+AF21+AF22+AF23+AF24+AF25+AF26+AF27+AF28+AF29+AF30+AF31+AF32 -> 4.78504 | AG33: =AG4+AG5+AG6+AG7+AG8+AG9+AG10+AG11+AG12+AG13+AG14+AG15+AG16+AG17+AG18+AG19+AG20+AG21+AG22+AG23+AG24+AG25+AG26+AG27+AG28+AG29+AG30+AG31+AG32 -> 9.5464798 | AI33: =AI4+AI5+AI6+AI7+AI8+AI9+AI10+AI11+AI12+AI13+AI14+AI15+AI16+AI17+AI18+AI19+AI20+AI21+AI22+AI23+AI24+AI25+AI26+AI27+AI28+AI29+AI30+AI31+AI32 -> 33.939555 | AJ33: =AJ4+AJ5+AJ6+AJ7+AJ8+AJ9+AJ10+AJ11+AJ12+AJ13+AJ14+AJ15+AJ16+AJ17+AJ18+AJ19+AJ20+AJ21+AJ22+AJ23+AJ24+AJ25+AJ26+AJ27+AJ28+AJ29+AJ30+AJ31+AJ32 -> 127.31472 | AK33: =AK4+AK5+AK6+AK7+AK8+AK9+AK10+AK11+AK12+AK13+AK14+AK15+AK16+AK17+AK18+AK19+AK20+AK21+AK22+AK23+AK24+AK25+AK26+AK27+AK28+AK29+AK30+AK31+AK32 -> 250.22354 | AM33: =AM4+AM5+AM6+AM7+AM8+AM9+AM10+AM11+AM12+AM13+AM14+AM15+AM16+AM17+AM18+AM19+AM20+AM21+AM22+AM23+AM24+AM25+AM26+AM27+AM28+AM29+AM30+AM31+AM32 -> 16.1849 | AN33: =AN4+AN5+AN6+AN7+AN8+AN9+AN10+AN11+AN12+AN13+AN14+AN15+AN16+AN17+AN18+AN19+AN20+AN21+AN22+AN23+AN24+AN25+AN26+AN27+AN28+AN29+AN30+AN31+AN32 -> 98.4295 | AO33: =AO4+AO5+AO6+AO7+AO8+AO9+AO10+AO11+AO12+AO13+AO14+AO15+AO16+AO17+AO18+AO19+AO20+AO21+AO22+AO23+AO24+AO25+AO26+AO27+AO28+AO29+AO30+AO31+AO32 -> 90.592261 | AQ33: =AQ4+AQ5+AQ6+AQ7+AQ8+AQ9+AQ10+AQ11+AQ12+AQ13+AQ14+AQ15+AQ16+AQ17+AQ18+AQ19+AQ20+AQ21+AQ22+AQ23+AQ24+AQ25+AQ26+AQ27+AQ28+AQ29+AQ30+AQ31+AQ32 -> 0.01818 | AR33: =AR4+AR5+AR6+AR7+AR8+AR9+AR10+AR11+AR12+AR13+AR14+AR15+AR16+AR17+AR18+AR19+AR20+AR21+AR22+AR23+AR24+AR25+AR26+AR27+AR28+AR29+AR30+AR31+AR32 -> 0 | AS33: =AS4+AS5+AS6+AS7+AS8+AS9+AS10+AS11+AS12+AS13+AS14+AS15+AS16+AS17+AS18+AS19+AS20+AS21+AS22+AS23+AS24+AS25+AS26+AS27+AS28+AS29+AS30+AS31+AS32 -> 0.10475944 | AU33: =AU4+AU5+AU6+AU7+AU8+AU9+AU10+AU11+AU12+AU13+AU14+AU15+AU16+AU17+AU18+AU19+AU20+AU21+AU22+AU23+AU24+AU25+AU26+AU27+AU28+AU29+AU30+AU31+AU32 -> 121.47487 | AV33: =AV4+AV5+AV6+AV7+AV8+AV9+AV10+AV11+AV12+AV13+AV14+AV15+AV16+AV17+AV18+AV19+AV20+AV21+AV22+AV23+AV24+AV25+AV26+AV27+AV28+AV29+AV30+AV31+AV32 -> 334.60661 | AW33: =AW4+AW5+AW6+AW7+AW8+AW9+AW10+AW11+AW12+AW13+AW14+AW15+AW16+AW17+AW18+AW19+AW20+AW21+AW22+AW23+AW24+AW25+AW26+AW27+AW28+AW29+AW30+AW31+AW32 -> 86.357702 | AX33: =AX4+AX5+AX6+AX7+AX8+AX9+AX10+AX11+AX12+AX13+AX14+AX15+AX16+AX17+AX18+AX19+AX20+AX21+AX22+AX23+AX24+AX25+AX26+AX27+AX28+AX29+AX30+AX31+AX32 -> 303.30634 | AY33: =AY4+AY5+AY6+AY7+AY8+AY9+AY10+AY11+AY12+AY13+AY14+AY15+AY16+AY17+AY18+AY19+AY20+AY21+AY22+AY23+AY24+AY25+AY26+AY27+AY28+AY29+AY30+AY31+AY32 -> 1703.0023 | AZ33: =AZ4+AZ5+AZ6+AZ7+AZ8+AZ9+AZ10+AZ11+AZ12+AZ13+AZ14+AZ15+AZ16+AZ17+AZ18+AZ19+AZ20+AZ21+AZ22+AZ23+AZ24+AZ25+AZ26+AZ27+AZ28+AZ29+AZ30+AZ31+AZ32 -> 692.83094 | BA33: =(AZ33+AY33)/AX33 -> 7.8990543
F34: =(E33+D33)/C33 -> 7.3167054 | J34: =(I33+H33)/G33 -> 4.7149535 | N34: =(M33+L33)/K33 -> 15.179811 | R34: =(Q33+P33)/O33 -> 24.772114 | V34: =(U33+T33)/S33 -> 14.64121 | Z34: =(Y33+X33)/W33 -> 8.1183347 | AD34: =(AC33+AB33)/AA33 -> 9.4147179 | AH34: =(AG33+AF33)/AE33 -> 18.045228 | AL34: =(AK33+AJ33)/AI33 -> 11.123842 | AP34: =(AO33+AN33)/AM33 -> 11.678896 | AT34: =(AS33+AR33)/AQ33 -> 5.7623457

Sheet 17-18
A1: Sl. No. | B1: State/UT | C1: ANTHURIUM | G1: CARNATION | K1: CHRYSANTHEMUM | O1: GERBERA | S1: GLADIOLUS | W1: JASMINE | AA1: MARIGOLD | AE1: ORCHIDS | AI1: ROSE | AM1: TUBE ROSE | AQ1: TULIP | AU1: OTHER FLOWERS | AX1: TOTAL
C2: A | D2: P | G2: A | H2: P | K2: A | L2: P | O2: A | P2: P | S2: A | T2: P | W2: A | X2: P | AA2: A | AB2: P | AE2: A | AF2: P | AI2: A | AJ2: P | AM2: A | AN2: P | AQ2: A | AR2: P | AU2: A | AV2: P | AX2: A | AY2: P
D3: Loose | E3: Cut | H3: Loose | I3: Cut | L3: Loose | M3: Cut | P3: Loose | Q3: Cut | T3: Loose | U3: Cut | X3: Loose | Y3: Cut | AB3: Loose | AC3: Cut | AF3: Loose | AG3: Cut | AJ3: Loose | AK3: Cut | AN3: Loose | AO3: Cut | AR3: Loose | AS3: Cut | AV3: Loose | AW3: Cut | AY3: Loose | AZ3: Cut
A4: 1 | B4: ANDHRA PRADESH | K4: 6.059 | L4: 260.892 | W4: 3.996 | X4: 22.705 | AA4: 9.548 | AB4: 103.092 | AI4: 0.533 | AJ4: 2.49 | AM4: 1.758 | AN4: 12.43 | AU4: 3.841 | AV4: 27.344 | AX4: 25.735 | AY4: 428.953 | AZ4: 0 | BA4: =(AZ4+AY4)/AX4 -> 16.668078
A5: 2 | B5: ARUNACHAL PRADESH | O5: 0.001 | P5: 0.001 | AI5: 0.001 | AJ5: 0.002 | AX5: 0.002 | AY5: 0.003 | AZ5: 0 | BA5: =(AZ5+AY5)/AX5 -> 1.5
A6: 3 | B6: ASSAM | C6: 0.126 | D6: 0.863 | E6: 1.15 | G6: 0.186 | H6: 1.263 | I6: 1.4619048 | K6: 0.246 | L6: 1.717 | M6: 2.2833333 | O6: 0.766 | P6: 5.308 | Q6: 7.3428571 | S6: 0.426 | T6: 2.851 | U6: 8.9625 | W6: 0.266 | X6: 1.788 | Y6: 2.4777778 | AA6: 0.606 | AB6: 4.038 | AC6: 5.7055556 | AE6: 0.727 | AF6: 4.827 | AG6: 9.6 | AI6: 0.401 | AJ6: 2.716 | AK6: 5.3230769 | AM6: 0.341 | AN6: 2.289 | AO6: 3.25 | AU6: 0.966 | AV6: 6.268 | AW6: 8.5222222 | AX6: 5.057 | AY6: 33.928 | AZ6: 56.079228 | BA6: =(AZ6+AY6)/AX6 -> 17.798542
A7: 4 | B7: BIHAR | AA7: 0.54 | AB7: 5.541 | AI7: 0.003 | AK7: 0.12307692 | AQ7: 0.002 | AS7: 0 | AW7: 0.001014545 | AX7: 0.545 | AY7: 5.541 | AZ7: 0.12409147 | BA7: =(AZ7+AY7)/AX7 -> 10.394663
A8: 5 | B8: CHHATTISGARH | K8: 0.292 | L8: 0.898 | S8: 2.338 | T8: 1.581 | U8: 1.5496028 | W8: 0.042 | X8: 0.067 | AA8: 4.672 | AB8: 29.732 | AC8: 18.977778 | AI8: 1.182 | AJ8: 0.531 | AK8: 0.86980769 | AM8: 1.645 | AN8: 6.499 | AO8: 0.74444444 | AU8: 3.005 | AV8: 8.145 | AW8: 4.0277778 | AX8: 13.176 | AY8: 47.453 | AZ8: 26.16941 | BA8: =(AZ8+AY8)/AX8 -> 5.5876146
A9: 6 | B9: GUJARAT | W9: 0.761 | X9: 6.855 | AA9: 8.818 | AB9: 84.414 | AI9: 4.487 | AJ9: 0 | AU9: 6.36 | AV9: 60.886 | AX9: 20.426 | AY9: 152.155 | AZ9: 0 | BA9: =(AZ9+AY9)/AX9 -> 7.4490845
A10: 7 | B10: HARYANA | K10: 0.045 | L10: 0.06 | M10: 0.13333333 | O10: 0.036 | Q10: 1 | S10: 0.114 | U10: 1.3 | AA10: 4.919 | AB10: 55.252 | AI10: 0.155 | AJ10: 1.121 | AK10: 0.84615385 | AM10: 0.114 | AO10: 0.57777778 | AU10: 0.102 | AV10: 0.297 | AW10: 0.60555556 | AX10: 5.485 | AY10: 56.73 | AZ10: 4.4628205 | BA10: =(AZ10+AY10)/AX10 -> 11.156394
A11: 8 | B11: HIMACHAL PRADESH | G11: 0.069 | I11: 3.152381 | K11: 0.218 | L11: 6.228 | M11: 2.7777778 | O11: 0.006 | Q11: 0.38285714 | S11: 0.037 | U11: 0.93333333 | AA11: 0.136 | AB11: 6.119 | AI11: 0.044 | AK11: 2.5076923 | AU11: 0.134 | AV11: 0.0006 | AW11: 0.80555556 | AX11: 0.644 | AY11: 12.3476 | AZ11: 10.559597 | BA11: =(AZ11+AY11)/AX11 -> 35.570182
A12: 9 | B12: JAMMU & KASHMIR | C12: 0.1616 | G12: 2.7876 | H12: 0 | I12: 0.15323143 | K12: 3.8178 | L12: 2.5856 | M12: 0.014196111 | O12: 0.00303 | P12: 0 | Q12: 0 | S12: 0.03434 | W12: 0 | X12: 0 | Y12: 0.0011222222 | AA12: 0.33431 | AB12: 0.26563 | AG12: 0 | AI12: 0.01919 | AJ12: 0.01515 | AM12: 0.7979 | AN12: 0.0101 | AO12: 0.019638889 | AQ12: 0.01818 | AS12: 0.10475944 | AU12: 41.6019 | AV12: 26.8256 | AW12: 0.10201 | AX12: 49.57585 | AY12: 29.70208 | AZ12: 0.3949581 | BA12: =(AZ12+AY12)/AX12 -> 0.60709071
A13: 10 | B13: JHARKHAND | AU13: 0.796 | AV13: 4.471 | AW13: 8.6148556 | AX13: 0.796 | AY13: 4.471 | AZ13: 8.6148556 | BA13: =(AZ13+AY13)/AX13 -> 16.439517
A14: 11 | B14: KARNATAKA | C14: 0.045 | E14: 0.80555556 | G14: 0.019 | I14: 0.7047619 | K14: 5.808 | L14: 70.16 | O14: 0.09 | Q14: 2.28 | S14: 0.277 | U14: 8.9625 | W14: 5.53 | X14: 36.316 | AA14: 9.876 | AB14: 89.216 | AE14: 0.006 | AG14: 0.015384615 | AI14: 3.023 | AK14: 76.907692 | AM14: 2.308 | AN14: 17.1 | AO14: 2.8777778 | AU14: 4.374 | AV14: 18.166 | AW14: 0.34444444 | AX14: 31.356 | AY14: 230.958 | AZ14: 92.898117 | BA14: =(AZ14+AY14)/AX14 -> 10.328362
A15: 12 | B15: KERALA | AU15: 38.245 | AV15: 0.077209 | AW15: 28.157778 | AX15: 38.245 | AY15: 0.077209 | AZ15: 28.157778 | BA15: =(AZ15+AY15)/AX15 -> 0.73826609
A16: 13 | B16: MADHYA PRADESH | K16: 1.066 | L16: 13.288 | O16: 0.021 | P16: 0.09 | Q16: 0.75428571 | S16: 0.565 | T16: 2.771 | U16: 2.375 | W16: 0.112 | X16: 0.502 | AA16: 11.202 | AB16: 170.046 | AC16: 17.205556 | AE16: 0.002 | AF16: 0.006 | AI16: 2.437 | AJ16: 20.002 | AK16: 4.6461538 | AM16: 0.138 | AN16: 1.813 | AO16: 0.38888889 | AU16: 4.242 | AV16: 37.031 | AW16: 11.866667 | AX16: 19.785 | AY16: 245.549 | AZ16: 37.236551 | BA16: =(AZ16+AY16)/AX16 -> 14.292926
A17: 14 | B17: MAHARASHTRA | G17: 0.017 | I17: 0.31428571 | K17: 0.386 | L17: 1.65 | O17: 0.049 | P17: 0.007 | Q17: 8.42 | S17: 0.338 | T17: 0.001 | U17: 11.96 | W17: 0.45 | X17: 1.651 | AA17: 2.836 | AB17: 23.203 | AC17: 1.25 | AI17: 0.888 | AJ17: 0.187 | AK17: 22.18 | AM17: 0.236 | AN17: 0.385 | AO17: 6.0113333 | AU17: 0.285 | AV17: 1.993 | AW17: 6.85 | AX17: 5.485 | AY17: 29.077 | AZ17: 56.985619 | BA17: =(AZ17+AY17)/AX17 -> 15.690541
A18: 15 | B18: MANIPUR | O18: 0.012 | P18: 0.049 | S18: 0.006 | T18: 0.081 | AA18: 0.033 | AB18: 0.026 | AU18: 0.112 | AV18: 0.334 | AX18: 0.163 | AY18: 0.49 | AZ18: 0 | BA18: =(AZ18+AY18)/AX18 -> 3.006135
A19: 16 | B19: MEGHALAYA | C19: 0.002892 | E19: 0.024605556 | G19: 0.001894 | I19: 0.10798095 | K19: 4.1e-05 | M19: 0.00014444444 | O19: 0.004119 | Q19: 0.1324 | AE19: 0.002029 | AG19: 0.051046154 | AI19: 0.00036 | AK19: 0.0019384615 | AU19: 0.000647 | AW19: 0.019255556 | AX19: 0.011982 | AY19: 0 | AZ19: 0.33737112 | BA19: =(AZ19+AY19)/AX19 -> 28.156495
A20: 17 | B20: MIZORAM | C20: 0.061 | E20: 0.75 | G20: 0.012 | I20: 0.085714286 | O20: 0.025 | Q20: 0.15428571 | S20: 0.02 | U20: 0.0125 | AE20: 0.015 | AG20: 0.0076923077 | AI20: 0.024 | AK20: 0.63076923 | AU20: 0.079 | AW20: 0.90555556 | AX20: 0.236 | AY20: 0 | AZ20: 2.5465171 | BA20: =(AZ20+AY20)/AX20 -> 10.790327
A21: 18 | B21: NAGALAND | C21: 0.025 | E21: 0.73334444 | O21: 0.014 | Q21: 0.85715429 | AE21: 0.005 | AG21: 0.038469231 | AI21: 0.004 | AK21: 1.4211 | AU21: 0.018 | AV21: 4.546 | AW21: 5.7361944 | AX21: 0.066 | AY21: 4.546 | AZ21: 8.7862624 | BA21: =(AZ21+AY21)/AX21 -> 202.00398
A22: 19 | B22: ODISHA | O22: 0.016 | Q22: 1.34857 | S22: 1.596 | U22: 19.7 | AA22: 2.616 | AB22: 23.594 | AI22: 1.87 | AK22: 27.746 | AM22: 0.514 | AN22: 1.314 | AX22: 6.612 | AY22: 24.908 | AZ22: 48.79457 | BA22: =(AZ22+AY22)/AX22 -> 11.146789
A23: 20 | B23: PUNJAB | AU23: 2.07 | AV23: 10.67 | AX23: 2.07 | AY23: 10.67 | AZ23: 0 | BA23: =(AZ23+AY23)/AX23 -> 5.1545894
A24: 21 | B24: RAJASTHAN | AA24: 0.782 | AB24: 1.581 | AI24: 1.694 | AJ24: 3.613 | AU24: 1.017 | AV24: 1.878 | AX24: 3.493 | AY24: 7.072 | AZ24: 0 | BA24: =(AZ24+AY24)/AX24 -> 2.0246207
A25: 22 | B25: SIKKIM | C25: 0.011 | E25: 0.027777778 | G25: 0.007 | I25: 0.042857143 | O25: 0.031 | Q25: 0.00062040816 | S25: 0.034 | U25: 0.0109375 | AA25: 0.017 | AB25: 16.5 | AE25: 0.038 | AG25: 1.0519395e-05 | AI25: 0.025 | AK25: 0.0014201183 | AU25: 0.079 | AW25: 0.0024382716 | AX25: 0.242 | AY25: 16.5 | AZ25: 0.086061738 | BA25: =(AZ25+AY25)/AX25 -> 68.537445
A26: 23 | B26: TAMIL NADU | C26: 0.002 | D26: 0.005 | G26: 0.027 | H26: 1.595 | K26: 5.836 | L26: 104.716 | O26: 0.019 | P26: 2.055 | W26: 13.611 | X26: 120.591 | AA26: 2.761 | AB26: 71.695 | AI26: 2.088 | AJ26: 66.971 | AM26: 4.979 | AN26: 65.968 | AU26: 4.9022 | AV26: 48.924 | AX26: 34.2252 | AY26: 482.52 | AZ26: 0 | BA26: =(AZ26+AY26)/AX26 -> 14.098384
A27: 24 | B27: TELANGANA | G27: 0.01459 | I27: 1.3760476 | K27: 0.93033 | L27: 2.2164 | M27: 1.0888889 | O27: 0.11056 | Q27: 1.7318857 | W27: 0.2088 | X27: 0.99175 | AA27: 1.415 | AB27: 10.1808 | AE27: 0.00345 | AG27: 0.076923077 | AI27: 0.54925 | AJ27: 2.693 | AK27: 0.92307692 | AM27: 0.026 | AN27: 0.326 | AU27: 0.4512 | AV27: 1.5134 | AX27: 3.70918 | AY27: 17.92135 | AZ27: 5.1968222 | BA27: =(AZ27+AY27)/AX27 -> 6.2326908
A28: 25 | B28: TRIPURA | AX28: 0 | AY28: 0 | AZ28: 0 | BA28: =(AZ28+AY28)/AX28 -> #DIV/0!
A29: 26 | B29: UTTAR PRADESH | S29: 3.476 | U29: 43.45 | AA29: 4.034 | AB29: 8.068 | AI29: 13.713 | AJ29: 38.347 | AK29: 21.753846 | AX29: 21.223 | AY29: 46.415 | AZ29: 65.203846 | BA29: =(AZ29+AY29)/AX29 -> 5.259334
A30: 27 | B30: UTTARAKHAND | G30: 0.02026 | I30: 0.556 | O30: 0.1043 | Q30: 5.5768571 | S30: 0.27513 | U30: 5.486125 | AA30: 0.82884 | AB30: 2.16771 | AI30: 0.15262 | AJ30: 0.21785 | AM30: 0.01707 | AN30: 0.01936 | AU30: 0.13507 | AV30: 0.13413 | AW30: 0.099722222 | AX30: 1.53329 | AY30: 2.53905 | AZ30: 11.718704 | BA30: =(AZ30+AY30)/AX30 -> 9.2987982
A31: 28 | B31: WEST BENGAL | C31: 0.002 | E31: 0.066666667 | K31: 0.58 | M31: 8.5416667 | O31: 0.008 | Q31: 0.86228571 | S31: 2.865 | U31: 53.7125 | W31: 0.5 | X31: 0.65 | AA31: 7.18 | AB31: 62.95 | AE31: 0.0013 | AG31: 0.039230769 | AI31: 1.78 | AK31: 63.692308 | AM31: 6 | AO31: 77.555556 | AU31: 7.86 | AV31: 11.28 | AX31: 26.7763 | AY31: 74.88 | AZ31: 204.47021 | BA31: =(AZ31+AY31)/AX31 -> 10.432741
A32: 29 | B32: OTHERS | C32: 0.001 | D32: 0 | E32: 0.011111111 | G32: 0 | H32: 0 | I32: 0 | K32: 0.473 | L32: 0 | M32: 0.011111111 | O32: 0.005 | P32: 0 | Q32: 0.26285714 | S32: 0.446 | T32: 0 | U32: 0 | W32: 0.0579 | X32: 0.516 | Y32: 0 | AA32: 2.9235 | AB32: 0.271 | AC32: 0 | AE32: 0.003 | AF32: 0 | AG32: 0.18461538 | AI32: 0.497 | AJ32: 0.021 | AK32: 0.046153846 | AM32: 0.343 | AN32: 0.023 | AO32: 0 | AQ32: 0 | AR32: 0 | AS32: 0 | AU32: 2.58 | AV32: 0.3367 | AW32: 0 | AX32: 7.3294 | AY32: 1.1677 | AZ32: 0.5158486 | BA32: =(AZ32+AY32)/AX32 -> 0.22969801
B33: Total | C33: 0.437492 | D33: 0.868 | E33: 3.5690611 | G33: 3.161344 | H33: 2.858 | I33: 7.9551648 | K33: 25.757171 | L33: 464.411 | M33: 14.850452 | O33: 1.321009 | P33: 7.51 | Q33: 31.106916 | S33: 12.84747 | T33: 7.285 | U33: 158.415 | W33: 25.5347 | X33: 192.63275 | Y33: 2.4789 | AA33: 76.07765 | AB33: 767.95214 | AC33: 43.138889 | AE33: 0.802779 | AF33: 4.833 | AG33: 10.013372 | AI33: 35.57042 | AJ33: 138.927 | AK33: 229.62027 | AM33: 19.21697 | AN33: 108.17646 | AO33: 91.425417 | AQ33: 0.02018 | AR33: 0 | AS33: 0.10475944 | AU33: 123.25602 | AV33: 271.12064 | AW33: 76.661046 | AX33: 324.0032 | AY33: 1966.574 | AZ33: 669.33924 | BA33: =(AZ33+AY33)/AX33 -> 8.1354543
F34: =(E33+D33)/C33 -> 10.142039 | J34: =(I33+H33)/G33 -> 3.4204328 | N34: =(M33+L33)/K33 -> 18.606913 | R34: =(Q33+P33)/O33 -> 29.232894 | V34: =(U33+T33)/S33 -> 12.897481 | Z34: =(Y33+X33)/W33 -> 7.6410394 | AD34: =(AC33+AB33)/AA33 -> 10.661358 | AH34: =(AG33+AF33)/AE33 -> 18.493723 | AL34: =(AK33+AJ33)/AI33 -> 10.36106 | AP34: =(AO33+AN33)/AM33 -> 10.386751 | AT34: =(AS33+AR33)/AQ33 -> 5.191251

Sheet 18-19
A1: Sl. No. | B1: State/UT | C1: ANTHURIUM | G1: CARNATION | K1: CHRYSANTHEMUM | O1: GERBERA | S1: GLADIOLUS | W1: JASMINE | AA1: MARIGOLD | AE1: ORCHIDS | AI1: ROSE | AM1: TUBE ROSE | AQ1: TULIP | AU1: OTHER FLOWERS | AX1: TOTAL
C2: A | D2: P | G2: A | H2: P | K2: A | L2: P | O2: A | P2: P | S2: A | T2: P | W2: A | X2: P | AA2: A | AB2: P | AE2: A | AF2: P | AI2: A | AJ2: P | AM2: A | AN2: P | AQ2: A | AR2: P | AU2: A | AV2: P | AX2: A | AY2: P
D3: Loose | E3: Cut | H3: Loose | I3: Cut | L3: Loose | M3: Cut | P3: Loose | Q3: Cut | T3: Loose | U3: Cut | X3: Loose | Y3: Cut | AB3: Loose | AC3: Cut | AF3: Loose | AG3: Cut | AJ3: Loose | AK3: Cut | AN3: Loose | AO3: Cut | AR3: Loose | AS3: Cut | AV3: Loose | AW3: Cut | AY3: Loose | AZ3: Cut
A4: 1 | B4: ANDHRA PRADESH | K4: 7.032 | L4: 337.536 | W4: 3.673 | X4: 22.038 | AA4: 7.981 | AB4: 95.772 | AI4: 0.683 | AJ4: 3.415 | AM4: 2.629 | AN4: 23.661 | AU4: 6.346 | AV4: 47.924 | AX4: 28.344 | AY4: 530.346 | AZ4: 0 | BA4: =(AZ4+AY4)/AX4 -> 18.71105
A5: 2 | B5: ARUNACHAL PRADESH | O5: 0.001 | P5: 0.001 | AI5: 0.001 | AJ5: 0.002 | AX5: 0.002 | AY5: 0.003 | AZ5: 0 | BA5: =(AZ5+AY5)/AX5 -> 1.5
A6: 3 | B6: ASSAM | C6: 0.138 | D6: 0.909 | E6: 1.2777778 | G6: 0.198 | H6: 1.301 | I6: 1.5714286 | K6: 0.258 | L6: 1.764 | M6: 2.4555556 | O6: 0.688 | P6: 4.286 | Q6: 7.3371429 | S6: 0.428 | T6: 2.83 | U6: 8.8125 | W6: 0.278 | X6: 1.834 | Y6: 2.4111111 | AA6: 0.618 | AB6: 4.016 | AC6: 5.6388889 | AE6: 0.739 | AF6: 4.805 | AG6: 9.5 | AI6: 0.432 | AJ6: 2.655 | AK6: 5.2307692 | AM6: 0.353 | AN6: 2.267 | AO6: 3.5111111 | AU6: 0.97 | AV6: 5.7 | AW6: 8.4111111 | AX6: 5.1 | AY6: 32.367 | AZ6: 56.157396 | BA6: =(AZ6+AY6)/AX6 -> 17.357725
A7: 4 | B7: BIHAR | S7: 0.012 | U7: 0.025 | W7: 0.004 | X7: 0.012 | AA7: 1.347 | AB7: 10.064 | AI7: 0.015 | AK7: 0.053846154 | AM7: 0.001 | AO7: 0.027777778 | AQ7: 0.002 | AR7: 0.001 | AU7: 0.02 | AV7: 0.024 | AX7: 1.401 | AY7: 10.101 | AZ7: 0.10662393 | BA7: =(AZ7+AY7)/AX7 -> 7.2859557
A8: 5 | B8: CHHATTISGARH | K8: 0.323 | L8: 0.976 | S8: 2.207 | T8: 2.333 | U8: 1.922 | W8: 0.041 | X8: 0.07 | AA8: 5.396 | AB8: 41.197 | AC8: 13.177778 | AI8: 1.307 | AJ8: 1.459 | AK8: 33.207692 | AM8: 1.699 | AN8: 5.833 | AO8: 6.3666667 | AU8: 2.78 | AV8: 8.199 | AW8: 4.3722222 | AX8: 13.753 | AY8: 60.067 | AZ8: 59.046359 | BA8: =(AZ8+AY8)/AX8 -> 8.6609001
A9: 6 | B9: GUJARAT | W9: 0.856 | X9: 7.716 | AA9: 8.965 | AB9: 86.23 | AI9: 4.178 | AJ9: 38.867 | AU9: 6.498 | AV9: 63.047 | AX9: 20.497 | AY9: 195.86 | AZ9: 0 | BA9: =(AZ9+AY9)/AX9 -> 9.5555447
A10: 7 | B10: HARYANA | K10: 0.066 | M10: 0.05 | O10: 0.01 | Q10: 0.31428571 | S10: 0.192 | U10: 1.15 | AA10: 5.288 | AB10: 71.47 | AI10: 0.131 | AJ10: 1.322 | AK10: 0.56153846 | AM10: 0.206 | AO10: 0.69444444 | AU10: 0.07 | AV10: 0.003 | AW10: 0.56111111 | AX10: 5.963 | AY10: 72.795 | AZ10: 3.3313797 | BA10: =(AZ10+AY10)/AX10 -> 12.766456
A11: 8 | B11: HIMACHAL PRADESH | G11: 0.079 | I11: 3.647619 | K11: 0.222 | L11: 3.102 | M11: 2.9777778 | O11: 0.008 | Q11: 0.53714286 | S11: 0.05 | U11: 1.1875 | AA11: 0.157 | AB11: 2.36 | AI11: 0.068 | AJ11: 0.209 | AK11: 3.3230769 | AU11: 0.122 | AV11: 0.0006 | AW11: 0.68888889 | AX11: 0.706 | AY11: 5.6716 | AZ11: 12.362005 | BA11: =(AZ11+AY11)/AX11 -> 25.543351
A12: 9 | B12: JAMMU & KASHMIR | C12: 0.00018 | E12: 5.5555556e-05 | G12: 0.00397 | I12: 0.1342381 | K12: 0.00397 | L12: 0.00142 | M12: 0.0057222222 | O12: 0.00527 | Q12: 2.0414286 | S12: 0.02297 | U12: 1.443375 | W12: 0.0026 | Y12: 0.078888889 | AA12: 0.16755 | AB12: 0.14635 | AC12: 0.27295 | AE12: 0.0005 | AG12: 0 | AI12: 0.01296 | AJ12: 0.02248 | AK12: 0.15761538 | AM12: 0.00125 | AO12: 0.0039444444 | AQ12: 0.00304 | AR12: 0.0016 | AS12: 0.20705556 | AU12: 0.05129 | AV12: 26.8256 | AW12: 0.10201 | AX12: 0.27555 | AY12: 26.99745 | AZ12: 4.4472837 | BA12: =(AZ12+AY12)/AX12 -> 114.11625
A13: 10 | B13: JHARKHAND | AU13: 0.977 | AV13: 4.47 | AW13: 4.1388889 | AX13: 0.977 | AY13: 4.47 | AZ13: 4.1388889 | BA13: =(AZ13+AY13)/AX13 -> 8.8115546
A14: 11 | B14: KARNATAKA | C14: 0.065 | E14: 0.47777778 | G14: 0.078 | I14: 1.6 | K14: 5.866 | L14: 62.931 | O14: 0.237 | Q14: 3.9942857 | S14: 0.134 | U14: 3.9125 | W14: 3.117 | X14: 19.998 | AA14: 7.766 | AB14: 66.363 | AE14: 0.028 | AG14: 0.038461538 | AI14: 3.478 | AJ14: 3.385 | AK14: 62.476923 | AM14: 1.624 | AN14: 11.383 | AO14: 0.56666667 | AU14: 2.363 | AV14: 13.973 | AW14: 2.1444444 | AX14: 24.756 | AY14: 178.033 | AZ14: 75.211059 | BA14: =(AZ14+AY14)/AX14 -> 10.229603
A15: 12 | B15: KERALA | AU15: 53.26 | AV15: 0.077 | AW15: 44.840278 | AX15: 53.26 | AY15: 0.077 | AZ15: 44.840278 | BA15: =(AZ15+AY15)/AX15 -> 0.84335858
A16: 13 | B16: MADHYA PRADESH | G16: 0.011 | H16: 0.051 | K16: 1.106 | L16: 13.949 | O16: 0.02 | P16: 1.076 | S16: 0.805 | T16: 6.904 | W16: 0.114 | X16: 0.509 | AA16: 18.036 | AB16: 238.109 | AE16: 0.014 | AF16: 0.071 | AI16: 3.421 | AJ16: 33.857 | AM16: 0.211 | AN16: 2.65 | AU16: 6.098 | AV16: 57.915 | AX16: 29.836 | AY16: 355.091 | AZ16: 0 | BA16: =(AZ16+AY16)/AX16 -> 11.901428
A17: 14 | B17: MAHARASHTRA | AU17: 11.454 | AV17: 59.933 | AW17: 0.025673194 | AX17: 11.454 | AY17: 59.933 | AZ17: 0.025673194 | BA17: =(AZ17+AY17)/AX17 -> 5.2347366
A18: 15 | B18: MANIPUR | O18: 0.004 | Q18: 0.045714286 | S18: 0.005 | U18: 0.1125 | AA18: 0.005 | AB18: 0.005 | AU18: 0.018 | AV18: 0.004 | AW18: 0.094444444 | AX18: 0.032 | AY18: 0.009 | AZ18: 0.25265873 | BA18: =(AZ18+AY18)/AX18 -> 8.1768353
A19: 16 | B19: MEGHALAYA | C19: 0.00295 | E19: 0.00251 | G19: 0.001932 | I19: 0.0011014286 | K19: 4.2e-05 | M19: 0.0015 | O19: 0.004201 | Q19: 0.0013504571 | AE19: 0.00207 | AG19: 0.0052069231 | AI19: 0.000367 | AK19: 0.0019769231 | AU19: 0.00066 | AW19: 0.0019638889 | AX19: 0.012222 | AY19: 0 | AZ19: 0.015609621 | BA19: =(AZ19+AY19)/AX19 -> 1.277174
A20: 17 | B20: MIZORAM | C20: 0.011 | E20: 0.60994444 | G20: 0.01 | I20: 0.004047619 | O20: 0.018 | Q20: 0.091428571 | S20: 0.0205 | U20: 0.006625 | AE20: 0.015 | AG20: 0.0017692308 | AI20: 0.0242 | AK20: 0.62784615 | AU20: 0.079 | AW20: 0.90527778 | AX20: 0.1777 | AZ20: 2.2469388 | BA20: =(AZ20+AY20)/AX20 -> 12.644563
A21: 18 | B21: NAGALAND | C21: 0.020003 | E21: 5.4722333 | G21: 0 | I21: 0.15380952 | O21: 0.014251 | Q21: 0.057165714 | AE21: 0.005 | AG21: 0.015384615 | AI21: 0.000604 | AK21: 8.7938615 | AU21: 0.003678 | AW21: 9.9112056 | AX21: 0.043536 | AZ21: 24.40366 | BA21: =(AZ21+AY21)/AX21 -> 560.53979
A22: 19 | B22: ODISHA | AU22: 6.61 | AV22: 24.9 | AW22: 28.541222 | AX22: 6.61 | AY22: 24.9 | AZ22: 28.541222 | BA22: =(AZ22+AY22)/AX22 -> 8.084905
A23: 20 | B23: PUNJAB | AU23: 2.092 | AV23: 13.073 | AX23: 2.092 | AY23: 13.073 | AZ23: 0 | BA23: =(AZ23+AY23)/AX23 -> 6.249044
A24: 21 | B24: RAJASTHAN | AU24: 3.475 | AV24: 4.853 | AX24: 3.475 | AY24: 4.853 | AZ24: 0 | BA24: =(AZ24+AY24)/AX24 -> 1.3965468
A25: 22 | B25: SIKKIM | C25: 0.011 | E25: 0.027777778 | G25: 0.007 | I25: 0.042857143 | O25: 0.031 | Q25: 0.00062040816 | S25: 0.034 | U25: 0.0109375 | AA25: 0.017 | AB25: 16.5 | AE25: 0.038 | AG25: 1.0519395e-05 | AI25: 0.025 | AK25: 0.0014201183 | AU25: 0.079 | AW25: 0.0024382716 | AX25: 0.242 | AY25: 16.5 | AZ25: 0.086061738 | BA25: =(AZ25+AY25)/AX25 -> 68.537445
A26: 23 | B26: TAMIL NADU | C26: 0.005 | E26: 0.83333333 | G26: 0.029 | I26: 8.3428571 | K26: 5.453 | L26: 98.225 | O26: 0.019 | Q26: 13.028571 | S26: 0.04 | T26: 0.442 | W26: 14.068 | X26: 126.205 | AA26: 2.955 | AB26: 91.67 | AI26: 2.789 | AJ26: 55.09 | AM26: 6.342 | AN26: 83.794 | AU26: 5.5552 | AV26: 54.78 | AW26: 1.7055556 | AX26: 37.2552 | AY26: 510.206 | AZ26: 23.910317 | BA26: =(AZ26+AY26)/AX26 -> 14.336692
A27: 24 | B27: TELANGANA | G27: 0.01 | I27: 0.77619048 | K27: 1.092 | L27: 2.775 | M27: 0.12222222 | O27: 0.119 | Q27: 10.48 | W27: 0.297 | X27: 1.239 | AA27: 1.739 | AB27: 11.397 | AE27: 0.006 | AG27: 0.038461538 | AI27: 0.538 | AJ27: 2.654 | AM27: 0.038 | AN27: 0.245 | AO27: 0.3 | AU27: 0.864 | AV27: 3.908 | AX27: 4.703 | AY27: 22.218 | AZ27: 11.716874 | BA27: =(AZ27+AY27)/AX27 -> 7.2155803
A28: 25 | B28: TRIPURA | AX28: 0 | AY28: 0 | AZ28: 0 | BA28: =(AZ28+AY28)/AX28 -> #DIV/0!
A29: 26 | B29: UTTAR PRADESH | S29: 3.513 | U29: 43.9125 | AA29: 4.081 | AB29: 8.164 | AI29: 13.766 | AJ29: 38.564 | AK29: 21.9 | AX29: 21.36 | AY29: 46.728 | AZ29: 65.8125 | BA29: =(AZ29+AY29)/AX29 -> 5.26875
A30: 27 | B30: UTTARAKHAND | G30: 0.02 | I30: 0.6 | O30: 0.112 | Q30: 6.1085714 | S30: 0.284 | U30: 8.075 | AA30: 0.839 | AB30: 2.643 | AI30: 0.145 | AJ30: 0.213 | AM30: 0.017 | AN30: 0.018 | AU30: 0.146 | AV30: 0.144 | AW30: 0.13333333 | AX30: 1.563 | AY30: 3.018 | AZ30: 14.916905 | BA30: =(AZ30+AY30)/AX30 -> 11.474667
A31: 28 | B31: WEST BENGAL | C31: 0.002 | E31: 0.075 | K31: 0.67 | M31: 9.4777778 | O31: 0.009 | Q31: 0.97028571 | S31: 2.89 | U31: 54.3875 | W31: 0.515 | X31: 0.696 | AA31: 7.382 | AB31: 64.725 | AE31: 0.002 | AG31: 0.041923077 | AI31: 1.805 | AK31: 64.6 | AM31: 7.2 | AO31: 84.816667 | AU31: 8.015 | AV31: 11.851 | AX31: 28.49 | AY31: 77.272 | AZ31: 214.36915 | BA31: =(AZ31+AY31)/AX31 -> 10.236615
A32: 29 | B32: OTHERS | C32: 0 | D32: 0 | E32: 0 | G32: 0 | H32: 0 | I32: 0 | K32: 0 | L32: 0 | M32: 0 | O32: 0 | P32: 0 | Q32: 0 | S32: 0 | T32: 0 | U32: 0 | W32: 0 | X32: 0 | Y32: 0 | AA32: 0 | AB32: 0 | AC32: 0 | AE32: 0 | AF32: 0 | AG32: 0 | AI32: 0 | AJ32: 0 | AK32: 0 | AM32: 0 | AN32: 0 | AO32: 0 | AQ32: 0 | AR32: 0 | AS32: 0 | AU32: 0.82828 | AV32: 12.608 | AW32: 0.589 | AX32: 0.82828 | AY32: 12.608 | AZ32: 0.589 | BA32: =(AZ32+AY32)/AX32 -> 15.933018
B33: Total | C33: 0.255133 | D33: 0.909 | E33: 8.77641 | G33: 0.447902 | H33: 1.352 | I33: 16.874149 | K33: 22.092012 | L33: 521.25942 | M33: 15.090556 | O33: 1.299722 | P33: 5.363 | Q33: 45.007994 | S33: 10.63747 | T33: 12.509 | U33: 124.95794 | W33: 22.9656 | X33: 180.317 | Y33: 2.49 | AA33: 72.73955 | AB33: 810.83135 | AC33: 19.089617 | AE33: 0.84957 | AF33: 4.876 | AG33: 9.6412174 | AI33: 32.820131 | AJ33: 181.71448 | AK33: 200.93657 | AM33: 20.32125 | AN33: 129.851 | AO33: 96.287278 | AQ33: 0.00504 | AR33: 0.0026 | AS33: 0.20705556 | AU33: 118.77511 | AV33: 414.2122 | AW33: 107.16907 | AX33: 303.20849 | AY33: 2263.1971 | AZ33: 646.52785 | BA33: =(AZ33+AY33)/AX33 -> 9.5964494
F34: =(E33+D33)/C33 -> 37.9622 | J34: =(I33+H33)/G33 -> 40.69227 | N34: =(M33+L33)/K33 -> 24.278005 | R34: =(Q33+P33)/O33 -> 38.755206 | V34: =(U33+T33)/S33 -> 12.922898 | Z34: =(Y33+X33)/W33 -> 7.9600359 | AD34: =(AC33+AB33)/AA33 -> 11.409487 | AH34: =(AG33+AF33)/AE33 -> 17.087724 | AL34: =(AK33+AJ33)/AI33 -> 11.659035 | AP34: =(AO33+AN33)/AM33 -> 11.128168 | AT34: =(AS33+AR33)/AQ33 -> 41.598325 | AY34: =(AX33+AW33)/AV33 -> 0.99074232 | AZ34: =(AY33+AX33)/AW33 -> 23.94726 | BA34: =(AZ33+AY33)/AX33 -> 9.5964494 | BB34: =(BA33+AZ33)/AY33 -> 0.28991037 | BC34: =(BB33+BA33)/AZ33 -> 0.014843056 | BD34: =(BC33+BB33)/BA33 -> 0 | BE34: =(BD33+BC33)/BB33 -> #DIV/0! | BF34: =(BE33+BD33)/BC33 -> #DIV/0!

Sheet 19-20
A1: Sl. No. | B1: State/UT | C1: ANTHURIUM | G1: CARNATION | K1: CHRYSANTHEMUM | O1: GERBERA | S1: GLADIOLUS | W1: JASMINE | AA1: MARIGOLD | AE1: ORCHIDS | AI1: ROSE | AM1: TUBE ROSE | AQ1: TULIP | AU1: OTHER FLOWERS | AX1: TOTAL
C2: A | D2: P | G2: A | H2: P | K2: A | L2: P | O2: A | P2: P | S2: A | T2: P | W2: A | X2: P | AA2: A | AB2: P | AE2: A | AF2: P | AI2: A | AJ2: P | AM2: A | AN2: P | AQ2: A | AR2: P | AU2: A | AV2: P | AX2: A | AY2: P
D3: Loose | E3: Cut | H3: Loose | I3: Cut | L3: Loose | M3: Cut | P3: Loose | Q3: Cut | T3: Loose | U3: Cut | X3: Loose | Y3: Cut | AB3: Loose | AC3: Cut | AF3: Loose | AG3: Cut | AJ3: Loose | AK3: Cut | AN3: Loose | AO3: Cut | AR3: Loose | AS3: Cut | AV3: Loose | AW3: Cut | AY3: Loose | AZ3: Cut
A4: 1 | B4: ANDHRA PRADESH | K4: 7.208 | L4: 345.994 | W4: 3.692 | X4: 22.152 | AA4: 8.378 | AB4: 100.536 | AI4: 0.605 | AK4: 23.269231 | AM4: 2.953 | AN4: 26.577 | AU4: 3.797 | AV4: 27.01 | AX4: 26.633 | AY4: 522.269 | AZ4: 23.269231 | BA4: =(AZ4+AY4)/AX4 -> 20.483544
A5: 2 | B5: ARUNACHAL PRADESH | O5: 0.001 | P5: 0.001 | AI5: 0.001 | AJ5: 0.002 | AX5: 0.002 | AY5: 0.003 | AZ5: 0 | BA5: =(AZ5+AY5)/AX5 -> 1.5
A6: 3 | B6: ASSAM | C6: 0.126 | D6: 0.863 | E6: 1.15 | G6: 0.186 | H6: 1.263 | I6: 1.4619048 | K6: 0.246 | L6: 1.717 | M6: 2.2833333 | O6: 0.748 | P6: 5.256 | Q6: 6.7657143 | S6: 0.426 | T6: 2.851 | U6: 8.9625 | W6: 0.266 | X6: 1.788 | Y6: 2.4777778 | AA6: 0.606 | AB6: 4.038 | AC6: 5.7055556 | AE6: 0.727 | AF6: 4.827 | AG6: 9.6 | AI6: 0.401 | AJ6: 2.716 | AK6: 5.3230769 | AM6: 0.341 | AN6: 2.289 | AO6: 3.25 | AU6: 0.964 | AV6: 6.268 | AW6: 8.5222222 | AX6: 5.037 | AY6: 33.876 | AZ6: 55.502085 | BA6: =(AZ6+AY6)/AX6 -> 17.744309
A7: 4 | B7: BIHAR | O7: 0 | P7: 0.001 | W7: 0.004 | X7: 0.013 | AA7: 0.844 | AB7: 7.304 | AI7: 0.008 | AK7: 0.076923077 | AM7: 0.001 | AO7: 0.027777778 | AQ7: 0.002 | AR7: 0.001 | AU7: 0.003 | AV7: 0.016 | AX7: 0.862 | AY7: 7.335 | AZ7: 0.10470085 | BA7: =(AZ7+AY7)/AX7 -> 8.6307435
A8: 5 | B8: CHHATTISGARH | K8: 0.35 | L8: 0.936 | S8: 2.451 | U8: 1.9625 | W8: 0.019 | X8: 0.028 | AA8: 5.796 | AB8: 45.326 | AC8: 0.016666667 | AI8: 1.237 | AK8: 0.30769231 | AM8: 1.528 | AN8: 6.45 | AO8: 0.0055555556 | AU8: 2.675 | AV8: 8.396 | AX8: 14.056 | AY8: 61.136 | AZ8: 2.2924145 | BA8: =(AZ8+AY8)/AX8 -> 4.5125508
A9: 6 | B9: GUJARAT | W9: 0.866 | X9: 7.779 | AA9: 9.025 | AB9: 87.302 | AI9: 4.161 | AJ9: 39.049 | AU9: 6.326 | AV9: 61.861 | AX9: 20.378 | AY9: 195.991 | AZ9: 0 | BA9: =(AZ9+AY9)/AX9 -> 9.6177741
A10: 7 | B10: HARYANA | K10: 0.031 | L10: 0.02 | M10: 0.0028333333 | O10: 0.006 | Q10: 0.24651429 | S10: 0.07 | U10: 0.802875 | AA10: 2.867 | AB10: 37.463 | AI10: 0.213 | AJ10: 1.23 | AK10: 0.17853846 | AM10: 0.22 | AO10: 0.25016667 | AU10: 0.071 | AV10: 0.287 | AW10: 0.453 | AX10: 3.478 | AY10: 39 | AZ10: 1.9339277 | BA10: =(AZ10+AY10)/AX10 -> 11.769387
A11: 8 | B11: HIMACHAL PRADESH | G11: 0.105 | I11: 4.852381 | K11: 0.183 | L11: 2.743 | M11: 2.0388889 | O11: 0.008 | Q11: 0.51428571 | S11: 0.039 | U11: 0.9375 | AA11: 0.139 | AB11: 2.088 | AI11: 0.053 | AJ11: 0.035 | AK11: 2.9538462 | AU11: 0.102 | AV11: 0.001 | AW11: 0.45555556 | AX11: 0.629 | AY11: 4.867 | AZ11: 11.752457 | BA11: =(AZ11+AY11)/AX11 -> 26.422031
A12: 9 | B12: JAMMU & KASHMIR | C12: 0.00028 | E12: 0.00055555556 | G12: 0.0023425 | I12: 0.075785714 | K12: 0.0021941 | L12: 0.0018094 | M12: 0.0082555556 | O12: 0.013945 | Q12: 0.094228571 | S12: 0.0153108 | U12: 0.047975 | W12: 0.00155 | Y12: 0.062222222 | AA12: 0.0162045 | AB12: 0.0646255 | AC12: 0.00041111111 | AE12: 0.0005 | AF12: 0.00112 | AI12: 0.010728 | AJ12: 0.023706 | AK12: 0.23571538 | AM12: 0.000675 | AN12: 0.0016 | AO12: 5.5555556e-05 | AQ12: 0.02162 | AS12: 0.077312778 | AU12: 0.0495034 | AV12: 0.0841002 | AW12: 0.096330833 | AX12: 0.1348533 | AY12: 0.1769611 | AZ12: 0.69884828 | BA12: =(AZ12+AY12)/AX12 -> 6.4945343
A13: 10 | B13: JHARKHAND | AU13: 1.05 | AV13: 4.63 | AW13: 4.2388889 | AX13: 1.05 | AY13: 4.63 | AZ13: 4.2388889 | BA13: =(AZ13+AY13)/AX13 -> 8.4465608
A14: 11 | B14: KARNATAKA | C14: 0.011 | E14: 0.25 | G14: 0.03 | I14: 0.62857143 | K14: 8.618 | L14: 98.497 | O14: 0.099 | Q14: 1.7428571 | S14: 0.195 | U14: 6.0375 | W14: 2.985 | X14: 20.05 | AA14: 12.706 | AB14: 113.788 | AE14: 0.016 | AG14: 0.030769231 | AI14: 5.302 | AJ14: 0.804 | AK14: 154.96923 | AM14: 1.818 | AN14: 13.608 | AU14: 2.528 | AV14: 12.143 | AX14: 34.308 | AY14: 258.89 | AZ14: 163.65893 | BA14: =(AZ14+AY14)/AX14 -> 12.316338
A15: 12 | B15: KERALA | AU15: 53.26 | AV15: 0.077 | AW15: 44.840278 | AX15: 53.26 | AY15: 0.077 | AZ15: 44.840278 | BA15: =(AZ15+AY15)/AX15 -> 0.84335858
A16: 13 | B16: MADHYA PRADESH | K16: 1.22815 | L16: 15.31762 | S16: 0.86812 | T16: 7.41848 | AA16: 19.58622 | AB16: 256.44335 | AI16: 3.6455 | AJ16: 35.63489 | AM16: 0.23605 | AN16: 2.79322 | AU16: 7.07223 | AV16: 68.28673 | AX16: 32.63627 | AY16: 385.89429 | AZ16: 0 | BA16: =(AZ16+AY16)/AX16 -> 11.824093
A17: 14 | B17: MAHARASHTRA | AU17: 13.443 | AV17: 71.635 | AW17: 0.81566111 | AX17: 13.443 | AY17: 71.635 | AZ17: 0.81566111 | BA17: =(AZ17+AY17)/AX17 -> 5.3894712
A18: 15 | B18: MANIPUR | O18: 0.005 | Q18: 0.0081028571 | S18: 0.0075 | U18: 0.023531429 | AA18: 0.022 | AB18: 0.0022 | AI18: 0.01 | AK18: 0.0019 | AU18: 0.013 | AW18: 0.0515 | AX18: 0.0575 | AY18: 0.0022 | AZ18: 0.085034286 | BA18: =(AZ18+AY18)/AX18 -> 1.517118
A19: 16 | B19: MEGHALAYA | C19: 2.994 | E19: 0.025477778 | G19: 1.961 | I19: 0.11179524 | K19: 0.043 | M19: 0.00014955556 | O19: 4.264 | Q19: 1.3370686 | AE19: 2.101 | AG19: 0.052853846 | AI19: 0.373 | AK19: 0.0020076923 | AU19: 0.67 | AW19: 0.019933333 | AX19: 12.406 | AY19: 0 | AZ19: 1.549286 | BA19: =(AZ19+AY19)/AX19 -> 0.12488199
A20: 17 | B20: MIZORAM | C20: 0.011 | E20: 0.53235556 | AE20: 0.015 | AG20: 0.0014153846 | AI20: 0.0242 | AK20: 0.26176923 | AU20: 0.032 | AW20: 0.0076111111 | AX20: 0.0822 | AY20: 0 | AZ20: 0.80315128 | BA20: =(AZ20+AY20)/AX20 -> 9.7706969
A21: 18 | B21: NAGALAND | C21: 0.020003 | E21: 5.2100611 | G21: 0 | I21: 0.153 | O21: 0.01425 | Q21: 0.05716 | S21: 1e-06 | U21: 2.625 | AE21: 0.005 | AG21: 1.5384615e-05 | AI21: 0.000604 | AK21: 7.9707692 | AU21: 0.003676 | AV21: 0.017875 | AW21: 8.98805 | AX21: 0.043534 | AY21: 0.017875 | AZ21: 25.004056 | BA21: =(AZ21+AY21)/AX21 -> 574.76755
A22: 19 | B22: ODISHA | O22: 0.02313 | Q22: 1.7529714 | S22: 0.58517 | U22: 7.9024 | AA22: 2.9956 | AB22: 29.79995 | AI22: 1.4686 | AK22: 22.421692 | AM22: 0.38306 | AN22: 1.04858 | AX22: 5.45556 | AY22: 30.84853 | AZ22: 32.077064 | BA22: =(AZ22+AY22)/AX22 -> 11.534213
A23: 20 | B23: PUNJAB | AU23: 2.116 | AV23: 13.25 | AX23: 2.116 | AY23: 13.25 | AZ23: 0 | BA23: =(AZ23+AY23)/AX23 -> 6.2618147
A24: 21 | B24: RAJASTHAN | AU24: 3.911 | AV24: 12.881 | AX24: 3.911 | AY24: 12.881 | AZ24: 0 | BA24: =(AZ24+AY24)/AX24 -> 3.2935311
A25: 22 | B25: SIKKIM | C25: 0.011 | E25: 0.027777778 | G25: 0.007 | I25: 0.042857143 | O25: 0.031 | Q25: 0.00062040816 | S25: 0.034 | U25: 0.0109375 | AA25: 0.017 | AB25: 16.5 | AE25: 0.038 | AG25: 1.0519395e-05 | AI25: 0.025 | AK25: 0.0014201183 | AU25: 0.079 | AW25: 0.0024382716 | AX25: 0.242 | AY25: 16.5 | AZ25: 0.086061738 | BA25: =(AZ25+AY25)/AX25 -> 68.537445
A26: 23 | B26: TAMIL NADU | C26: 0.0054 | E26: 0.83333333 | G26: 0.02861 | I26: 8.3446667 | K26: 5.45265 | L26: 98.22459 | O26: 0.01936 | Q26: 11.885714 | S26: 0.04 | T26: 0.442 | W26: 13.402 | X26: 121.0116 | AA26: 2.95478 | AB26: 91.67017 | AI26: 1.319 | AJ26: 23.37553 | AM26: 7.334 | AN26: 95.08132 | AU26: 5.5494 | AV26: 56.86406 | AW26: 0.84722222 | AX26: 36.1052 | AY26: 486.66927 | AZ26: 21.910937 | BA26: =(AZ26+AY26)/AX26 -> 14.086065
A27: 24 | B27: TELANGANA | G27: 0.009 | I27: 0.028571429 | K27: 1.233 | L27: 22.191 | M27: 1.8833333 | O27: 0.123 | Q27: 6.8057143 | S27: 0 | U27: 0.0125 | W27: 0.248 | X27: 0.504 | AA27: 0.957 | AB27: 14.9 | AE27: 0.005 | AG27: 0.25384615 | AI27: 1.02 | AJ27: 4.578 | AK27: 0.28461538 | AU27: 0.635 | AV27: 9.528 | AW27: 0.033333333 | AX27: 4.23 | AY27: 51.701 | AZ27: 9.3019139 | BA27: =(AZ27+AY27)/AX27 -> 14.421493
A28: 25 | B28: TRIPURA | AX28: 0 | AY28: 0 | AZ28: 0 | BA28: =(AZ28+AY28)/AX28 -> #DIV/0!
A29: 26 | B29: UTTAR PRADESH | S29: 3.715 | U29: 46.4375 | AA29: 4.485 | AB29: 8.97 | AI29: 14.155 | AJ29: 39.469 | AX29: 22.355 | AY29: 48.439 | AZ29: 46.4375 | BA29: =(AZ29+AY29)/AX29 -> 4.2440841
A30: 27 | B30: UTTARAKHAND | G30: 0.02 | I30: 0.6 | O30: 0.114 | Q30: 6.3657143 | S30: 0.321 | U30: 8.125 | AA30: 0.86 | AB30: 2.669 | AI30: 0.148 | AJ30: 0.216 | AM30: 0.017 | AN30: 0.019 | AU30: 0.151 | AV30: 0.15 | AW30: 0.13333333 | AX30: 1.631 | AY30: 3.054 | AZ30: 15.224048 | BA30: =(AZ30+AY30)/AX30 -> 11.206651
A31: 28 | B31: WEST BENGAL | C31: 0.003 | E31: 0.10333333 | K31: 0.682 | M31: 9.6472222 | O31: 0.011 | Q31: 1.1251429 | S31: 2.91 | U31: 54.72625 | W31: 0.522 | X31: 0.56 | AA31: 7.41 | AB31: 62.365 | AE31: 0.003 | AG31: 0.055384615 | AI31: 1.818 | AK31: 65.064615 | AM31: 7.23 | AO31: 83.945556 | AU31: 8.046 | AV31: 10.65 | AX31: 28.635 | AY31: 73.575 | AZ31: 214.6675 | BA31: =(AZ31+AY31)/AX31 -> 10.066091
A32: 29 | B32: OTHERS | C32: 0 | D32: 0 | E32: 0 | G32: 0 | H32: 0 | I32: 0 | K32: 0 | L32: 0 | M32: 0 | O32: 0 | P32: 0 | Q32: 0 | S32: 0 | T32: 0 | U32: 0 | W32: 0.0315 | X32: 0.2562 | Y32: 0 | AA32: 0.037 | AB32: 0.196 | AC32: 0.016 | AE32: 0 | AF32: 0 | AG32: 0 | AI32: 0.005 | AJ32: 0.0108 | AK32: 0 | AM32: 0.006 | AN32: 0.015 | AO32: 0 | AQ32: 0 | AR32: 0 | AS32: 0 | AU32: 0.06862 | AV32: 0.248 | AW32: 0 | AX32: 0.14812 | AY32: 0.726 | AZ32: 0.016 | BA32: =(AZ32+AY32)/AX32 -> 5.0094518
B33: Total | C33: 3.181683 | D33: 0.863 | E33: 8.1328944 | G33: 2.3489525 | H33: 1.263 | I33: 16.299533 | K33: 25.276994 | L33: 585.64202 | M33: 15.864016 | O33: 5.480685 | P33: 5.258 | Q33: 38.701809 | S33: 11.677102 | T33: 10.71148 | U33: 138.61397 | W33: 22.03705 | X33: 174.1418 | Y33: 2.54 | AA33: 79.701805 | AB33: 881.4253 | AC33: 5.7386333 | AE33: 2.9105 | AF33: 4.82812 | AG33: 9.9942951 | AI33: 36.003632 | AJ33: 147.14393 | AK33: 283.32304 | AM33: 22.067785 | AN33: 147.88272 | AO33: 87.479111 | AQ33: 0.02362 | AR33: 0.001 | AS33: 0.077312778 | AU33: 112.61543 | AV33: 364.28377 | AW33: 69.505358 | AX33: 323.32524 | AY33: 2323.4441 | AZ33: 676.26998 | BA33: =(AZ33+AY33)/AX33 -> 9.2776986
F34: =(E33+D33)/C33 -> 2.8274012 | J34: =(I33+H33)/G33 -> 7.4767512 | N34: =(M33+L33)/K33 -> 23.796581 | R34: =(Q33+P33)/O33 -> 8.0208603 | V34: =(U33+T33)/S33 -> 12.787886 | Z34: =(Y33+X33)/W33 -> 8.0174887 | AD34: =(AC33+AB33)/AA33 -> 11.131039 | AH34: =(AG33+AF33)/AE33 -> 5.0927384 | AL34: =(AK33+AJ33)/AI33 -> 11.95621 | AP34: =(AO33+AN33)/AM33 -> 10.665403 | AT34: =(AS33+AR33)/AQ33 -> 3.3155283

Sheet 20-21
A1: Sl. No. | B1: State/UT | C1: ANTHURIUM | G1: CARNATION | K1: CHRYSANTHEMUM | O1: GERBERA | S1: GLADIOLUS | W1: JASMINE | AA1: MARIGOLD | AE1: ORCHIDS | AI1: ROSE | AM1: TUBE ROSE | AQ1: TULIP | AU1: OTHER FLOWERS | AX1: TOTAL
C2: A | D2: P | G2: A | H2: P | K2: A | L2: P | O2: A | P2: P | S2: A | T2: P | W2: A | X2: P | AA2: A | AB2: P | AE2: A | AF2: P | AI2: A | AJ2: P | AM2: A | AN2: P | AQ2: A | AR2: P | AU2: A | AV2: P | AX2: A | AY2: P
D3: Loose | E3: Cut | H3: Loose | I3: Cut | L3: Loose | M3: Cut | P3: Loose | Q3: Cut | T3: Loose | U3: Cut | X3: Loose | Y3: Cut | AB3: Loose | AC3: Cut | AF3: Loose | AG3: Cut | AJ3: Loose | AK3: Cut | AN3: Loose | AO3: Cut | AR3: Loose | AS3: Cut | AV3: Loose | AW3: Cut | AY3: Loose | AZ3: Cut
A4: 1 | B4: ANDHRA PRADESH | K4: 3.003 | L4: 144.144 | W4: 3.707 | X4: 22.242 | AA4: 6.368 | AB4: 76.416 | AI4: 0.57 | AK4: 21.923077 | AM4: 1.513 | AN4: 13.617 | AU4: 2.35 | AV4: 20.578 | AX4: 17.511 | AY4: 276.997 | AZ4: 21.923077 | BA4: =(AZ4+AY4)/AX4 -> 17.070417
A5: 2 | B5: ARUNACHAL PRADESH | O5: 0.001 | P5: 0.001 | AI5: 0.001 | AJ5: 0.002 | AX5: 0.002 | AY5: 0.003 | AZ5: 0 | BA5: =(AZ5+AY5)/AX5 -> 1.5
A6: 3 | B6: ASSAM | C6: 0.137 | D6: 0.923 | E6: 1.1611111 | G6: 0.195 | H6: 1.293 | I6: 1.4714286 | K6: 0.255 | L6: 1.757 | M6: 2.2944444 | O6: 0.757 | P6: 5.281 | Q6: 6.7771429 | S6: 0.435 | T6: 2.886 | U6: 8.9875 | W6: 0.275 | X6: 1.788 | Y6: 2.4888889 | AA6: 0.615 | AB6: 4.038 | AC6: 5.7166667 | AE6: 0.727 | AF6: 4.827 | AG6: 9.6153846 | AI6: 0.401 | AJ6: 2.716 | AK6: 5.3384615 | AM6: 0.341 | AN6: 2.289 | AO6: 3.3166667 | AU6: 0.964 | AV6: 6.268 | AW6: 8.5333333 | AX6: 5.102 | AY6: 34.066 | AZ6: 55.701029 | BA6: =(AZ6+AY6)/AX6 -> 17.594478
A7: 4 | B7: BIHAR | O7: 0 | P7: 0.002 | S7: 0.002 | U7: 0.025 | W7: 0.004 | X7: 0.013 | AA7: 1.159 | AB7: 10.601 | AI7: 0.018 | AK7: 0.13846154 | AM7: 0.001 | AO7: 0.027777778 | AQ7: 0.002 | AR7: 0.001 | AU7: 0.023 | AV7: 0.336 | AX7: 1.209 | AY7: 10.953 | AZ7: 0.19123932 | BA7: =(AZ7+AY7)/AX7 -> 9.2177331
A8: 5 | B8: CHHATTISGARH | K8: 0.342 | L8: 1.128 | S8: 2.4 | T8: 3.386 | U8: 113.9875 | W8: 0.016 | X8: 0.036 | AA8: 5.1 | AB8: 40.484 | AC8: 13.416667 | AI8: 1.196 | AJ8: 0.833 | AK8: 35.9 | AM8: 1.486 | AN8: 5.552 | AO8: 5.9722222 | AU8: 2.558 | AV8: 8.135 | AW8: 4.85 | AX8: 13.098 | AY8: 59.554 | AZ8: 174.12639 | BA8: =(AZ8+AY8)/AX8 -> 17.840921
A9: 6 | B9: GUJARAT | W9: 0.895 | X9: 7.971 | AA9: 8.736 | AB9: 83.277 | AI9: 4.12 | AJ9: 38.761 | AU9: 6.234 | AV9: 59.328 | AX9: 19.985 | AY9: 189.337 | AZ9: 0 | BA9: =(AZ9+AY9)/AX9 -> 9.4739555
A10: 7 | B10: HARYANA | K10: 0.055 | L10: 0.1 | M10: 0.033333333 | O10: 0.001 | Q10: 0.0057142857 | S10: 0.051 | U10: 0.325 | AA10: 1.542 | AB10: 16.59 | AI10: 0.08 | AJ10: 0.844 | AK10: 0.41538462 | AM10: 0.17 | AO10: 0.26111111 | AU10: 0.079 | AV10: 0.082 | AW10: 0.033333333 | AX10: 1.978 | AY10: 17.616 | AZ10: 1.0738767 | BA10: =(AZ10+AY10)/AX10 -> 9.448876
A11: 8 | B11: HIMACHAL PRADESH | G11: 0.093 | I11: 4.299 | K11: 0.114 | L11: 0.52 | M11: 3.902 | O11: 0.005 | Q11: 0.331 | S11: 0.023 | U11: 0.547 | AA11: 0.052 | AB11: 0.779 | AI11: 0.023 | AK11: 1.319 | AU11: 0.064 | AW11: 0.053 | AX11: 0.374 | AY11: 1.299 | AZ11: 10.451 | BA11: =(AZ11+AY11)/AX11 -> 31.417112
A12: 9 | B12: JAMMU & KASHMIR | C12: 3e-05 | D12: 0.00015 | G12: 0.001075 | I12: 0.062833333 | K12: 0.001307 | L12: 0.001055 | M12: 0.014088889 | O12: 0.001893 | P12: 1e-05 | Q12: 0.10626857 | S12: 0.002832 | U12: 0.0118625 | W12: 0.0001 | Y12: 0.00055555556 | AA12: 0.007634 | AB12: 0.058112 | AI12: 0.011463 | AJ12: 0.015397 | AK12: 0.65047692 | AM12: 1.5e-05 | AO12: 0.00033333333 | AQ12: 0.020515 | AR12: 0.0016 | AS12: 0.075722222 | AU12: 0.055717 | AV12: 0.134257 | AW12: 0.10126667 | AX12: 0.102581 | AY12: 0.210581 | AZ12: 1.023408 | BA12: =(AZ12+AY12)/AX12 -> 12.029411
A13: 10 | B13: JHARKHAND | AU13: 1.2 | AV13: 4.81 | AW13: 4.3111111 | AX13: 1.2 | AY13: 4.81 | AZ13: 4.3111111 | BA13: =(AZ13+AY13)/AX13 -> 7.6009259
A14: 11 | B14: KARNATAKA | C14: 0.016 | E14: 0.044444444 | G14: 0.034 | I14: 0.54285714 | K14: 10.145 | L14: 131.058 | O14: 0.084 | Q14: 4.1314286 | S14: 0.259 | U14: 8.075 | W14: 3.133 | X14: 23.179 | AA14: 12.663 | AB14: 118.376 | AE14: 0.014 | AG14: 0.046153846 | AI14: 5.073 | AK14: 165.27692 | AM14: 2.955 | AN14: 23.979 | AU14: 2.332 | AV14: 28.301 | AX14: 36.708 | AY14: 324.893 | AZ14: 178.11681 | BA14: =(AZ14+AY14)/AX14 -> 13.703002
A15: 12 | B15: KERALA | AU15: 53.26 | AV15: 0.077 | AW15: 44.840278 | AX15: 53.26 | AY15: 0.077 | AZ15: 44.840278 | BA15: =(AZ15+AY15)/AX15 -> 0.84335858
A16: 13 | B16: MADHYA PRADESH | G16: 0.021 | H16: 0.099 | K16: 1.493 | L16: 19.376 | O16: 0.021 | P16: 0.945 | S16: 0.941 | T16: 7.88 | W16: 0.112 | X16: 0.508 | AA16: 20.736 | AB16: 270.797 | AE16: 0.018 | AF16: 0.08 | AI16: 3.608 | AJ16: 33.069 | AM16: 0.244 | AN16: 2.896 | AU16: 8.534 | AV16: 77.08 | AX16: 35.728 | AY16: 412.73 | AZ16: 0 | BA16: =(AZ16+AY16)/AX16 -> 11.552004
A17: 14 | B17: MAHARASHTRA | AU17: 11.41 | AV17: 61.69 | AW17: 0.36441667 | AX17: 11.41 | AY17: 61.69 | AZ17: 0.36441667 | BA17: =(AZ17+AY17)/AX17 -> 5.4385992
A18: 15 | B18: MANIPUR | C18: 0.001 | E18: 0.0055555556 | G18: 0.001 | I18: 0.0052380952 | O18: 0.0047 | Q18: 0.0075428571 | S18: 0.0072 | U18: 0.0512 | AA18: 0.0225 | AB18: 0.00348 | AI18: 0.0104 | AK18: 0.0017614615 | AU18: 0.02253 | AV18: 0.0025 | AW18: 0.10220339 | AX18: 0.06933 | AY18: 0.00598 | AZ18: 0.17350136 | BA18: =(AZ18+AY18)/AX18 -> 2.5887979
A19: 16 | B19: MEGHALAYA | C19: 3.024 | E19: 0.025477778 | G19: 1.981 | I19: 0.11291429 | K19: 0.046 | M19: 0.00015105556 | O19: 4.307 | Q19: 0.13844 | AE19: 2.122 | AG19: 0.053384615 | AI19: 0.377 | AK19: 0.0020307692 | AU19: 0.677 | AW19: 0.020133333 | AX19: 12.534 | AY19: 0 | AZ19: 0.35253184 | BA19: =(AZ19+AY19)/AX19 -> 0.028126044
A20: 17 | B20: MIZORAM | C20: 0.011 | E20: 0.53333333 | AE20: 0.015 | AG20: 0.0014153846 | AI20: 0.0242 | AK20: 0.26176923 | AU20: 0.032 | AW20: 0.0076111111 | AX20: 0.0822 | AY20: 0 | AZ20: 0.80412906 | BA20: =(AZ20+AY20)/AX20 -> 9.782592
A21: 18 | B21: NAGALAND | C21: 0.02 | E21: 0.056 | G21: 0.002 | I21: 0.002 | O21: 0.014 | Q21: 0.001 | S21: 0.001 | U21: 0.025 | AE21: 0.005 | AG21: 0 | AI21: 0.001 | AK21: 0.077 | AU21: 0.003 | AW21: 0.059 | AX21: 0.046 | AY21: 0 | AZ21: 0.22 | BA21: =(AZ21+AY21)/AX21 -> 4.7826087
A22: 19 | B22: ODISHA | O22: 0.023 | Q22: 1.7573714 | S22: 0.608 | U22: 7.5575 | AA22: 3.055 | AB22: 30.467 | AI22: 1.518 | AK22: 24.184 | AM22: 0.397 | AN22: 1.097 | AX22: 5.601 | AY22: 31.564 | AZ22: 33.498871 | BA22: =(AZ22+AY22)/AX22 -> 11.616296
A23: 20 | B23: PUNJAB | AU23: 2.177 | AV23: 13.702 | AX23: 2.177 | AY23: 13.702 | AZ23: 0 | BA23: =(AZ23+AY23)/AX23 -> 6.2939825
A24: 21 | B24: RAJASTHAN | AU24: 3.661 | AV24: 8.309 | AX24: 3.661 | AY24: 8.309 | AZ24: 0 | BA24: =(AZ24+AY24)/AX24 -> 2.2695985
A25: 22 | B25: SIKKIM | C25: 0.011 | E25: 0.027777778 | G25: 0.007 | I25: 0.042857143 | O25: 0.031 | Q25: 0.00062040816 | S25: 0.034 | U25: 0.0109375 | AA25: 0.017 | AB25: 16.5 | AE25: 0.038 | AG25: 1.0519395e-05 | AI25: 0.025 | AK25: 0.0014201183 | AU25: 0.079 | AW25: 0.0024382716 | AX25: 0.242 | AY25: 16.5 | AZ25: 0.086061738 | BA25: =(AZ25+AY25)/AX25 -> 68.537445
A26: 23 | B26: TAMIL NADU | G26: 0.04152 | H26: 11.54256 | K26: 6.913 | L26: 128.85832 | W26: 17.259 | X26: 180.66656 | AA26: 0.544 | AB26: 15.41432 | AI26: 3.019 | AJ26: 28.34926 | AK26: 5.5384615 | AM26: 7.026 | AN26: 67.99894 | AU26: 8.11782 | AV26: 82.88083 | AX26: 42.92034 | AY26: 515.71079 | AZ26: 5.5384615 | BA26: =(AZ26+AY26)/AX26 -> 12.144574
A27: 24 | B27: TELANGANA | K27: 0.934 | L27: 29.166 | W27: 0.194 | X27: 0.616 | AA27: 0.387 | AB27: 4.764 | AI27: 1.063 | AJ27: 4.761 | AM27: 0.264 | AN27: 4.394 | AU27: 0.501 | AV27: 4.29 | AX27: 3.343 | AY27: 47.991 | AZ27: 0 | BA27: =(AZ27+AY27)/AX27 -> 14.355669
A28: 25 | B28: TRIPURA | AX28: 0 | AY28: 0 | AZ28: 0 | BA28: =(AZ28+AY28)/AX28 -> #DIV/0!
A29: 26 | B29: UTTAR PRADESH | S29: 3.727 | U29: 46.628 | AA29: 4.537 | AB29: 9.119 | AI29: 14.311 | AJ29: 40.138 | AK29: 22.592 | AX29: 22.575 | AY29: 49.257 | AZ29: 69.22 | BA29: =(AZ29+AY29)/AX29 -> 5.2481506
A30: 27 | B30: UTTARAKHAND | G30: 0.01856 | I30: 0.24938095 | O30: 0.10849 | Q30: 5.1766286 | S30: 0.31326 | U30: 5.827125 | AA30: 0.86104 | AB30: 2.68187 | AI30: 0.15601 | AJ30: 0.17353 | AM30: 0.01819 | AN30: 0.02003 | AU30: 0.13438 | AV30: 0.14747 | AW30: 0.00010177778 | AX30: 1.60993 | AY30: 3.0229 | AZ30: 11.253236 | BA30: =(AZ30+AY30)/AX30 -> 8.867551
A31: 28 | B31: WEST BENGAL | C31: 0.004 | E31: 0.135 | K31: 0.717 | M31: 9.5 | O31: 0.014 | Q31: 1.4988571 | S31: 2.962 | U31: 54.5575 | W31: 0.529 | X31: 0.516 | AA31: 7.547 | AB31: 60.391 | AE31: 0.004 | AG31: 0.066153846 | AI31: 1.943 | AK31: 64.94 | AM31: 7.546 | AO31: 84.102778 | AU31: 8.049 | AV31: 10.009 | AX31: 29.315 | AY31: 70.916 | AZ31: 214.80029 | BA31: =(AZ31+AY31)/AX31 -> 9.7464195
A32: 29 | B32: OTHERS | C32: 0 | D32: 0 | E32: 0 | G32: 0 | H32: 0 | I32: 0 | K32: 0 | L32: 0 | M32: 0 | O32: 0 | P32: 0 | Q32: 0 | S32: 0 | T32: 0 | U32: 0 | W32: 0.026 | X32: 0.2 | Y32: 0 | AA32: 0.042 | AB32: 0.201 | AC32: 0.016 | AE32: 0 | AF32: 0 | AG32: 0 | AI32: 0.005 | AJ32: 0.008 | AK32: 0 | AM32: 0.006 | AN32: 0.015 | AO32: 0 | AQ32: 0 | AR32: 0 | AS32: 0 | AU32: 0.09862 | AV32: 0.319 | AW32: 0 | AX32: 0.17762 | AY32: 0.743 | AZ32: 0.016 | BA32: =(AZ32+AY32)/AX32 -> 4.2731674
B33: TOTAL | C33: 3.22403 | D33: 0.92315 | E33: 1.9887 | G33: 2.395155 | H33: 12.93456 | I33: 6.7885095 | K33: 24.018307 | L33: 456.10837 | M33: 15.744018 | O33: 5.373083 | P33: 6.22901 | Q33: 19.932015 | S33: 11.766292 | T33: 14.152 | U33: 246.61613 | W33: 26.1501 | X33: 237.73556 | Y33: 2.4894444 | AA33: 73.991174 | AB33: 760.95778 | AC33: 19.149333 | AE33: 2.943 | AF33: 4.907 | AG33: 9.7825028 | AI33: 37.554073 | AJ33: 149.67019 | AK33: 348.56023 | AM33: 21.967205 | AN33: 121.85797 | AO33: 93.680889 | AQ33: 0.022515 | AR33: 0.0026 | AS33: 0.075722222 | AU33: 112.61607 | AV33: 386.47906 | AW33: 63.278227 | AX33: 322.021 | AY33: 2151.9573 | AZ33: 828.08571 | BA33: =(AZ33+AY33)/AX33 -> 9.2541883
F34: =(E33+D33)/C33 -> 0.90317088 | J34: =(I33+H33)/G33 -> 8.2345692 | N34: =(M33+L33)/K33 -> 19.645531 | R34: =(Q33+P33)/O33 -> 4.8689039 | V34: =(U33+T33)/S33 -> 22.162303 | Z34: =(Y33+X33)/W33 -> 9.1863895 | AD34: =(AC33+AB33)/AA33 -> 10.543246 | AH34: =(AG33+AF33)/AE33 -> 4.9913363 | AL34: =(AK33+AJ33)/AI33 -> 13.267014 | AP34: =(AO33+AN33)/AM33 -> 9.8118472 | AT34: =(AS33+AR33)/AQ33 -> 3.4786685
