Workbook

Sheet spi11-12
A1: STATES/Uts | B1: Pepper | E1: Ginger | H1: Chillies | K1: Turmeric | N1: Garlic | Q1: Cardamom | T1: Coriander | W1: Cumin | Z1: Fennel | AC1: F. Greek | AF1: Ajwan | AI1: Dill / Poppy /Celery | AL1: Cinnamon /Tejpat | AO1: Nutmeg | AR1: Clove | AU1: Tamarind | AX1: Saffron / Vanilla | BA1: Total
B2: A | C2: P | D2: Prod. | E2: A | F2: P | G2: Prod. | H2: A | I2: P | J2: Prod. | K2: A | L2: P | M2: Prod. | N2: A | O2: P | P2: Prod. | Q2: A | R2: P | S2: Prod. | T2: A | U2: P | V2: Prod. | W2: A | X2: P | Y2: Prod. | Z2: A | AA2: P | AB2: Prod. | AC2: A | AD2: P | AE2: Prod. | AF2: A | AG2: P | AH2: Prod. | AI2: A | AJ2: P | AK2: Prod. | AL2: A | AM2: P | AN2: Prod. | AO2: A | AP2: P | AQ2: Prod. | AR2: A | AS2: P | AT2: Prod. | AU2: A | AV2: P | AW2: Prod. | AX2: A | AY2: P | AZ2: Prod. | BA2: A | BB2: P | BC2: Prod.
A3: ANDAMAN NICOBAR | B3: 0.6 | C3: 0.03171 | D3: =C3/B3 -> 0.05285 | E3: 0.21 | F3: 1.855 | G3: =F3/E3 -> 8.8333333 | H3: 0.385 | I3: 0.58 | J3: =I3/H3 -> 1.5064935 | K3: 0.08 | L3: 0.485 | M3: =L3/K3 -> 6.0625 | AL3: 0.15 | AM3: 0.028 | AN3: =AM3/AL3 -> 0.18666667 | AO3: 0.07 | AP3: 0.00351 | AR3: 0.156 | AS3: 0.0011 | BA3: =B3+E3+H3+K3+N3+Q3+T3+W3+Z3+AC3+AF3+AI3+AL3+AO3+AR3+AU3+AX3 -> 1.651 | BB3: =C3+F3+I3+L3+O3+R3+U3+X3+AA3+AD3+AG3+AJ3+AM3+AP3+AS3+AV3+AY3 -> 2.98432 | BC3: =BB3/BA3 -> 1.8075833
A4: ANDHRA PRADESH | B4: 0.01 | C4: 0.002 | D4: =C4/B4 -> 0.2 | E4: 2.32 | F4: 20 | G4: =F4/E4 -> 8.6206897 | H4: 183 | I4: 565 | J4: =I4/H4 -> 3.0874317 | K4: 75 | L4: 485 | M4: =L4/K4 -> 6.4666667 | N4: 0.4 | O4: 0 | P4: =O4/N4 -> 0 | T4: 20.8 | U4: 26 | V4: =U4/T4 -> 1.25 | AF4: 5.08 | AG4: 2.398 | AH4: =AG4/AF4 -> 0.47204724 | AU4: 6.2 | AV4: 30.9 | AW4: =AV4/AU4 -> 4.983871 | AX4: 0.009 | AY4: 0.014 | AZ4: =AY4/AX4 -> 1.5555556 | BA4: =B4+E4+H4+K4+N4+Q4+T4+W4+Z4+AC4+AF4+AI4+AL4+AO4+AR4+AU4+AX4 -> 292.819 | BB4: =C4+F4+I4+L4+O4+R4+U4+X4+AA4+AD4+AG4+AJ4+AM4+AP4+AS4+AV4+AY4 -> 1129.314 | BC4: =BB4/BA4 -> 3.8566965
A5: ARUNACHAL PRADESH | E5: 6.8 | F5: 53 | G5: =F5/E5 -> 7.7941176 | H5: 2.6 | I5: 5.5 | J5: =I5/H5 -> 2.1153846 | K5: 0.65 | L5: 3.1 | M5: =L5/K5 -> 4.7692308 | BA5: =B5+E5+H5+K5+N5+Q5+T5+W5+Z5+AC5+AF5+AI5+AL5+AO5+AR5+AU5+AX5 -> 10.05 | BB5: =C5+F5+I5+L5+O5+R5+U5+X5+AA5+AD5+AG5+AJ5+AM5+AP5+AS5+AV5+AY5 -> 61.6 | BC5: =BB5/BA5 -> 6.1293532
A6: ASSAM | B6: 3.442 | C6: 1.74537 | D6: =C6/B6 -> 0.50708019 | E6: 16.99 | F6: 125.421 | G6: =F6/E6 -> 7.3820483 | H6: 19.995 | I6: 13.356 | J6: =I6/H6 -> 0.66796699 | K6: 15.468 | L6: 13.302 | M6: =L6/K6 -> 0.85996897 | N6: 9.687 | O6: 62.529 | P6: =O6/N6 -> 6.4549396 | T6: 27.463 | U6: 45.204 | V6: =U6/T6 -> 1.6459964 | BA6: =B6+E6+H6+K6+N6+Q6+T6+W6+Z6+AC6+AF6+AI6+AL6+AO6+AR6+AU6+AX6 -> 93.045 | BB6: =C6+F6+I6+L6+O6+R6+U6+X6+AA6+AD6+AG6+AJ6+AM6+AP6+AS6+AV6+AY6 -> 261.55737 | BC6: =BB6/BA6 -> 2.8110846
A7: BIHAR | E7: 0.56 | F7: 0.84 | G7: =F7/E7 -> 1.5 | H7: 2.9 | I7: 3 | J7: =I7/H7 -> 1.0344828 | K7: 3 | L7: 3 | M7: =L7/K7 -> 1 | N7: 4.25 | O7: 4 | P7: =O7/N7 -> 0.94117647 | T7: 2.3 | U7: 1.7 | V7: =U7/T7 -> 0.73913043 | BA7: =B7+E7+H7+K7+N7+Q7+T7+W7+Z7+AC7+AF7+AI7+AL7+AO7+AR7+AU7+AX7 -> 13.01 | BB7: =C7+F7+I7+L7+O7+R7+U7+X7+AA7+AD7+AG7+AJ7+AM7+AP7+AS7+AV7+AY7 -> 12.54 | BC7: =BB7/BA7 -> 0.96387394
A8: CHHATISHGARH | E8: 1.07 | F8: 1.415 | G8: =F8/E8 -> 1.3224299 | H8: 5.555 | I8: 2.755 | J8: =I8/H8 -> 0.49594959 | K8: 0.91 | L8: 0.77 | M8: =L8/K8 -> 0.84615385 | N8: 0.99 | O8: 2.519 | P8: =O8/N8 -> 2.5444444 | T8: 3.146 | U8: 0.858 | V8: =U8/T8 -> 0.27272727 | BA8: =B8+E8+H8+K8+N8+Q8+T8+W8+Z8+AC8+AF8+AI8+AL8+AO8+AR8+AU8+AX8 -> 11.671 | BB8: =C8+F8+I8+L8+O8+R8+U8+X8+AA8+AD8+AG8+AJ8+AM8+AP8+AS8+AV8+AY8 -> 8.317 | BC8: =BB8/BA8 -> 0.71262103
A9: GOA | B9: 0.731 | C9: 0.234 | D9: =C9/B9 -> 0.32010944 | BA9: =B9+E9+H9+K9+N9+Q9+T9+W9+Z9+AC9+AF9+AI9+AL9+AO9+AR9+AU9+AX9 -> 0.731 | BB9: =C9+F9+I9+L9+O9+R9+U9+X9+AA9+AD9+AG9+AJ9+AM9+AP9+AS9+AV9+AY9 -> 0.234 | BC9: =BB9/BA9 -> 0.32010944
A10: GUJARAT | E10: 4.395 | F10: 70.646 | G10: =F10/E10 -> 16.074175 | H10: 43.395 | I10: 68.534 | J10: =I10/H10 -> 1.5793064 | K10: 2.975 | L10: 50.493 | M10: =L10/K10 -> 16.972437 | N10: 39.2 | O10: 277.455 | P10: =O10/N10 -> 7.0779337 | T10: 20.574 | U10: 32.31 | V10: =U10/T10 -> 1.5704287 | W10: 373.9 | X10: 283.302 | Y10: =X10/W10 -> 0.75769457 | Z10: 39.5 | AA10: 57.941 | AB10: =AA10/Z10 -> 1.4668608 | AC10: 5.26 | AD10: 13.959 | AE10: =AD10/AC10 -> 2.6538023 | AF10: 5.866 | AG10: 6.369 | AH10: =AG10/AF10 -> 1.0857484 | AI10: 16.6 | AJ10: 21.132 | AK10: =AJ10/AI10 -> 1.273012 | BA10: =B10+E10+H10+K10+N10+Q10+T10+W10+Z10+AC10+AF10+AI10+AL10+AO10+AR10+AU10+AX10 -> 551.665 | BB10: =C10+F10+I10+L10+O10+R10+U10+X10+AA10+AD10+AG10+AJ10+AM10+AP10+AS10+AV10+AY10 -> 882.141 | BC10: =BB10/BA10 -> 1.599052
A11: HARYANA | E11: 0.57 | F11: 7.785 | G11: =F11/E11 -> 13.657895 | H11: 1.045 | I11: 8.928 | J11: =I11/H11 -> 8.5435407 | K11: 1.996 | L11: 18.3 | M11: =L11/K11 -> 9.1683367 | N11: 1.364 | O11: 11.611 | P11: =O11/N11 -> 8.5124633 | T11: 2.433 | U11: 3.156 | V11: =U11/T11 -> 1.297164 | Z11: 0.1 | AA11: 0.119 | AB11: =AA11/Z11 -> 1.19 | AC11: 5.29 | AD11: 11.786 | AE11: =AD11/AC11 -> 2.2279773 | BA11: =B11+E11+H11+K11+N11+Q11+T11+W11+Z11+AC11+AF11+AI11+AL11+AO11+AR11+AU11+AX11 -> 12.798 | BB11: =C11+F11+I11+L11+O11+R11+U11+X11+AA11+AD11+AG11+AJ11+AM11+AP11+AS11+AV11+AY11 -> 61.685 | BC11: =BB11/BA11 -> 4.8198937
A12: HIMACHAL PRADESH | E12: 2.18 | F12: 16.76 | G12: =F12/E12 -> 7.6880734 | H12: 0.709 | I12: 0.277 | J12: =I12/H12 -> 0.39069111 | K12: 0.185 | L12: 0.102 | M12: =L12/K12 -> 0.55135135 | N12: 1.473 | O12: 2.051 | P12: =O12/N12 -> 1.3923965 | T12: 0.141 | U12: 0.048 | V12: =U12/T12 -> 0.34042553 | W12: 0.078 | X12: 0.021 | Y12: =X12/W12 -> 0.26923077 | BA12: =B12+E12+H12+K12+N12+Q12+T12+W12+Z12+AC12+AF12+AI12+AL12+AO12+AR12+AU12+AX12 -> 4.766 | BB12: =C12+F12+I12+L12+O12+R12+U12+X12+AA12+AD12+AG12+AJ12+AM12+AP12+AS12+AV12+AY12 -> 19.259 | BC12: =BB12/BA12 -> 4.0409148
A13: JAMMU & KASHMIR | E13: 0.034 | F13: 0.0448 | G13: =F13/E13 -> 1.3176471 | H13: 0.564 | I13: 0.5428 | J13: =I13/H13 -> 0.96241135 | K13: 0.017 | L13: 0.0172 | M13: =L13/K13 -> 1.0117647 | N13: 0.543 | O13: 0.4637 | P13: =O13/N13 -> 0.85395948 | AX13: 2.989 | AY13: 0.00885 | AZ13: =AY13/AX13 -> 0.0029608565 | BA13: =B13+E13+H13+K13+N13+Q13+T13+W13+Z13+AC13+AF13+AI13+AL13+AO13+AR13+AU13+AX13 -> 4.147 | BB13: =C13+F13+I13+L13+O13+R13+U13+X13+AA13+AD13+AG13+AJ13+AM13+AP13+AS13+AV13+AY13 -> 1.07735 | BC13: =BB13/BA13 -> 0.25979021
A14: JHARKHAND | BA14: =B14+E14+H14+K14+N14+Q14+T14+W14+Z14+AC14+AF14+AI14+AL14+AO14+AR14+AU14+AX14 -> 0 | BB14: =C14+F14+I14+L14+O14+R14+U14+X14+AA14+AD14+AG14+AJ14+AM14+AP14+AS14+AV14+AY14 -> 0
A15: KARNATAKA | B15: 20 | C15: 5.5 | D15: =C15/B15 -> 0.275 | E15: 40 | F15: 139.6 | G15: =F15/E15 -> 3.49 | H15: 133.4 | I15: 153.14 | J15: =I15/H15 -> 1.147976 | K15: 15.9 | L15: 100 | M15: =L15/K15 -> 6.2893082 | N15: 5.693 | O15: 6 | P15: =O15/N15 -> 1.0539259 | Q15: 21.9 | R15: 1.9 | S15: =R15/Q15 -> 0.086757991 | T15: 8.6 | U15: 8 | V15: =U15/T15 -> 0.93023256 | AL15: 0.037 | AM15: 0.007 | AN15: =AM15/AL15 -> 0.18918919 | AO15: 0.147 | AP15: 0.15 | AQ15: =AP15/AO15 -> 1.0204082 | AR15: 0.122 | AS15: 0.17 | AT15: =AS15/AR15 -> 1.3934426 | AU15: 16.8 | AV15: 87 | AW15: =AV15/AU15 -> 5.1785714 | AX15: 2.518 | AY15: 0.994 | AZ15: =AY15/AX15 -> 0.39475774 | BA15: =B15+E15+H15+K15+N15+Q15+T15+W15+Z15+AC15+AF15+AI15+AL15+AO15+AR15+AU15+AX15 -> 265.117 | BB15: =C15+F15+I15+L15+O15+R15+U15+X15+AA15+AD15+AG15+AJ15+AM15+AP15+AS15+AV15+AY15 -> 502.461 | BC15: =BB15/BA15 -> 1.8952425
A16: KERALA | B16: 170.25 | C16: 31.69 | D16: =C16/B16 -> 0.18613803 | E16: 5.828 | F16: 31.596 | G16: =F16/E16 -> 5.4214139 | H16: 1.913 | I16: 3.101 | J16: =I16/H16 -> 1.6210141 | K16: 2.404 | L16: 6.305 | M16: =L16/K16 -> 2.6227121 | N16: 0.075 | O16: 0.65 | P16: =O16/N16 -> 8.6666667 | Q16: 41.593 | R16: 7.8 | S16: =R16/Q16 -> 0.18753156 | AL16: 0.321 | AN16: =AM16/AL16 -> 0 | AO16: 17.22 | AP16: 12.42 | AQ16: =AP16/AO16 -> 0.72125436 | AR16: 1.226 | AS16: 0.1 | AT16: =AS16/AR16 -> 0.081566069 | AU16: 12.711 | AV16: 19.1 | AW16: =AV16/AU16 -> 1.5026355 | AX16: 1.009 | AY16: 0.04036 | AZ16: =AY16/AX16 -> 0.04 | BA16: =B16+E16+H16+K16+N16+Q16+T16+W16+Z16+AC16+AF16+AI16+AL16+AO16+AR16+AU16+AX16 -> 254.55 | BB16: =C16+F16+I16+L16+O16+R16+U16+X16+AA16+AD16+AG16+AJ16+AM16+AP16+AS16+AV16+AY16 -> 112.80236 | BC16: =BB16/BA16 -> 0.44314422
A17: MADHYA PRADESH | E17: 9 | F17: 15 | G17: =F17/E17 -> 1.6666667 | H17: 54.41 | I17: 93.57 | J17: =I17/H17 -> 1.7197206 | K17: 1.5 | L17: 0.6 | M17: =L17/K17 -> 0.4 | N17: 60 | O17: 270 | P17: =O17/N17 -> 4.5 | T17: 175 | U17: 82 | V17: =U17/T17 -> 0.46857143 | BA17: =B17+E17+H17+K17+N17+Q17+T17+W17+Z17+AC17+AF17+AI17+AL17+AO17+AR17+AU17+AX17 -> 299.91 | BB17: =C17+F17+I17+L17+O17+R17+U17+X17+AA17+AD17+AG17+AJ17+AM17+AP17+AS17+AV17+AY17 -> 461.17 | BC17: =BB17/BA17 -> 1.5376946
A18: MAHARASHTRA | E18: 1.06 | F18: 1.04 | G18: =F18/E18 -> 0.98113208 | H18: 99.5 | I18: 45.6 | J18: =I18/H18 -> 0.45829146 | K18: 6.76 | L18: 8.43 | M18: =L18/K18 -> 1.2470414 | N18: 3.5 | O18: 40 | P18: =O18/N18 -> 11.428571 | AU18: 5.7 | AV18: 11.4 | AW18: =AV18/AU18 -> 2 | BA18: =B18+E18+H18+K18+N18+Q18+T18+W18+Z18+AC18+AF18+AI18+AL18+AO18+AR18+AU18+AX18 -> 116.52 | BB18: =C18+F18+I18+L18+O18+R18+U18+X18+AA18+AD18+AG18+AJ18+AM18+AP18+AS18+AV18+AY18 -> 106.47 | BC18: =BB18/BA18 -> 0.91374871
A19: MANIPUR | E19: 2.4 | F19: 3.84 | G19: =F19/E19 -> 1.6 | H19: 6.5 | I19: 3.9 | J19: =I19/H19 -> 0.6 | K19: 1.4 | L19: 16.4 | M19: =L19/K19 -> 11.714286 | N19: 0.17 | O19: 0 | P19: =O19/N19 -> 0 | BA19: =B19+E19+H19+K19+N19+Q19+T19+W19+Z19+AC19+AF19+AI19+AL19+AO19+AR19+AU19+AX19 -> 10.47 | BB19: =C19+F19+I19+L19+O19+R19+U19+X19+AA19+AD19+AG19+AJ19+AM19+AP19+AS19+AV19+AY19 -> 24.14 | BC19: =BB19/BA19 -> 2.3056351
A20: MEGHALAYA | B20: 0.885 | C20: 0.464 | D20: =C20/B20 -> 0.52429379 | E20: 9.442 | F20: 56.801 | G20: =F20/E20 -> 6.0157806 | H20: 1.846 | I20: 1.41 | J20: =I20/H20 -> 0.76381365 | K20: 1.941 | L20: 9.976 | M20: =L20/K20 -> 5.1396188 | N20: 0.28 | O20: 1.114 | P20: =O20/N20 -> 3.9785714 | T20: 0.012 | U20: 0.051 | V20: =U20/T20 -> 4.25 | AL20: 2.436 | AM20: 5 | AN20: =AM20/AL20 -> 2.0525452 | BA20: =B20+E20+H20+K20+N20+Q20+T20+W20+Z20+AC20+AF20+AI20+AL20+AO20+AR20+AU20+AX20 -> 16.842 | BB20: =C20+F20+I20+L20+O20+R20+U20+X20+AA20+AD20+AG20+AJ20+AM20+AP20+AS20+AV20+AY20 -> 74.816 | BC20: =BB20/BA20 -> 4.4422278
A21: MIZORAM | B21: 0.05 | C21: 0.0086 | D21: =C21/B21 -> 0.172 | E21: 6.5 | F21: 37 | G21: =F21/E21 -> 5.6923077 | H21: 8.019 | I21: 48.473 | J21: =I21/H21 -> 6.0447687 | K21: 4.78 | L21: 23.9 | M21: =L21/K21 -> 5 | N21: 1.3 | O21: 5.6 | P21: =O21/N21 -> 4.3076923 | BA21: =B21+E21+H21+K21+N21+Q21+T21+W21+Z21+AC21+AF21+AI21+AL21+AO21+AR21+AU21+AX21 -> 20.649 | BB21: =C21+F21+I21+L21+O21+R21+U21+X21+AA21+AD21+AG21+AJ21+AM21+AP21+AS21+AV21+AY21 -> 114.9816 | BC21: =BB21/BA21 -> 5.5683859
A22: NAGALAND | B22: 0.225 | C22: 0.012 | D22: =C22/B22 -> 0.053333333 | E22: 5.32 | F22: 36 | G22: =F22/E22 -> 6.7669173 | H22: 0.8 | I22: 1 | J22: =I22/H22 -> 1.25 | K22: 0.12 | L22: 0.5 | M22: =L22/K22 -> 4.1666667 | N22: 0.1 | O22: 0.154 | P22: =O22/N22 -> 1.54 | Q22: 3.2 | R22: 1.5 | S22: =R22/Q22 -> 0.46875 | BA22: =B22+E22+H22+K22+N22+Q22+T22+W22+Z22+AC22+AF22+AI22+AL22+AO22+AR22+AU22+AX22 -> 9.765 | BB22: =C22+F22+I22+L22+O22+R22+U22+X22+AA22+AD22+AG22+AJ22+AM22+AP22+AS22+AV22+AY22 -> 39.166 | BC22: =BB22/BA22 -> 4.0108551
A23: ODISHA | E23: 15.844 | F23: 35 | G23: =F23/E23 -> 2.2090381 | H23: 75.6 | I23: 70 | J23: =I23/H23 -> 0.92592593 | K23: 2.48 | L23: 36 | M23: =L23/K23 -> 14.516129 | N23: 10.9 | O23: 35.5 | P23: =O23/N23 -> 3.2568807 | T23: 19.1 | U23: 11 | V23: =U23/T23 -> 0.57591623 | BA23: =B23+E23+H23+K23+N23+Q23+T23+W23+Z23+AC23+AF23+AI23+AL23+AO23+AR23+AU23+AX23 -> 123.924 | BB23: =C23+F23+I23+L23+O23+R23+U23+X23+AA23+AD23+AG23+AJ23+AM23+AP23+AS23+AV23+AY23 -> 187.5 | BC23: =BB23/BA23 -> 1.5130241
A24: PUDUCHERRY | B24: 0.011 | C24: 0.008 | D24: =C24/B24 -> 0.72727273 | H24: 0.005 | I24: 0.005 | J24: =I24/H24 -> 1 | K24: 0.006 | L24: 0.008 | M24: =L24/K24 -> 1.3333333 | AU24: 0.064 | AV24: 0.094 | AW24: =AV24/AU24 -> 1.46875 | BA24: =B24+E24+H24+K24+N24+Q24+T24+W24+Z24+AC24+AF24+AI24+AL24+AO24+AR24+AU24+AX24 -> 0.086 | BB24: =C24+F24+I24+L24+O24+R24+U24+X24+AA24+AD24+AG24+AJ24+AM24+AP24+AS24+AV24+AY24 -> 0.115 | BC24: =BB24/BA24 -> 1.3372093
A25: PUNJAB | H25: 10.6 | I25: 17.7 | J25: =I25/H25 -> 1.6698113 | N25: 3.7 | O25: 45 | P25: =O25/N25 -> 12.162162 | AI25: 4.07 | AJ25: 5.51 | AK25: =AJ25/AI25 -> 1.3538084 | BA25: =B25+E25+H25+K25+N25+Q25+T25+W25+Z25+AC25+AF25+AI25+AL25+AO25+AR25+AU25+AX25 -> 18.37 | BB25: =C25+F25+I25+L25+O25+R25+U25+X25+AA25+AD25+AG25+AJ25+AM25+AP25+AS25+AV25+AY25 -> 68.21 | BC25: =BB25/BA25 -> 3.7131192
A26: RAJASTHAN | E26: 0.021 | F26: 0.062 | G26: =F26/E26 -> 2.952381 | H26: 12.214 | I26: 17.705 | J26: =I26/H26 -> 1.4495661 | K26: 0.201 | L26: 0.43 | M26: =L26/K26 -> 2.1393035 | N26: 59.446 | O26: 235.979 | P26: =O26/N26 -> 3.9696363 | T26: 260 | U26: 311 | V26: =U26/T26 -> 1.1961538 | W26: 220 | X26: 111 | Y26: =X26/W26 -> 0.50454545 | Z26: 59.044 | AA26: 84.07 | AB26: =AA26/Z26 -> 1.4238534 | AC26: 82.35 | AD26: 87.382 | AE26: =AD26/AC26 -> 1.061105 | AF26: 24.43 | AG26: 18.011 | AH26: =AG26/AF26 -> 0.73724928 | AI26: 12.8 | AJ26: 6 | AK26: =AJ26/AI26 -> 0.46875 | BA26: =B26+E26+H26+K26+N26+Q26+T26+W26+Z26+AC26+AF26+AI26+AL26+AO26+AR26+AU26+AX26 -> 730.506 | BB26: =C26+F26+I26+L26+O26+R26+U26+X26+AA26+AD26+AG26+AJ26+AM26+AP26+AS26+AV26+AY26 -> 871.639 | BC26: =BB26/BA26 -> 1.193199
A27: SIKKIM | E27: 8.51 | F27: 48 | G27: =F27/E27 -> 5.640423 | K27: 0.85 | L27: 2.9 | M27: =L27/K27 -> 3.4117647 | Q27: 15.02 | R27: 3.51 | S27: =R27/Q27 -> 0.23368842 | BA27: =B27+E27+H27+K27+N27+Q27+T27+W27+Z27+AC27+AF27+AI27+AL27+AO27+AR27+AU27+AX27 -> 24.38 | BB27: =C27+F27+I27+L27+O27+R27+U27+X27+AA27+AD27+AG27+AJ27+AM27+AP27+AS27+AV27+AY27 -> 54.41 | BC27: =BB27/BA27 -> 2.2317473
A28: TAMIL NADU | B28: 3.836 | C28: 0.775 | D28: =C28/B28 -> 0.20203337 | E28: 0.462 | F28: 7.068 | G28: =F28/E28 -> 15.298701 | H28: 58.603 | I28: 30.298 | J28: =I28/H28 -> 0.51700425 | K28: 60.228 | L28: 326.135 | M28: =L28/K28 -> 5.4150063 | N28: 0.443 | O28: 2.559 | P28: =O28/N28 -> 5.7765237 | Q28: 4.419 | R28: 0.402 | S28: =R28/Q28 -> 0.090970808 | T28: 10.886 | U28: 4.213 | V28: =U28/T28 -> 0.38701084 | AO28: 0.048 | AQ28: =AP28/AO28 -> 0 | AR28: 0.883 | AS28: 0.834 | AT28: =AS28/AR28 -> 0.94450736 | AU28: 16.953 | AV28: 54.08 | AW28: =AV28/AU28 -> 3.1899959 | AX28: 0.57 | AY28: 0.017 | AZ28: =AY28/AX28 -> 0.029824561 | BA28: =B28+E28+H28+K28+N28+Q28+T28+W28+Z28+AC28+AF28+AI28+AL28+AO28+AR28+AU28+AX28 -> 157.331 | BB28: =C28+F28+I28+L28+O28+R28+U28+X28+AA28+AD28+AG28+AJ28+AM28+AP28+AS28+AV28+AY28 -> 426.381 | BC28: =BB28/BA28 -> 2.7100889
A29: TRIPURA | B29: 0.239 | C29: 0.151 | D29: =C29/B29 -> 0.63179916 | E29: 1.8 | F29: 7.599 | G29: =F29/E29 -> 4.2216667 | H29: 2.35 | I29: 3.7 | J29: =I29/H29 -> 1.5744681 | K29: 1.295 | L29: 6.59 | M29: =L29/K29 -> 5.0888031 | BA29: =B29+E29+H29+K29+N29+Q29+T29+W29+Z29+AC29+AF29+AI29+AL29+AO29+AR29+AU29+AX29 -> 5.684 | BB29: =C29+F29+I29+L29+O29+R29+U29+X29+AA29+AD29+AG29+AJ29+AM29+AP29+AS29+AV29+AY29 -> 18.04 | BC29: =BB29/BA29 -> 3.1738213
A30: UTTAR PRADESH | E30: 0.847 | F30: 2.405 | G30: =F30/E30 -> 2.8394333 | H30: 13.284 | I30: 11.026 | J30: =I30/H30 -> 0.83002108 | K30: 2 | L30: 6 | M30: =L30/K30 -> 3 | N30: 34.427 | O30: 177.919 | P30: =O30/N30 -> 5.1680077 | T30: 6.511 | U30: 3.607 | V30: =U30/T30 -> 0.55398556 | W30: 0.002 | X30: 0.005 | Y30: =X30/W30 -> 2.5 | Z30: 0.91 | AA30: 0.819 | AB30: =AA30/Z30 -> 0.9 | AC30: 0.305 | AD30: 0.192 | AE30: =AD30/AC30 -> 0.6295082 | BA30: =B30+E30+H30+K30+N30+Q30+T30+W30+Z30+AC30+AF30+AI30+AL30+AO30+AR30+AU30+AX30 -> 58.286 | BB30: =C30+F30+I30+L30+O30+R30+U30+X30+AA30+AD30+AG30+AJ30+AM30+AP30+AS30+AV30+AY30 -> 201.973 | BC30: =BB30/BA30 -> 3.4652061
A31: UTTARAKHAND | E31: 1.4 | F31: 11.84 | G31: =F31/E31 -> 8.4571429 | H31: 2 | I31: 7.2 | J31: =I31/H31 -> 3.6 | K31: 0.7 | L31: 6.1 | M31: =L31/K31 -> 8.7142857 | N31: 1.2 | O31: 7.22 | P31: =O31/N31 -> 6.0166667 | T31: 0.904 | U31: 3.8 | V31: =U31/T31 -> 4.2035398 | AC31: 0.4 | AD31: 2.61 | AE31: =AD31/AC31 -> 6.525 | BA31: =B31+E31+H31+K31+N31+Q31+T31+W31+Z31+AC31+AF31+AI31+AL31+AO31+AR31+AU31+AX31 -> 6.604 | BB31: =C31+F31+I31+L31+O31+R31+U31+X31+AA31+AD31+AG31+AJ31+AM31+AP31+AS31+AV31+AY31 -> 38.77 | BC31: =BB31/BA31 -> 5.8706844
A32: WEST BENGAL | E32: 11.5 | F32: 25 | G32: =F32/E32 -> 2.173913 | H32: 63.6 | I32: 100 | J32: =I32/H32 -> 1.572327 | K32: 15.8 | L32: 42 | M32: =L32/K32 -> 2.6582278 | N32: 3.35 | O32: 40 | P32: =O32/N32 -> 11.940299 | Q32: 2.874 | R32: 0.704 | S32: =R32/Q32 -> 0.24495477 | BA32: =B32+E32+H32+K32+N32+Q32+T32+W32+Z32+AC32+AF32+AI32+AL32+AO32+AR32+AU32+AX32 -> 97.124 | BB32: =C32+F32+I32+L32+O32+R32+U32+X32+AA32+AD32+AG32+AJ32+AM32+AP32+AS32+AV32+AY32 -> 207.704 | BC32: =BB32/BA32 -> 2.1385445
A34: TOTAL | B34: =SUM(B3:B33) -> 200.279 | C34: =SUM(C3:C33) -> 40.62168 | D34: =C34/B34 -> 0.20282546 | E34: =SUM(E3:E33) -> 155.063 | F34: =SUM(F3:F33) -> 755.6178 | G34: =F34/E34 -> 4.8729729 | H34: =SUM(H3:H33) -> 804.792 | I34: =SUM(I3:I33) -> 1276.3008 | J34: =I34/H34 -> 1.5858766 | K34: =SUM(K3:K33) -> 218.646 | L34: =SUM(L3:L33) -> 1166.8432 | M34: =L34/K34 -> 5.3366776 | N34: =SUM(N3:N33) -> 242.491 | O34: =SUM(O3:O33) -> 1228.3237 | P34: =O34/N34 -> 5.0654404 | Q34: =SUM(Q3:Q33) -> 89.006 | R34: =SUM(R3:R33) -> 15.816 | S34: =R34/Q34 -> 0.17769589 | T34: =SUM(T3:T33) -> 557.87 | U34: =SUM(U3:U33) -> 532.947 | V34: =U34/T34 -> 0.95532472 | W34: =SUM(W3:W33) -> 593.98 | X34: =SUM(X3:X33) -> 394.328 | Y34: =X34/W34 -> 0.6638742 | Z34: =SUM(Z3:Z33) -> 99.554 | AA34: =SUM(AA3:AA33) -> 142.949 | AB34: =AA34/Z34 -> 1.4358941 | AC34: =SUM(AC3:AC33) -> 93.605 | AD34: =SUM(AD3:AD33) -> 115.929 | AE34: =AD34/AC34 -> 1.2384915 | AF34: =SUM(AF3:AF33) -> 35.376 | AG34: =SUM(AG3:AG33) -> 26.778 | AH34: =AG34/AF34 -> 0.75695387 | AI34: =SUM(AI3:AI33) -> 33.47 | AJ34: =SUM(AJ3:AJ33) -> 32.642 | AK34: =AJ34/AI34 -> 0.97526143 | AL34: =SUM(AL3:AL33) -> 2.944 | AM34: =SUM(AM3:AM33) -> 5.035 | AN34: =AM34/AL34 -> 1.7102582 | AO34: =SUM(AO3:AO33) -> 17.485 | AP34: =SUM(AP3:AP33) -> 12.57351 | AQ34: =AP34/AO34 -> 0.71910266 | AR34: =SUM(AR3:AR33) -> 2.387 | AS34: =SUM(AS3:AS33) -> 1.1051 | AT34: =AS34/AR34 -> 0.46296607 | AU34: =SUM(AU3:AU33) -> 58.428 | AV34: =SUM(AV3:AV33) -> 202.574 | AW34: =AV34/AU34 -> 3.4670706 | AX34: =SUM(AX3:AX33) -> 7.095 | AY34: =SUM(AY3:AY33) -> 1.07421 | AZ34: =AY34/AX34 -> 0.15140381 | BA34: =SUM(BA3:BA33) -> 3212.471 | BB34: =SUM(BB3:BB33) -> 5951.458 | BC34: =BB34/BA34 -> 1.8526107

Sheet Sheet1
A1: Sl. No. | B1: STATES/UTs | C1: BLACK PEPPER | F1: GINGER | I1: RED CHILLIES | L1: TURMERIC | O1: GARLIC | R1: CARDAMOM | U1: CORIANDER | X1: CUMIN | AB1: FENNEL | AE1: FENUGREEK | AH1: AJWAN | AK1: DILL/POPPY/ CELERY | AN1: CINNAMON /TEJPATA | AQ1: NUTMEG | AT1: CLOVE | AW1: TAMARIND | AZ1: SAFFRON/ | BC1: VANILLA | BF1: MINT (MENTHA)* | BI1: TOTAL
C2: A | D2: P | E2: Prod. | F2: A | G2: P | H2: Prod. | I2: A | J2: P | K2: Prod. | L2: A | M2: P | N2: Prod. | O2: A | P2: P | Q2: Prod. | R2: A | S2: P | T2: Prod. | U2: A | V2: P | W2: Prod. | X2: A | Y2: Prod. | Z2: P | AA2: Prod. | AB2: A | AC2: P | AD2: Prod. | AE2: A | AF2: P | AG2: Prod. | AH2: A | AI2: P | AJ2: Prod. | AK2: A | AL2: P | AM2: Prod. | AN2: A | AO2: P | AP2: Prod. | AQ2: A | AR2: P | AS2: Prod. | AT2: A | AU2: P | AV2: Prod. | AW2: A | AX2: P | AY2: Prod. | AZ2: A | BA2: P | BB2: Prod. | BC2: A | BD2: P | BE2: Prod. | BF2: A | BG2: P | BH2: Prod. | BI2: A | BJ2: P | BK2: Prod.
A3: 1 | B3: ANDHRA PRADESH | C3: 0.89 | D3: 0.531 | E3: =D3/C3 -> 0.59662921 | F3: 0.459 | G3: 3.999 | H3: =G3/F3 -> 8.7124183 | I3: 177.456 | J3: 796.653 | K3: =J3/I3 -> 4.4892988 | L3: 30.518 | M3: 73.244 | N3: =M3/L3 -> 2.4000262 | S3: 0 | U3: 0.747 | V3: 0.707 | W3: =V3/U3 -> 0.94645248 | AH3: 3.356 | AI3: 0.917 | AJ3: =AI3/AH3 -> 0.27324195 | AW3: 3.635 | AX3: 9.628 | AY3: =AX3/AW3 -> 2.6486933 | BI3: 217.061 | BJ3: 885.679 | BK3: =BJ3/BI3 -> 4.080323
A4: 2 | B4: ARUNACHAL PRADESH | C4: 0.10211 | D4: 0.15149 | E4: =D4/C4 -> 1.4835961 | F4: 3.27788 | G4: 13.3839 | H4: =G4/F4 -> 4.0830964 | I4: 1.0623 | J4: 2.3772925 | K4: =J4/I4 -> 2.237873 | L4: 0.3529 | M4: 1.95235 | N4: =M4/L4 -> 5.5323038 | R4: 9.06668 | S4: 3.6225 | T4: =S4/R4 -> 0.39953985 | BI4: 13.86187 | BJ4: 21.487533 | BK4: =BJ4/BI4 -> 1.5501179
A5: 3 | B5: ASSAM | C5: 4.087 | D5: 3.05481 | E5: =D5/C5 -> 0.74744556 | F5: 19.451 | G5: 185.951 | H5: =G5/F5 -> 9.5599712 | I5: 20.459 | J5: 20.189 | K5: =J5/I5 -> 0.98680287 | L5: 17.757 | M5: 24.665 | N5: =M5/L5 -> 1.3890297 | O5: 10.765 | P5: 68.916 | Q5: =P5/O5 -> 6.4018579 | U5: 30.698 | V5: 35.763 | W5: =V5/U5 -> 1.1649945 | BI5: 103.217 | BJ5: 338.53881 | BK5: =BJ5/BI5 -> 3.2798745
A6: 4 | B6: BIHAR | F6: 0.34 | G6: 2.962 | H6: =G6/F6 -> 8.7117647 | I6: 1.622 | J6: 3.652 | K6: =J6/I6 -> 2.2515413 | L6: 2.788 | M6: 2.874 | N6: =M6/L6 -> 1.0308465 | O6: 1.579 | P6: 2.623 | Q6: =P6/O6 -> 1.661178 | U6: 2.269 | V6: 2.051 | W6: =V6/U6 -> 0.90392243 | BI6: 8.598 | BJ6: 14.162 | BK6: =BJ6/BI6 -> 1.6471272
A7: 5 | B7: CHHATTISGARH | F7: 2.064 | G7: 8.442 | H7: =G7/F7 -> 4.0901163 | I7: 5.415 | J7: 3.249 | K7: =J7/I7 -> 0.6 | L7: 1.443 | M7: 1.157 | N7: =M7/L7 -> 0.8018018 | O7: 1.573 | P7: 1.681 | Q7: =P7/O7 -> 1.0686586 | U7: 3.019 | V7: 0.905 | W7: =V7/U7 -> 0.29976814 | BI7: 13.514 | BJ7: 15.434 | BK7: =BJ7/BI7 -> 1.1420749
A8: 6 | B8: GUJARAT | F8: 5.069 | G8: 110.896 | H8: =G8/F8 -> 21.877293 | I8: 11.93 | J8: 23.345 | K8: =J8/I8 -> 1.9568315 | L8: 4.692 | M8: 18.191 | N8: =M8/L8 -> 3.8770247 | O8: 15.063 | P8: 118.218 | Q8: =P8/O8 -> 7.8482374 | U8: 141.221 | V8: 218.093 | W8: =V8/U8 -> 1.5443383 | X8: 475.198 | Y8: =X8/W8 -> 307.7033 | Z8: 474.523 | AA8: =Z8/Y8 -> 1.5421446 | AB8: 48.44 | AC8: 98.578 | AD8: =AC8/AB8 -> 2.0350537 | AE8: 7.577 | AF8: 14.189 | AG8: =AF8/AE8 -> 1.8726409 | AH8: 18.109 | AI8: 18.772 | AJ8: =AI8/AH8 -> 1.0366116 | AK8: 14.865 | AL8: 19.038 | AM8: =AL8/AK8 -> 1.2807265 | BI8: 742.164 | BJ8: 1113.843 | BK8: =BJ8/BI8 -> 1.5008044
A9: 7 | B9: HARYANA | F9: 0.082 | G9: 0.75 | H9: =G9/F9 -> 9.1463415 | L9: 1.331 | M9: 3.009 | N9: =M9/L9 -> 2.2607062 | O9: 3.204 | P9: 31.698 | Q9: =P9/O9 -> 9.8932584 | U9: 1.052 | V9: 1.566 | W9: =V9/U9 -> 1.4885932 | Y9: =X9/W9 -> 0 | AB9: 0.051 | AC9: 0.089 | AD9: =AC9/AB9 -> 1.745098 | AE9: 0.905 | AF9: 3.775 | AG9: =AF9/AE9 -> 4.1712707 | BI9: 6.625 | BJ9: 40.887 | BK9: =BJ9/BI9 -> 6.1716226
A10: 8 | B10: HIMACHAL PRADESH | F10: 2.571 | G10: 15.291 | H10: =G10/F10 -> 5.9474912 | I10: 0.643 | J10: 0.397 | K10: =J10/I10 -> 0.61741835 | L10: 0.498 | M10: 0.81 | N10: =M10/L10 -> 1.626506 | O10: 6.506 | P10: 12.7 | Q10: =P10/O10 -> 1.9520443 | U10: 0.159 | V10: 0.189 | W10: =V10/U10 -> 1.1886792 | X10: 0.103 | Y10: =X10/W10 -> 0.086650794 | Z10: 0.055 | AA10: =Z10/Y10 -> 0.63473164 | BI10: 10.48 | BJ10: 29.442 | BK10: =BJ10/BI10 -> 2.8093511
A11: 9 | B11: JAMMU & KASHMIR | F11: 0.028 | G11: 0.0527 | H11: =G11/F11 -> 1.8821429 | I11: 0.664 | J11: 0.5509 | K11: =J11/I11 -> 0.82966867 | L11: 0.012 | M11: 0.0114 | N11: =M11/L11 -> 0.95 | O11: 0.708 | P11: 0.5719 | Q11: =P11/O11 -> 0.80776836 | AZ11: 3.657 | BA11: 0.0036 | BB11: =BA11/AZ11 -> 0.00098441345 | BI11: 5.069 | BJ11: 1.1905 | BK11: =BJ11/BI11 -> 0.23485895
A12: 10 | B12: JHARKHAND | BI12: 0 | BJ12: 0 | BK12: =BJ12/BI12 -> #DIV/0!
A13: 11 | B13: KARNATAKA | C13: 211.497 | D13: 99.6224 | E13: =D13/C13 -> 0.47103458 | F13: 45.504 | G13: 532.073 | H13: =G13/F13 -> 11.692884 | I13: 85.598 | J13: 147.049 | K13: =J13/I13 -> 1.7179023 | L13: 20.555 | M13: 131.138 | N13: =M13/L13 -> 6.3798589 | O13: 4.013 | P13: 21.221 | Q13: =P13/O13 -> 5.2880638 | R13: 3.396 | S13: 0.59 | T13: =S13/R13 -> 0.1737338 | U13: 0.908 | V13: 0.487 | W13: =V13/U13 -> 0.53634361 | X13: 0.097 | Y13: =X13/W13 -> 0.18085421 | Z13: 0.101 | AA13: =Z13/Y13 -> 0.55846087 | AB13: 0.111 | AC13: 0.452 | AD13: =AC13/AB13 -> 4.0720721 | AE13: 0.369 | AF13: 1.081 | AG13: =AF13/AE13 -> 2.9295393 | AN13: 0.03 | AO13: 0.003 | AP13: =AO13/AN13 -> 0.1 | AQ13: 0.42 | AR13: 0.541 | AS13: =AR13/AQ13 -> 1.2880952 | AT13: 0.097 | AU13: 0.092 | AV13: =AU13/AT13 -> 0.94845361 | AW13: 11.042 | AX13: 40.026 | AY13: =AX13/AW13 -> 3.6248868 | BC13: 0.075 | BD13: 0.027 | BE13: =BD13/BC13 -> 0.36 | BI13: 383.712 | BJ13: 974.5034 | BK13: =BJ13/BI13 -> 2.539674
A14: 12 | B14: KERALA | C14: 82.124 | D14: 33.591 | E14: =D14/C14 -> 0.40902781 | F14: 2.7 | G14: 56.242 | H14: =G14/F14 -> 20.83037 | I14: 0 | J14: 0 | L14: 2.217 | M14: 7.42 | N14: =M14/L14 -> 3.3468651 | O14: 0.203 | P14: 1.068 | Q14: =P14/O14 -> 5.2610837 | R14: 39.143 | S14: 20.57 | T14: =S14/R14 -> 0.52550903 | U14: 0 | V14: 0 | AN14: 0.084 | AO14: 0.011 | AP14: =AO14/AN14 -> 0.13095238 | AQ14: 23.51 | AR14: 14.911 | AS14: =AR14/AQ14 -> 0.63424075 | AT14: 0.787 | AU14: 0.058 | AV14: =AU14/AT14 -> 0.073697586 | AW14: 8.388 | AX14: 29.129 | AY14: =AX14/AW14 -> 3.4726991 | BC14: 0.03527 | BD14: 0.017 | BE14: =BD14/BC14 -> 0.48199603 | BI14: 159.19127 | BJ14: 163.017 | BK14: =BJ14/BI14 -> 1.0240323
A15: 13 | B15: MADHYA PRADESH | C15: 0 | D15: 0 | F15: 29.762 | G15: 477.563 | H15: =G15/F15 -> 16.046065 | I15: 122.198 | J15: 315.598 | K15: =J15/I15 -> 2.5826773 | L15: 17.764 | M15: 62.995 | N15: =M15/L15 -> 3.5462171 | O15: 193.066 | P15: 1982.604 | Q15: =P15/O15 -> 10.269048 | U15: 298.95 | V15: 401.34 | W15: =V15/U15 -> 1.3424987 | X15: 0.3 | Y15: =X15/W15 -> 0.2234639 | Z15: 0.339 | AA15: =Z15/Y15 -> 1.5170236 | AB15: 1.58 | AC15: 2.848 | AD15: =AC15/AB15 -> 1.8025316 | AE15: 52.202 | AF15: 100.212 | AG15: =AF15/AE15 -> 1.9196966 | AH15: 7.227 | AI15: 7.757 | AJ15: =AI15/AH15 -> 1.0733361 | AK15: 0.026 | AL15: 0.026 | AM15: =AL15/AK15 -> 1 | AW15: 0.938 | AX15: 9.847 | AY15: =AX15/AW15 -> 10.497868 | BF15: 0.764 | BG15: 11.087 | BH15: =BG15/BF15 -> 14.51178 | BI15: 724.777 | BJ15: 3372.216 | BK15: =BJ15/BI15 -> 4.6527635
A16: 14 | B16: MAHARASHTRA | C16: 1.237 | D16: 0.593 | E16: =D16/C16 -> 0.47938561 | F16: 9.644 | G16: 133.886 | H16: =G16/F16 -> 13.882829 | I16: 5.605 | J16: 24.484 | K16: =J16/I16 -> 4.3682426 | L16: 59.576 | M16: 230.7406 | N16: =M16/L16 -> 3.8730462 | O16: 3.779 | P16: 22.442 | Q16: =P16/O16 -> 5.9386081 | U16: 1.78 | V16: 5.503 | W16: =V16/U16 -> 3.091573 | Y16: =X16/W16 -> 0 | AE16: 0.835 | AF16: 5.338 | AG16: =AF16/AE16 -> 6.3928144 | AH16: 0 | AI16: 0 | AQ16: 0.086 | AR16: 0.103 | AS16: =AR16/AQ16 -> 1.1976744 | AW16: 1.039 | AX16: 9.968 | AY16: =AX16/AW16 -> 9.5938402 | BI16: 83.581 | BJ16: 433.0576 | BK16: =BJ16/BI16 -> 5.1812924
A17: 15 | B17: MANIPUR | F17: 4.801 | G17: 66.939 | H17: =G17/F17 -> 13.94272 | L17: 2.346 | M17: 5.684 | N17: =M17/L17 -> 2.4228474 | P17: 0 | R17: 0.182 | S17: 0.004 | T17: =S17/R17 -> 0.021978022 | U17: 0.051 | V17: 0.0745 | W17: =V17/U17 -> 1.4607843 | Y17: =X17/W17 -> 0 | BI17: 7.38 | BJ17: 72.7015 | BK17: =BJ17/BI17 -> 9.8511518
A18: 16 | B18: MEGHALAYA | C18: 1.056 | D18: 0.801 | E18: =D18/C18 -> 0.75852273 | F18: 9.972 | G18: 66.449 | H18: =G18/F18 -> 6.663558 | L18: 3.006 | M18: 3.3752 | N18: =M18/L18 -> 1.122821 | O18: 0.115 | P18: 0.196 | Q18: =P18/O18 -> 1.7043478 | AN18: 0.469 | AO18: 1.149 | AP18: =AO18/AN18 -> 2.4498934 | BI18: 14.618 | BJ18: 71.9702 | BK18: =BJ18/BI18 -> 4.9233958
A19: 17 | B19: MIZORAM | C19: 0.07 | D19: 0.0025 | E19: =D19/C19 -> 0.035714286 | F19: 8.553 | G19: 60.1305 | H19: =G19/F19 -> 7.0303402 | I19: 11.19575 | J19: 10.9181 | K19: =J19/I19 -> 0.97520041 | L19: 7.7384 | M19: 29.82 | N19: =M19/L19 -> 3.8535098 | O19: 0.0228 | P19: 0.012 | Q19: =P19/O19 -> 0.52631579 | U19: 0.2304775 | V19: 0.02108 | W19: =V19/U19 -> 0.09146229 | Y19: =X19/W19 -> 0 | AK19: 0.0005 | AL19: 0.0015 | AM19: =AL19/AK19 -> 3 | AN19: 0.001 | AO19: 0.00025 | AP19: =AO19/AN19 -> 0.25 | AW19: 0.01 | AX19: 0.026 | AY19: =AX19/AW19 -> 2.6 | BI19: 27.821928 | BJ19: 100.93193 | BK19: =BJ19/BI19 -> 3.6277835
A20: 18 | B20: NAGALAND | C20: 0.101 | D20: 0.024 | E20: =D20/C20 -> 0.23762376 | F20: 4.717 | G20: 35.28 | H20: =G20/F20 -> 7.4793301 | I20: 1.98 | J20: 4.328 | K20: =J20/I20 -> 2.1858586 | L20: 0.649 | M20: 1.838 | N20: =M20/L20 -> 2.8320493 | O20: 0.29 | P20: 2.382 | Q20: =P20/O20 -> 8.2137931 | R20: 3.988 | S20: 2.263 | T20: =S20/R20 -> 0.56745236 | U20: 0.047 | V20: 0.075 | W20: =V20/U20 -> 1.5957447 | Y20: =X20/W20 -> 0 | AN20: 0.006 | AO20: 0.002 | AP20: =AO20/AN20 -> 0.33333333 | AW20: 0.01 | AX20: 0.147 | AY20: =AX20/AW20 -> 14.7 | BI20: 11.788 | BJ20: 46.339 | BK20: =BJ20/BI20 -> 3.9310316
A21: 19 | B21: ODISHA | F21: 16.575 | G21: 128.02 | H21: =G21/F21 -> 7.7236802 | I21: 71.7 | J21: 69.28 | K21: =J21/I21 -> 0.96624826 | L21: 27.87 | M21: 43.615 | N21: =M21/L21 -> 1.5649444 | O21: 12.441 | P21: 45.482 | Q21: =P21/O21 -> 3.6558154 | U21: 19.6095 | V21: 10.863 | W21: =V21/U21 -> 0.55396619 | Y21: =X21/W21 -> 0 | BI21: 148.1955 | BJ21: 297.26 | BK21: =BJ21/BI21 -> 2.0058639
A22: 20 | B22: PUNJAB | I22: 8.777 | J22: 17.63 | K22: =J22/I22 -> 2.008659 | L22: 0.907 | M22: 3.3 | N22: =M22/L22 -> 3.6383682 | O22: 8.869 | P22: 96.767 | Q22: =P22/O22 -> 10.9107 | AK22: 4.566 | AL22: 6.511 | AM22: =AL22/AK22 -> 1.4259746 | BI22: 23.119 | BJ22: 124.208 | BK22: =BJ22/BI22 -> 5.3725507
A23: 21 | B23: RAJASTHAN | F23: 0.094 | G23: 0.319 | H23: =G23/F23 -> 3.393617 | I23: 6.603 | J23: 10.925 | K23: =J23/I23 -> 1.654551 | L23: 0.243 | M23: 0.431 | N23: =M23/L23 -> 1.7736626 | O23: 87.663 | P23: 517.088 | Q23: =P23/O23 -> 5.8985889 | U23: 124.286 | V23: 182.705 | W23: =V23/U23 -> 1.4700369 | X23: 609.719 | Y23: =X23/W23 -> 414.76443 | Z23: 318.688 | AA23: =Z23/Y23 -> 0.76835904 | AB23: 30.814 | AC23: 33.563 | AD23: =AC23/AB23 -> 1.0892127 | AE23: 90.469 | AF23: 109.28 | AG23: =AF23/AE23 -> 1.2079276 | AH23: 12.475 | AI23: 7.479 | AJ23: =AI23/AH23 -> 0.59951904 | AK23: 4.522 | AL23: 3.236 | AM23: =AL23/AK23 -> 0.71561256 | BI23: 966.888 | BJ23: 1183.714 | BK23: =BJ23/BI23 -> 1.2242514
A24: 22 | B24: SIKKIM | F24: 15.222 | G24: 81.5 | H24: =G24/F24 -> 5.3540928 | L24: 4.995 | M24: 15.464 | N24: =M24/L24 -> 3.0958959 | O24: 0 | P24: 0 | R24: 22.132 | S24: 5.614 | T24: =S24/R24 -> 0.25365986 | BI24: 42.349 | BJ24: 102.578 | BK24: =BJ24/BI24 -> 2.422206
A25: 23 | B25: TAMIL NADU | C25: 6.576 | D25: 1.44 | E25: =D25/C25 -> 0.2189781 | F25: 0.645 | G25: 11.015 | H25: =G25/F25 -> 17.077519 | I25: 55.716 | J25: 25.648 | K25: =J25/I25 -> 0.46033455 | L25: 20.894 | M25: 86.513 | N25: =M25/L25 -> 4.1405667 | O25: 1.272 | P25: 7.364 | Q25: =P25/O25 -> 5.7893082 | R25: 4.031 | S25: 0.366 | T25: =S25/R25 -> 0.090796328 | U25: 9.717 | V25: 4.184 | W25: =V25/U25 -> 0.43058557 | Y25: =X25/W25 -> 0 | AB25: 0.00575 | AC25: 0 | AD25: =AC25/AB25 -> 0 | AE25: 3.75e-05 | AF25: 0 | AG25: =AF25/AE25 -> 0 | AQ25: 0.174 | AR25: 0.02 | AS25: =AR25/AQ25 -> 0.11494253 | AT25: 1.039 | AU25: 1.008 | AV25: =AU25/AT25 -> 0.97016362 | AW25: 14.501 | AX25: 44.659 | AY25: =AX25/AW25 -> 3.0797186 | BF25: 0.511 | BG25: 0 | BH25: =BG25/BF25 -> 0 | BI25: 115.08179 | BJ25: 182.217 | BK25: =BJ25/BI25 -> 1.5833696
A26: 24 | B26: TELANGANA | F26: 2.594 | G26: 23.1 | H26: =G26/F26 -> 8.9051658 | I26: 89.156 | J26: 536.541 | K26: =J26/I26 -> 6.0180022 | L26: 41.014 | M26: 319.76 | N26: =M26/L26 -> 7.7963622 | O26: 0.023 | P26: 0.108 | Q26: =P26/O26 -> 4.6956522 | U26: 0.812 | V26: 0.861 | W26: =V26/U26 -> 1.0603448 | Y26: =X26/W26 -> 0 | AH26: 0.841 | AI26: 0.644 | AJ26: =AI26/AH26 -> 0.76575505 | AW26: 2.01325 | AX26: 12.66075 | AY26: =AX26/AW26 -> 6.2887123 | BI26: 136.45325 | BJ26: 893.67475 | BK26: =BJ26/BI26 -> 6.5493108
A27: 25 | B27: TRIPURA | C27: 0.33 | D27: 0.342342 | E27: =D27/C27 -> 1.0374 | F27: 1.897 | G27: 16.126 | H27: =G27/F27 -> 8.5007907 | I27: 2.825 | J27: 6.698 | K27: =J27/I27 -> 2.3709735 | L27: 1.682 | M27: 2.049 | N27: =M27/L27 -> 1.2181926 | BI27: 6.734 | BJ27: 25.215342 | BK27: =BJ27/BI27 -> 3.744482
A28: 26 | B28: UTTAR PRADESH | F28: 0.911 | G28: 4.295 | H28: =G28/F28 -> 4.7145993 | I28: 13.6 | J28: 12.065 | K28: =J28/I28 -> 0.88713235 | L28: 1.683 | M28: 2.361 | N28: =M28/L28 -> 1.402852 | O28: 34.895 | P28: 207.144 | Q28: =P28/O28 -> 5.9362086 | U28: 6.762 | V28: 5.307 | W28: =V28/U28 -> 0.78482697 | X28: 0.002 | Y28: =X28/W28 -> 0.0025483324 | Z28: 0.00675 | AA28: =Z28/Y28 -> 2.648791 | AB28: 0.72 | AC28: 0.784 | AD28: =AC28/AB28 -> 1.0888889 | AE28: 0.341 | AF28: 0.293 | AG28: =AF28/AE28 -> 0.85923754 | BF28: 346.003 | BG28: 34.712 | BH28: =BG28/BF28 -> 0.10032283 | BI28: 404.917 | BJ28: 266.96775 | BK28: =BJ28/BI28 -> 0.65931475
A29: 27 | B29: UTTARAKHAND | F29: 5.09358 | G29: 50.6829 | H29: =G29/F29 -> 9.9503493 | I29: 2.86943 | J29: 9.68543 | K29: =J29/I29 -> 3.3753847 | L29: 1.786 | M29: 2.9623 | N29: =M29/L29 -> 1.6586226 | O29: 2.11844 | P29: 11.51587 | Q29: =P29/O29 -> 5.4360142 | R29: 0.06854 | S29: 0.07848 | T29: =S29/R29 -> 1.1450248 | U29: 1.46997 | V29: 4.17942 | W29: =V29/U29 -> 2.8432009 | Y29: =X29/W29 -> 0 | AE29: 0.70326 | AF29: 3.89834 | AG29: =AF29/AE29 -> 5.5432415 | AN29: 0.4885 | AO29: 1.11595 | AP29: =AO29/AN29 -> 2.2844422 | BI29: 14.59772 | BJ29: 84.11869 | BK29: =BJ29/BI29 -> 5.762454
A30: 28 | B30: WEST BENGAL | C30: 0.338 | D30: 0.091 | E30: =D30/C30 -> 0.26923077 | F30: 12.7 | G30: 138.998 | H30: =G30/F30 -> 10.944724 | I30: 4.93 | J30: 7.821 | K30: =J30/I30 -> 1.5864097 | L30: 18.482 | M30: 48.183 | N30: =M30/L30 -> 2.607023 | O30: 3.981 | P30: 37.975 | Q30: =P30/O30 -> 9.5390605 | R30: 3.003 | S30: 0.847 | T30: =S30/R30 -> 0.28205128 | U30: 12.67 | V30: 16.443 | W30: =V30/U30 -> 1.2977901 | X30: 1.591 | Y30: =X30/W30 -> 1.2259302 | Z30: 1.597 | AA30: =Z30/Y30 -> 1.3026843 | AB30: 1.045 | AC30: 1.074 | AD30: =AC30/AB30 -> 1.0277512 | AE30: 2.755 | AF30: 3.117 | AG30: =AF30/AE30 -> 1.1313975 | AK30: 1.299 | AL30: 1.697 | AM30: =AL30/AK30 -> 1.3063895 | AN30: 0.846 | AO30: 2.57 | AP30: =AO30/AN30 -> 3.0378251 | BI30: 63.64 | BJ30: 260.413 | BK30: =BJ30/BI30 -> 4.0919705
A31: 29 | B31: OTHERS | C31: 0.927 | D31: 0.391 | E31: =D31/C31 -> 0.42179072 | F31: 0.113 | G31: 0.491 | H31: =G31/F31 -> 4.3451327 | I31: 0.043 | J31: 0.129 | K31: =J31/I31 -> 3 | L31: 0.077 | M31: 0.294 | N31: =M31/L31 -> 3.8181818 | O31: 0 | P31: 0 | R31: 0 | S31: 0 | U31: 0 | V31: 0 | X31: 0 | Z31: 0 | AB31: 0 | AC31: 0 | AE31: 0 | AF31: 0 | AH31: 0 | AI31: 0 | AK31: 0 | AL31: 0 | AN31: 0.03124 | AO31: 0.02842 | AP31: =AO31/AN31 -> 0.90973111 | AQ31: 0.24054 | AR31: 0.01971 | AS31: =AR31/AQ31 -> 0.081940634 | AT31: 0.01422 | AU31: 0.02136 | AV31: =AU31/AT31 -> 1.5021097 | AW31: 0.055 | AX31: 0.198 | AY31: =AX31/AW31 -> 3.6 | AZ31: 0 | BA31: 0 | BC31: 0 | BD31: 0 | BF31: 0 | BG31: 0 | BI31: 1.501 | BJ31: 1.57249 | BK31: =BJ31/BI31 -> 1.0476282
B32: TOTAL | C32: 309.33511 | D32: 140.63554 | E32: =D32/C32 -> 0.45463815 | F32: 204.83946 | G32: 2224.837 | H32: =G32/F32 -> 10.861369 | I32: 702.04748 | J32: 2049.2127 | K32: =J32/I32 -> 2.918909 | L32: 292.8763 | M32: 1123.8569 | N32: =M32/L32 -> 3.837309 | O32: 392.14924 | P32: 3189.7768 | Q32: =P32/O32 -> 8.1340889 | R32: 85.01022 | S32: 33.95498 | T32: =S32/R32 -> 0.39942233 | U32: 656.45795 | V32: 891.317 | W32: =V32/U32 -> 1.3577671 | X32: 1087.01 | Y32: =X32/W32 -> 800.5865 | Z32: 795.30975 | AA32: =Z32/Y32 -> 0.9934089 | AB32: 82.76675 | AC32: 137.388 | AD32: =AC32/AB32 -> 1.6599419 | AE32: 156.1563 | AF32: 241.18334 | AG32: =AF32/AE32 -> 1.5444996 | AH32: 42.008 | AI32: 35.569 | AJ32: =AI32/AH32 -> 0.84671967 | AK32: 25.2785 | AL32: 30.5095 | AM32: =AL32/AK32 -> 1.2069347 | AN32: 1.95574 | AO32: 4.87962 | AP32: =AO32/AN32 -> 2.4950249 | AQ32: 24.43054 | AR32: 15.59471 | AS32: =AR32/AQ32 -> 0.6383285 | AT32: 1.93722 | AU32: 1.17936 | AV32: =AU32/AT32 -> 0.60878992 | AW32: 41.63125 | AX32: 156.28875 | AY32: =AX32/AW32 -> 3.754121 | AZ32: 3.657 | BA32: 0.0036 | BB32: =BA32/AZ32 -> 0.00098441345 | BC32: 0.11027 | BD32: 0.044 | BE32: =BD32/BC32 -> 0.39902059 | BF32: 347.278 | BG32: 45.799 | BH32: =BG32/BF32 -> 0.13187993 | BI32: 4456.9353 | BJ32: 11117.339 | BK32: =BJ32/BI32 -> 2.494391
BA34: =BC32+AZ32 -> 3.76727

Sheet spi12-13
A1: STATES/Uts | B1: Pepper | E1: Ginger | H1: Chillies | K1: Turmeric | N1: Garlic | Q1: Cardamom | T1: Coriander | W1: Cumin | Z1: Fennel | AC1: F. Greek | AF1: Ajwan | AI1: Dill / Poppy /Celery | AL1: Cinnamon /Tejpat | AO1: Nutmeg | AR1: Clove | AU1: Tamarind | AX1: Saffron / Vanilla | BA1: Total
B2: A | C2: P | D2: Prod. | E2: A | F2: P | G2: Prod. | H2: A | I2: P | J2: Prod. | K2: A | L2: P | M2: Prod. | N2: A | O2: P | P2: Prod. | Q2: A | R2: P | S2: Prod. | T2: A | U2: P | V2: Prod. | W2: A | X2: P | Y2: Prod. | Z2: A | AA2: P | AB2: Prod. | AC2: A | AD2: P | AE2: Prod. | AF2: A | AG2: P | AH2: Prod. | AI2: A | AJ2: P | AK2: Prod. | AL2: A | AM2: P | AN2: Prod. | AO2: A | AP2: P | AQ2: Prod. | AR2: A | AS2: P | AT2: Prod. | AU2: A | AV2: P | AW2: Prod. | AX2: A | AY2: P | AZ2: Prod. | BA2: A | BB2: P | BC2: Prod.
A3: ANDAMAN NICOBAR | B3: 0.6 | C3: 0.13 | D3: =C3/B3 -> 0.21666667 | E3: 0.215 | F3: 1.91 | G3: =F3/E3 -> 8.8837209 | H3: 0.4 | I3: 0.61 | J3: =I3/H3 -> 1.525 | K3: 0.08 | L3: 0.47 | M3: =L3/K3 -> 5.875 | AL3: 0.15 | AM3: 0.04 | AN3: =AM3/AL3 -> 0.26666667 | AO3: 0.07 | AP3: 0.05 | AQ3: =AP3/AO3 -> 0.71428571 | AR3: 0.16 | AS3: 0.01 | AT3: =AS3/AR3 -> 0.0625 | AU3: 0.06 | AV3: 0.35 | AW3: =AV3/AU3 -> 5.8333333 | BA3: =B3+E3+H3+K3+N3+Q3+T3+W3+Z3+AC3+AF3+AI3+AL3+AO3+AR3+AU3+AX3 -> 1.735 | BB3: =C3+F3+I3+L3+O3+R3+U3+X3+AA3+AD3+AG3+AJ3+AM3+AP3+AS3+AV3+AY3 -> 3.57 | BC3: =BB3/BA3 -> 2.0576369
A4: ANDHRA PRADESH | B4: 0.01 | C4: 0.0001 | D4: =C4/B4 -> 0.01 | E4: 2.32 | F4: 20 | G4: =F4/E4 -> 8.6206897 | H4: 210.02 | I4: 685.15 | J4: =I4/H4 -> 3.2623084 | K4: 67.78 | L4: 423.22 | M4: =L4/K4 -> 6.2440248 | N4: 0.4 | O4: 0.001 | P4: =O4/N4 -> 0.0025 | T4: 20.8 | U4: 26 | V4: =U4/T4 -> 1.25 | AF4: 5.08 | AG4: 2.4 | AH4: =AG4/AF4 -> 0.47244094 | AU4: 6.2 | AV4: 30.9 | AW4: =AV4/AU4 -> 4.983871 | AX4: 0.01 | AY4: 0.01 | AZ4: =AY4/AX4 -> 1 | BA4: =B4+E4+H4+K4+N4+Q4+T4+W4+Z4+AC4+AF4+AI4+AL4+AO4+AR4+AU4+AX4 -> 312.62 | BB4: =C4+F4+I4+L4+O4+R4+U4+X4+AA4+AD4+AG4+AJ4+AM4+AP4+AS4+AV4+AY4 -> 1187.6811 | BC4: =BB4/BA4 -> 3.7991207
A5: ARUNACHAL PRADESH | E5: 7 | F5: 57 | G5: =F5/E5 -> 8.1428571 | H5: 2.5 | I5: 4.4 | J5: =I5/H5 -> 1.76 | K5: 0.64 | L5: 2.86 | M5: =L5/K5 -> 4.46875 | N5: 0.03 | O5: 0.01 | P5: =O5/N5 -> 0.33333333 | BA5: =B5+E5+H5+K5+N5+Q5+T5+W5+Z5+AC5+AF5+AI5+AL5+AO5+AR5+AU5+AX5 -> 10.17 | BB5: =C5+F5+I5+L5+O5+R5+U5+X5+AA5+AD5+AG5+AJ5+AM5+AP5+AS5+AV5+AY5 -> 64.27 | BC5: =BB5/BA5 -> 6.3195674
A6: ASSAM | B6: 3.72 | C6: 1.99 | D6: =C6/B6 -> 0.53494624 | E6: 17.839 | F6: 136.83 | G6: =F6/E6 -> 7.670273 | H6: 20.59 | I6: 15.96 | J6: =I6/H6 -> 0.77513356 | K6: 16.24 | L6: 15.43 | M6: =L6/K6 -> 0.95012315 | N6: 9.98 | O6: 67.79 | P6: =O6/N6 -> 6.7925852 | T6: 28.29 | U6: 49.5 | V6: =U6/T6 -> 1.7497349 | BA6: =B6+E6+H6+K6+N6+Q6+T6+W6+Z6+AC6+AF6+AI6+AL6+AO6+AR6+AU6+AX6 -> 96.659 | BB6: =C6+F6+I6+L6+O6+R6+U6+X6+AA6+AD6+AG6+AJ6+AM6+AP6+AS6+AV6+AY6 -> 287.5 | BC6: =BB6/BA6 -> 2.9743738
A7: BIHAR | E7: 0.56 | F7: 0.84 | G7: =F7/E7 -> 1.5 | H7: 2.9 | I7: 3 | J7: =I7/H7 -> 1.0344828 | K7: 3 | L7: 3 | M7: =L7/K7 -> 1 | N7: 4.25 | O7: 4 | P7: =O7/N7 -> 0.94117647 | T7: 2.3 | U7: 1.7 | V7: =U7/T7 -> 0.73913043 | BA7: =B7+E7+H7+K7+N7+Q7+T7+W7+Z7+AC7+AF7+AI7+AL7+AO7+AR7+AU7+AX7 -> 13.01 | BB7: =C7+F7+I7+L7+O7+R7+U7+X7+AA7+AD7+AG7+AJ7+AM7+AP7+AS7+AV7+AY7 -> 12.54 | BC7: =BB7/BA7 -> 0.96387394
A8: CHHATTISGARH | E8: 1.907 | F8: 2.32 | G8: =F8/E8 -> 1.2165705 | H8: 5.46 | I8: 8.3 | J8: =I8/H8 -> 1.5201465 | K8: 0.93 | L8: 0.82 | M8: =L8/K8 -> 0.88172043 | N8: 1.15 | O8: 3.09 | P8: =O8/N8 -> 2.6869565 | T8: 2.86 | U8: 0.84 | V8: =U8/T8 -> 0.29370629 | BA8: =B8+E8+H8+K8+N8+Q8+T8+W8+Z8+AC8+AF8+AI8+AL8+AO8+AR8+AU8+AX8 -> 12.307 | BB8: =C8+F8+I8+L8+O8+R8+U8+X8+AA8+AD8+AG8+AJ8+AM8+AP8+AS8+AV8+AY8 -> 15.37 | BC8: =BB8/BA8 -> 1.2488827
A9: GOA | B9: 0.73 | C9: 0.23 | D9: =C9/B9 -> 0.31506849 | BA9: =B9+E9+H9+K9+N9+Q9+T9+W9+Z9+AC9+AF9+AI9+AL9+AO9+AR9+AU9+AX9 -> 0.73 | BB9: =C9+F9+I9+L9+O9+R9+U9+X9+AA9+AD9+AG9+AJ9+AM9+AP9+AS9+AV9+AY9 -> 0.23 | BC9: =BB9/BA9 -> 0.31506849
A10: GUJARAT | E10: 4.395 | F10: 70.65 | G10: =F10/E10 -> 16.075085 | H10: 43.4 | I10: 68.53 | J10: =I10/H10 -> 1.5790323 | K10: 2.98 | L10: 50.49 | M10: =L10/K10 -> 16.942953 | N10: 39.2 | O10: 277.46 | P10: =O10/N10 -> 7.0780612 | T10: 20.57 | U10: 32.31 | V10: =U10/T10 -> 1.5707341 | W10: 373.9 | X10: 283.3 | Y10: =X10/W10 -> 0.75768922 | Z10: 39.5 | AA10: 57.94 | AB10: =AA10/Z10 -> 1.4668354 | AC10: 5.26 | AD10: 13.96 | AE10: =AD10/AC10 -> 2.6539924 | AF10: 5.87 | AG10: 6.37 | AH10: =AG10/AF10 -> 1.0851789 | AI10: 16.6 | AJ10: 21.13 | AK10: =AJ10/AI10 -> 1.2728916 | BA10: =B10+E10+H10+K10+N10+Q10+T10+W10+Z10+AC10+AF10+AI10+AL10+AO10+AR10+AU10+AX10 -> 551.675 | BB10: =C10+F10+I10+L10+O10+R10+U10+X10+AA10+AD10+AG10+AJ10+AM10+AP10+AS10+AV10+AY10 -> 882.14 | BC10: =BB10/BA10 -> 1.5990212
A11: HARYANA | E11: 0.445 | F11: 5.65 | G11: =F11/E11 -> 12.696629 | H11: 2.43 | I11: 4.22 | J11: =I11/H11 -> 1.7366255 | K11: 1.33 | L11: 23.84 | M11: =L11/K11 -> 17.924812 | N11: 4.44 | O11: 35.83 | P11: =O11/N11 -> 8.0698198 | T11: 2.43 | U11: 4.41 | V11: =U11/T11 -> 1.8148148 | Z11: 0.27 | AA11: 0.17 | AB11: =AA11/Z11 -> 0.62962963 | AC11: 4.78 | AD11: 8.7 | AE11: =AD11/AC11 -> 1.8200837 | BA11: =B11+E11+H11+K11+N11+Q11+T11+W11+Z11+AC11+AF11+AI11+AL11+AO11+AR11+AU11+AX11 -> 16.125 | BB11: =C11+F11+I11+L11+O11+R11+U11+X11+AA11+AD11+AG11+AJ11+AM11+AP11+AS11+AV11+AY11 -> 82.82 | BC11: =BB11/BA11 -> 5.136124
A12: HIMACHAL PRADESH | E12: 2.098 | F12: 3.74 | G12: =F12/E12 -> 1.7826501 | H12: 0.63 | I12: 0.2 | J12: =I12/H12 -> 0.31746032 | K12: 0.2 | L12: 0.11 | M12: =L12/K12 -> 0.55 | N12: 4.15 | O12: 6.14 | P12: =O12/N12 -> 1.4795181 | T12: 0.14 | U12: 0.05 | V12: =U12/T12 -> 0.35714286 | W12: 0.08 | X12: 0.02 | Y12: =X12/W12 -> 0.25 | BA12: =B12+E12+H12+K12+N12+Q12+T12+W12+Z12+AC12+AF12+AI12+AL12+AO12+AR12+AU12+AX12 -> 7.298 | BB12: =C12+F12+I12+L12+O12+R12+U12+X12+AA12+AD12+AG12+AJ12+AM12+AP12+AS12+AV12+AY12 -> 10.26 | BC12: =BB12/BA12 -> 1.4058646
A13: JAMMU & KASHMIR | E13: 0.034 | F13: 0.04 | G13: =F13/E13 -> 1.1764706 | H13: 0.56 | I13: 0.54 | J13: =I13/H13 -> 0.96428571 | K13: 0.02 | L13: 0.02 | M13: =L13/K13 -> 1 | N13: 0.54 | O13: 0.46 | P13: =O13/N13 -> 0.85185185 | AX13: 2.99 | AY13: 0.01 | AZ13: =AY13/AX13 -> 0.0033444816 | BA13: =B13+E13+H13+K13+N13+Q13+T13+W13+Z13+AC13+AF13+AI13+AL13+AO13+AR13+AU13+AX13 -> 4.144 | BB13: =C13+F13+I13+L13+O13+R13+U13+X13+AA13+AD13+AG13+AJ13+AM13+AP13+AS13+AV13+AY13 -> 1.07 | BC13: =BB13/BA13 -> 0.25820463
A14: JHARKHAND | BA14: =B14+E14+H14+K14+N14+Q14+T14+W14+Z14+AC14+AF14+AI14+AL14+AO14+AR14+AU14+AX14 -> 0 | BB14: =C14+F14+I14+L14+O14+R14+U14+X14+AA14+AD14+AG14+AJ14+AM14+AP14+AS14+AV14+AY14 -> 0
A15: KARNATAKA | B15: 27.01 | C15: 6.15 | D15: =C15/B15 -> 0.22769345 | E15: 16.514 | F15: 57.8 | G15: =F15/E15 -> 3.5000606 | H15: 100.73 | I15: 107 | J15: =I15/H15 -> 1.0622456 | K15: 16.1 | L15: 100 | M15: =L15/K15 -> 6.2111801 | N15: 4.22 | O15: 4.5 | P15: =O15/N15 -> 1.0663507 | Q15: 25.05 | R15: 1.58 | S15: =R15/Q15 -> 0.063073852 | T15: 4.5 | U15: 4.5 | V15: =U15/T15 -> 1 | AL15: 0.04 | AM15: 0.01 | AN15: =AM15/AL15 -> 0.25 | AO15: 0.15 | AP15: 0.15 | AQ15: =AP15/AO15 -> 1 | AR15: 0.12 | AS15: 0.17 | AT15: =AS15/AR15 -> 1.4166667 | AU15: 16.8 | AV15: 87 | AW15: =AV15/AU15 -> 5.1785714 | AX15: 2.52 | AY15: 0.99 | AZ15: =AY15/AX15 -> 0.39285714 | BA15: =B15+E15+H15+K15+N15+Q15+T15+W15+Z15+AC15+AF15+AI15+AL15+AO15+AR15+AU15+AX15 -> 213.754 | BB15: =C15+F15+I15+L15+O15+R15+U15+X15+AA15+AD15+AG15+AJ15+AM15+AP15+AS15+AV15+AY15 -> 369.85 | BC15: =BB15/BA15 -> 1.73026
A16: KERALA | B16: 86.79 | C16: 42.49 | D16: =C16/B16 -> 0.48957253 | E16: 6.358 | F16: 33.75 | G16: =F16/E16 -> 5.308273 | H16: 1.91 | I16: 3.1 | J16: =I16/H16 -> 1.6230366 | K16: 2.73 | L16: 7.06 | M16: =L16/K16 -> 2.5860806 | N16: 0.07 | O16: 0.72 | P16: =O16/N16 -> 10.285714 | Q16: 39.66 | R16: 10.08 | S16: =R16/Q16 -> 0.25416036 | AL16: 0.32 | AM16: 0.001 | AN16: =AM16/AL16 -> 0.003125 | AO16: 17.22 | AP16: 12.42 | AQ16: =AP16/AO16 -> 0.72125436 | AR16: 1.23 | AS16: 0.1 | AT16: =AS16/AR16 -> 0.081300813 | AU16: 12.71 | AV16: 19.1 | AW16: =AV16/AU16 -> 1.5027537 | AX16: 1.01 | AY16: 0.04 | AZ16: =AY16/AX16 -> 0.03960396 | BA16: =B16+E16+H16+K16+N16+Q16+T16+W16+Z16+AC16+AF16+AI16+AL16+AO16+AR16+AU16+AX16 -> 170.008 | BB16: =C16+F16+I16+L16+O16+R16+U16+X16+AA16+AD16+AG16+AJ16+AM16+AP16+AS16+AV16+AY16 -> 128.861 | BC16: =BB16/BA16 -> 0.75797021
A17: MADHYA PRADESH | E17: 9 | F17: 15 | G17: =F17/E17 -> 1.6666667 | H17: 54.41 | I17: 93.57 | J17: =I17/H17 -> 1.7197206 | K17: 1.5 | L17: 0.6 | M17: =L17/K17 -> 0.4 | N17: 60 | O17: 270 | P17: =O17/N17 -> 4.5 | T17: 175 | U17: 82 | V17: =U17/T17 -> 0.46857143 | BA17: =B17+E17+H17+K17+N17+Q17+T17+W17+Z17+AC17+AF17+AI17+AL17+AO17+AR17+AU17+AX17 -> 299.91 | BB17: =C17+F17+I17+L17+O17+R17+U17+X17+AA17+AD17+AG17+AJ17+AM17+AP17+AS17+AV17+AY17 -> 461.17 | BC17: =BB17/BA17 -> 1.5376946
A18: MAHARASHTRA | E18: 1.06 | F18: 1.04 | G18: =F18/E18 -> 0.98113208 | H18: 99.5 | I18: 45.6 | J18: =I18/H18 -> 0.45829146 | K18: 11 | L18: 11 | M18: =L18/K18 -> 1 | N18: 3.5 | O18: 40 | P18: =O18/N18 -> 11.428571 | AU18: 5.7 | AV18: 11.4 | AW18: =AV18/AU18 -> 2 | BA18: =B18+E18+H18+K18+N18+Q18+T18+W18+Z18+AC18+AF18+AI18+AL18+AO18+AR18+AU18+AX18 -> 120.76 | BB18: =C18+F18+I18+L18+O18+R18+U18+X18+AA18+AD18+AG18+AJ18+AM18+AP18+AS18+AV18+AY18 -> 109.04 | BC18: =BB18/BA18 -> 0.902948
A19: MANIPUR | E19: 2.4 | F19: 3.84 | G19: =F19/E19 -> 1.6 | H19: 6.5 | I19: 3.9 | J19: =I19/H19 -> 0.6 | K19: 1.4 | L19: 16.4 | M19: =L19/K19 -> 11.714286 | N19: 0.17 | O19: 0.001 | P19: =O19/N19 -> 0.0058823529 | BA19: =B19+E19+H19+K19+N19+Q19+T19+W19+Z19+AC19+AF19+AI19+AL19+AO19+AR19+AU19+AX19 -> 10.47 | BB19: =C19+F19+I19+L19+O19+R19+U19+X19+AA19+AD19+AG19+AJ19+AM19+AP19+AS19+AV19+AY19 -> 24.141 | BC19: =BB19/BA19 -> 2.3057307
A20: MEGHALAYA | B20: 0.89 | C20: 0.46 | D20: =C20/B20 -> 0.51685393 | E20: 9.442 | F20: 56.8 | G20: =F20/E20 -> 6.0156746 | H20: 1.85 | I20: 1.41 | J20: =I20/H20 -> 0.76216216 | K20: 1.94 | L20: 9.98 | M20: =L20/K20 -> 5.1443299 | N20: 0.28 | O20: 1.11 | P20: =O20/N20 -> 3.9642857 | T20: 0.01 | U20: 0.05 | V20: =U20/T20 -> 5 | AL20: 2.44 | AM20: 5 | AN20: =AM20/AL20 -> 2.0491803 | BA20: =B20+E20+H20+K20+N20+Q20+T20+W20+Z20+AC20+AF20+AI20+AL20+AO20+AR20+AU20+AX20 -> 16.852 | BB20: =C20+F20+I20+L20+O20+R20+U20+X20+AA20+AD20+AG20+AJ20+AM20+AP20+AS20+AV20+AY20 -> 74.81 | BC20: =BB20/BA20 -> 4.4392357
A21: MIZORAM | B21: 0.07 | C21: 0.01 | D21: =C21/B21 -> 0.14285714 | E21: 7.28 | F21: 28.39 | G21: =F21/E21 -> 3.8997253 | H21: 9.02 | I21: 8.21 | J21: =I21/H21 -> 0.91019956 | K21: 6.05 | L21: 22.99 | M21: =L21/K21 -> 3.8 | N21: 0.02 | O21: 0.01 | P21: =O21/N21 -> 0.5 | T21: 0.03 | U21: 0.01 | V21: =U21/T21 -> 0.33333333 | BA21: =B21+E21+H21+K21+N21+Q21+T21+W21+Z21+AC21+AF21+AI21+AL21+AO21+AR21+AU21+AX21 -> 22.47 | BB21: =C21+F21+I21+L21+O21+R21+U21+X21+AA21+AD21+AG21+AJ21+AM21+AP21+AS21+AV21+AY21 -> 59.62 | BC21: =BB21/BA21 -> 2.6533155
A22: NAGALAND | B22: 0.23 | C22: 0.01 | D22: =C22/B22 -> 0.043478261 | E22: 5.32 | F22: 36 | G22: =F22/E22 -> 6.7669173 | H22: 0.8 | I22: 1 | J22: =I22/H22 -> 1.25 | K22: 0.12 | L22: 0.5 | M22: =L22/K22 -> 4.1666667 | N22: 0.1 | O22: 0.15 | P22: =O22/N22 -> 1.5 | Q22: 3.2 | R22: 1.5 | S22: =R22/Q22 -> 0.46875 | BA22: =B22+E22+H22+K22+N22+Q22+T22+W22+Z22+AC22+AF22+AI22+AL22+AO22+AR22+AU22+AX22 -> 9.77 | BB22: =C22+F22+I22+L22+O22+R22+U22+X22+AA22+AD22+AG22+AJ22+AM22+AP22+AS22+AV22+AY22 -> 39.16 | BC22: =BB22/BA22 -> 4.0081883
A23: ODISHA | E23: 15.844 | F23: 35 | G23: =F23/E23 -> 2.2090381 | H23: 75.6 | I23: 70 | J23: =I23/H23 -> 0.92592593 | K23: 2.48 | L23: 30 | M23: =L23/K23 -> 12.096774 | N23: 10.9 | O23: 35.5 | P23: =O23/N23 -> 3.2568807 | T23: 19.1 | U23: 11 | V23: =U23/T23 -> 0.57591623 | BA23: =B23+E23+H23+K23+N23+Q23+T23+W23+Z23+AC23+AF23+AI23+AL23+AO23+AR23+AU23+AX23 -> 123.924 | BB23: =C23+F23+I23+L23+O23+R23+U23+X23+AA23+AD23+AG23+AJ23+AM23+AP23+AS23+AV23+AY23 -> 181.5 | BC23: =BB23/BA23 -> 1.4646073
A24: PUDUCHERRY | B24: 0.01 | C24: 0.01 | D24: =C24/B24 -> 1 | H24: 0.01 | I24: 0.01 | J24: =I24/H24 -> 1 | K24: 0.01 | L24: 0.01 | M24: =L24/K24 -> 1 | BA24: =B24+E24+H24+K24+N24+Q24+T24+W24+Z24+AC24+AF24+AI24+AL24+AO24+AR24+AU24+AX24 -> 0.03 | BB24: =C24+F24+I24+L24+O24+R24+U24+X24+AA24+AD24+AG24+AJ24+AM24+AP24+AS24+AV24+AY24 -> 0.03 | BC24: =BB24/BA24 -> 1
A25: PUNJAB | H25: 10.6 | I25: 17.7 | J25: =I25/H25 -> 1.6698113 | N25: 3.7 | O25: 45 | P25: =O25/N25 -> 12.162162 | AI25: 4.07 | AJ25: 5.51 | AK25: =AJ25/AI25 -> 1.3538084 | BA25: =B25+E25+H25+K25+N25+Q25+T25+W25+Z25+AC25+AF25+AI25+AL25+AO25+AR25+AU25+AX25 -> 18.37 | BB25: =C25+F25+I25+L25+O25+R25+U25+X25+AA25+AD25+AG25+AJ25+AM25+AP25+AS25+AV25+AY25 -> 68.21 | BC25: =BB25/BA25 -> 3.7131192
A26: RAJASTHAN | E26: 0.16 | F26: 0.31 | G26: =F26/E26 -> 1.9375 | H26: 12.21 | I26: 17.71 | J26: =I26/H26 -> 1.4504505 | K26: 0.2 | L26: 0.43 | M26: =L26/K26 -> 2.15 | N26: 59.45 | O26: 235.98 | P26: =O26/N26 -> 3.969386 | T26: 250 | U26: 300 | V26: =U26/T26 -> 1.2 | W26: 220 | X26: 111 | Y26: =X26/W26 -> 0.50454545 | Z26: 59.04 | AA26: 84.07 | AB26: =AA26/Z26 -> 1.4239499 | AC26: 82.35 | AD26: 87.38 | AE26: =AD26/AC26 -> 1.0610808 | AF26: 24.43 | AG26: 18.01 | AH26: =AG26/AF26 -> 0.73720835 | AI26: 12.8 | AJ26: 6 | AK26: =AJ26/AI26 -> 0.46875 | BA26: =B26+E26+H26+K26+N26+Q26+T26+W26+Z26+AC26+AF26+AI26+AL26+AO26+AR26+AU26+AX26 -> 720.64 | BB26: =C26+F26+I26+L26+O26+R26+U26+X26+AA26+AD26+AG26+AJ26+AM26+AP26+AS26+AV26+AY26 -> 860.89 | BC26: =BB26/BA26 -> 1.1946187
A27: SIKKIM | E27: 9.25 | F27: 51.56 | G27: =F27/E27 -> 5.5740541 | K27: 1.3 | L27: 4.68 | M27: =L27/K27 -> 3.6 | Q27: 16.01 | R27: 3.84 | S27: =R27/Q27 -> 0.23985009 | BA27: =B27+E27+H27+K27+N27+Q27+T27+W27+Z27+AC27+AF27+AI27+AL27+AO27+AR27+AU27+AX27 -> 26.56 | BB27: =C27+F27+I27+L27+O27+R27+U27+X27+AA27+AD27+AG27+AJ27+AM27+AP27+AS27+AV27+AY27 -> 60.08 | BC27: =BB27/BA27 -> 2.2620482
A28: TAMIL NADU | B28: 4.3 | C28: 0.98 | D28: =C28/B28 -> 0.22790698 | E28: 0.33 | F28: 4.1 | G28: =F28/E28 -> 12.424242 | H28: 50.67 | I28: 23.06 | J28: =I28/H28 -> 0.45510164 | K28: 35.76 | L28: 190.1 | M28: =L28/K28 -> 5.3159955 | N28: 0.45 | O28: 2.59 | P28: =O28/N28 -> 5.7555556 | Q28: 5.16 | R28: 0.77 | S28: =R28/Q28 -> 0.14922481 | T28: 9.59 | U28: 4.1 | V28: =U28/T28 -> 0.42752868 | AO28: 0.05 | AP28: 0.001 | AQ28: =AP28/AO28 -> 0.02 | AR28: 0.87 | AS28: 0.82 | AT28: =AS28/AR28 -> 0.94252874 | AU28: 16.64 | AV28: 53.07 | AW28: =AV28/AU28 -> 3.1893029 | AX28: 0.57 | AY28: 0.02 | AZ28: =AY28/AX28 -> 0.035087719 | BA28: =B28+E28+H28+K28+N28+Q28+T28+W28+Z28+AC28+AF28+AI28+AL28+AO28+AR28+AU28+AX28 -> 124.39 | BB28: =C28+F28+I28+L28+O28+R28+U28+X28+AA28+AD28+AG28+AJ28+AM28+AP28+AS28+AV28+AY28 -> 279.611 | BC28: =BB28/BA28 -> 2.2478575
A29: TRIPURA | B29: 0.24 | C29: 0.15 | D29: =C29/B29 -> 0.625 | E29: 1.8 | F29: 7.6 | G29: =F29/E29 -> 4.2222222 | H29: 2.35 | I29: 3.7 | J29: =I29/H29 -> 1.5744681 | K29: 1.3 | L29: 6.59 | M29: =L29/K29 -> 5.0692308 | BA29: =B29+E29+H29+K29+N29+Q29+T29+W29+Z29+AC29+AF29+AI29+AL29+AO29+AR29+AU29+AX29 -> 5.69 | BB29: =C29+F29+I29+L29+O29+R29+U29+X29+AA29+AD29+AG29+AJ29+AM29+AP29+AS29+AV29+AY29 -> 18.04 | BC29: =BB29/BA29 -> 3.1704745
A30: UTTAR PRADESH | E30: 0.822 | F30: 4.02 | G30: =F30/E30 -> 4.8905109 | H30: 13.47 | I30: 10.3 | J30: =I30/H30 -> 0.76466221 | K30: 2 | L30: 6 | M30: =L30/K30 -> 3 | N30: 36.08 | O30: 187.39 | P30: =O30/N30 -> 5.1937361 | T30: 6.68 | U30: 3.61 | V30: =U30/T30 -> 0.54041916 | W30: 0.001 | X30: 0.01 | Y30: =X30/W30 -> 10 | Z30: 0.8 | AA30: 0.77 | AB30: =AA30/Z30 -> 0.9625 | AC30: 0.33 | AD30: 0.22 | AE30: =AD30/AC30 -> 0.66666667 | BA30: =B30+E30+H30+K30+N30+Q30+T30+W30+Z30+AC30+AF30+AI30+AL30+AO30+AR30+AU30+AX30 -> 60.183 | BB30: =C30+F30+I30+L30+O30+R30+U30+X30+AA30+AD30+AG30+AJ30+AM30+AP30+AS30+AV30+AY30 -> 212.32 | BC30: =BB30/BA30 -> 3.5279066
A31: UTTARAKHAND | E31: 2.355 | F31: 23.44 | G31: =F31/E31 -> 9.9532909 | H31: 2 | I31: 7.2 | J31: =I31/H31 -> 3.6 | K31: 1.34 | L31: 2.49 | M31: =L31/K31 -> 1.858209 | N31: 1.09 | O31: 1.54 | P31: =O31/N31 -> 1.412844 | T31: 0.9 | U31: 3.8 | V31: =U31/T31 -> 4.2222222 | AC31: 0.4 | AD31: 2.61 | AE31: =AD31/AC31 -> 6.525 | BA31: =B31+E31+H31+K31+N31+Q31+T31+W31+Z31+AC31+AF31+AI31+AL31+AO31+AR31+AU31+AX31 -> 8.085 | BB31: =C31+F31+I31+L31+O31+R31+U31+X31+AA31+AD31+AG31+AJ31+AM31+AP31+AS31+AV31+AY31 -> 41.08 | BC31: =BB31/BA31 -> 5.0810142
A32: WEST BENGAL | E32: 11.5 | F32: 25 | G32: =F32/E32 -> 2.173913 | H32: 63.6 | I32: 100 | J32: =I32/H32 -> 1.572327 | K32: 15.8 | L32: 42 | M32: =L32/K32 -> 2.6582278 | N32: 3.35 | O32: 40 | P32: =O32/N32 -> 11.940299 | Q32: 3.31 | R32: 0.66 | S32: =R32/Q32 -> 0.19939577 | BA32: =B32+E32+H32+K32+N32+Q32+T32+W32+Z32+AC32+AF32+AI32+AL32+AO32+AR32+AU32+AX32 -> 97.56 | BB32: =C32+F32+I32+L32+O32+R32+U32+X32+AA32+AD32+AG32+AJ32+AM32+AP32+AS32+AV32+AY32 -> 207.66 | BC32: =BB32/BA32 -> 2.1285363
BB33: =C33+F33+I33+L33+O33+R33+U33+X33+AA33+AD33+AG33+AJ33+AM33+AP33+AS33+AV33+AY33 -> 0
A34: TOTAL | B34: =SUM(B3:B33) -> 124.6 | C34: =SUM(C3:C33) -> 52.6101 | D34: =C34/B34 -> 0.42223194 | E34: =SUM(E3:E33) -> 136.248 | F34: =SUM(F3:F33) -> 682.63 | G34: =F34/E34 -> 5.010202 | H34: =SUM(H3:H33) -> 794.12 | I34: =SUM(I3:I33) -> 1304.38 | J34: =I34/H34 -> 1.6425477 | K34: =SUM(K3:K33) -> 194.23 | L34: =SUM(L3:L33) -> 971.09 | M34: =L34/K34 -> 4.9996911 | N34: =SUM(N3:N33) -> 247.52 | O34: =SUM(O3:O33) -> 1259.272 | P34: =O34/N34 -> 5.0875566 | Q34: =SUM(Q3:Q33) -> 92.39 | R34: =SUM(R3:R33) -> 18.43 | S34: =R34/Q34 -> 0.19948046 | T34: =SUM(T3:T33) -> 543.2 | U34: =SUM(U3:U33) -> 523.88 | V34: =U34/T34 -> 0.96443299 | W34: =SUM(W3:W33) -> 593.981 | X34: =SUM(X3:X33) -> 394.33 | Y34: =X34/W34 -> 0.66387645 | Z34: =SUM(Z3:Z33) -> 99.61 | AA34: =SUM(AA3:AA33) -> 142.95 | AB34: =AA34/Z34 -> 1.4350969 | AC34: =SUM(AC3:AC33) -> 93.12 | AD34: =SUM(AD3:AD33) -> 112.87 | AE34: =AD34/AC34 -> 1.2120919 | AF34: =SUM(AF3:AF33) -> 35.38 | AG34: =SUM(AG3:AG33) -> 26.78 | AH34: =AG34/AF34 -> 0.75692482 | AI34: =SUM(AI3:AI33) -> 33.47 | AJ34: =SUM(AJ3:AJ33) -> 32.64 | AK34: =AJ34/AI34 -> 0.97520167 | AL34: =SUM(AL3:AL33) -> 2.95 | AM34: =SUM(AM3:AM33) -> 5.051 | AN34: =AM34/AL34 -> 1.7122034 | AO34: =SUM(AO3:AO33) -> 17.49 | AP34: =SUM(AP3:AP33) -> 12.621 | AQ34: =AP34/AO34 -> 0.72161235 | AR34: =SUM(AR3:AR33) -> 2.38 | AS34: =SUM(AS3:AS33) -> 1.1 | AT34: =AS34/AR34 -> 0.46218487 | AU34: =SUM(AU3:AU33) -> 58.11 | AV34: =SUM(AV3:AV33) -> 201.82 | AW34: =AV34/AU34 -> 3.4730683 | AX34: =SUM(AX3:AX33) -> 7.1 | AY34: =SUM(AY3:AY33) -> 1.07 | AZ34: =AY34/AX34 -> 0.15070423 | BA34: =SUM(BA3:BA33) -> 3075.899 | BB34: =C34+F34+I34+L34+O34+R34+U34+X34+AA34+AD34+AG34+AJ34+AM34+AP34+AS34+AV34+AY34 -> 5743.5241 | BC34: =BB34/BA34 -> 1.8672668

Sheet spi13-14
A1: STATES/UTs | B1: Pepper | E1: Ginger | H1: Chillies | K1: Turmeric | N1: Garlic | Q1: Cardamom | T1: Coriander | W1: Cumin | Z1: Fennel | AC1: Fenugreek | AF1: Ajwan | AI1: Dill / Poppy /Celery | AL1: Cinnamon /Tejpat | AO1: Nutmeg | AR1: Clove | AU1: Tamarind | AX1: Saffron / Vanilla | BA1: Total
B2: A | C2: P | D2: Prod. | E2: A | F2: P | G2: Prod. | H2: A | I2: P | J2: Prod. | K2: A | L2: P | M2: Prod. | N2: A | O2: P | P2: Prod. | Q2: A | R2: P | S2: Prod. | T2: A | U2: P | V2: Prod. | W2: A | X2: P | Y2: Prod. | Z2: A | AA2: P | AB2: Prod. | AC2: A | AD2: P | AE2: Prod. | AF2: A | AG2: P | AH2: Prod. | AI2: A | AJ2: P | AK2: Prod. | AL2: A | AM2: P | AN2: Prod. | AO2: A | AP2: P | AQ2: Prod. | AR2: A | AS2: P | AT2: Prod. | AU2: A | AV2: P | AW2: Prod. | AX2: A | AY2: P | AZ2: Prod. | BA2: A | BB2: P | BC2: Prod.
A3: ANDAMAN NICOBAR | B3: 0.6 | C3: 0.13 | D3: =C3/B3 -> 0.21666667 | E3: 0.215 | F3: 1.91 | G3: =F3/E3 -> 8.8837209 | H3: 0.4 | I3: 0.61 | J3: =I3/H3 -> 1.525 | K3: 0.08 | L3: 0.47 | M3: =L3/K3 -> 5.875 | AL3: 0.15 | AM3: 0.04 | AN3: =AM3/AL3 -> 0.26666667 | AO3: 0.07 | AP3: 0.05 | AQ3: =AP3/AO3 -> 0.71428571 | AR3: 0.16 | AS3: 0.01 | AT3: =AS3/AR3 -> 0.0625 | BA3: =B3+E3+H3+K3+N3+Q3+T3+W3+Z3+AC3+AF3+AI3+AL3+AO3+AR3+AU3+AX3 -> 1.675 | BB3: =C3+F3+I3+L3+O3+R3+U3+X3+AA3+AD3+AG3+AJ3+AM3+AP3+AS3+AV3+AY3 -> 3.22 | BC3: =BB3/BA3 -> 1.9223881
A4: ANDHRA PRADESH | E4: 0.358 | F4: 1.37 | G4: =F4/E4 -> 3.8268156 | H4: 131.32 | I4: 601.99 | J4: =I4/H4 -> 4.5841456 | K4: 17.82 | L4: 151.91 | M4: =L4/K4 -> 8.5246914 | T4: 8.45 | U4: 5.02 | V4: =U4/T4 -> 0.59408284 | AF4: 6.63 | AG4: 2.88 | AH4: =AG4/AF4 -> 0.43438914 | AU4: 4.77 | AV4: 12.64 | AW4: =AV4/AU4 -> 2.6498952 | AX4: 0.01 | AY4: 0.01 | AZ4: =AY4/AX4 -> 1 | BA4: =B4+E4+H4+K4+N4+Q4+T4+W4+Z4+AC4+AF4+AI4+AL4+AO4+AR4+AU4+AX4 -> 169.358 | BB4: =C4+F4+I4+L4+O4+R4+U4+X4+AA4+AD4+AG4+AJ4+AM4+AP4+AS4+AV4+AY4 -> 775.82 | BC4: =BB4/BA4 -> 4.5809469
A5: ARUNACHAL PRADESH | E5: 7 | F5: 57 | G5: =F5/E5 -> 8.1428571 | H5: 2.5 | I5: 4.4 | J5: =I5/H5 -> 1.76 | K5: 0.64 | L5: 2.86 | M5: =L5/K5 -> 4.46875 | N5: 0.03 | O5: 0.01 | P5: =O5/N5 -> 0.33333333 | BA5: =B5+E5+H5+K5+N5+Q5+T5+W5+Z5+AC5+AF5+AI5+AL5+AO5+AR5+AU5+AX5 -> 10.17 | BB5: =C5+F5+I5+L5+O5+R5+U5+X5+AA5+AD5+AG5+AJ5+AM5+AP5+AS5+AV5+AY5 -> 64.27 | BC5: =BB5/BA5 -> 6.3195674
A6: ASSAM | B6: 3.52 | C6: 2.01 | D6: =C6/B6 -> 0.57102273 | E6: 15.683 | F6: 122.31 | G6: =F6/E6 -> 7.7988905 | H6: 18.92 | I6: 16.48 | J6: =I6/H6 -> 0.87103594 | K6: 16.31 | L6: 15.78 | M6: =L6/K6 -> 0.9675046 | N6: 10.08 | O6: 69.42 | P6: =O6/N6 -> 6.8869048 | T6: 28.57 | U6: 53.14 | V6: =U6/T6 -> 1.859993 | BA6: =B6+E6+H6+K6+N6+Q6+T6+W6+Z6+AC6+AF6+AI6+AL6+AO6+AR6+AU6+AX6 -> 93.083 | BB6: =C6+F6+I6+L6+O6+R6+U6+X6+AA6+AD6+AG6+AJ6+AM6+AP6+AS6+AV6+AY6 -> 279.14 | BC6: =BB6/BA6 -> 2.998829
A7: BIHAR | E7: 0.56 | F7: 0.84 | G7: =F7/E7 -> 1.5 | H7: 2.9 | I7: 3 | J7: =I7/H7 -> 1.0344828 | K7: 3 | L7: 3 | M7: =L7/K7 -> 1 | N7: 4.25 | O7: 4 | P7: =O7/N7 -> 0.94117647 | T7: 2.3 | U7: 1.7 | V7: =U7/T7 -> 0.73913043 | BA7: =B7+E7+H7+K7+N7+Q7+T7+W7+Z7+AC7+AF7+AI7+AL7+AO7+AR7+AU7+AX7 -> 13.01 | BB7: =C7+F7+I7+L7+O7+R7+U7+X7+AA7+AD7+AG7+AJ7+AM7+AP7+AS7+AV7+AY7 -> 12.54 | BC7: =BB7/BA7 -> 0.96387394
A8: CHHATTISGARH | E8: 1.62 | F8: 1.78 | G8: =F8/E8 -> 1.0987654 | H8: 5.01 | I8: 1.65 | J8: =I8/H8 -> 0.32934132 | K8: 0.99 | L8: 0.84 | M8: =L8/K8 -> 0.84848485 | N8: 1.2 | O8: 3.2 | P8: =O8/N8 -> 2.6666667 | T8: 2.98 | U8: 0.83 | V8: =U8/T8 -> 0.27852349 | BA8: =B8+E8+H8+K8+N8+Q8+T8+W8+Z8+AC8+AF8+AI8+AL8+AO8+AR8+AU8+AX8 -> 11.8 | BB8: =C8+F8+I8+L8+O8+R8+U8+X8+AA8+AD8+AG8+AJ8+AM8+AP8+AS8+AV8+AY8 -> 8.3 | BC8: =BB8/BA8 -> 0.70338983
A9: GOA | B9: 0.74 | C9: 0.23 | D9: =C9/B9 -> 0.31081081 | AO9: 0.17 | AP9: 0.05 | AQ9: =AP9/AO9 -> 0.29411765 | BA9: =B9+E9+H9+K9+N9+Q9+T9+W9+Z9+AC9+AF9+AI9+AL9+AO9+AR9+AU9+AX9 -> 0.91 | BB9: =C9+F9+I9+L9+O9+R9+U9+X9+AA9+AD9+AG9+AJ9+AM9+AP9+AS9+AV9+AY9 -> 0.28 | BC9: =BB9/BA9 -> 0.30769231
A10: GUJARAT | E10: 4.395 | F10: 70.65 | G10: =F10/E10 -> 16.075085 | H10: 43.4 | I10: 68.53 | J10: =I10/H10 -> 1.5790323 | K10: 2.98 | L10: 50.49 | M10: =L10/K10 -> 16.942953 | N10: 35 | O10: 250 | P10: =O10/N10 -> 7.1428571 | T10: 20.57 | U10: 32.31 | V10: =U10/T10 -> 1.5707341 | W10: 370 | X10: 280 | Y10: =X10/W10 -> 0.75675676 | Z10: 38 | AA10: 55 | AB10: =AA10/Z10 -> 1.4473684 | AC10: 5 | AD10: 14 | AE10: =AD10/AC10 -> 2.8 | AF10: 5.87 | AG10: 6.37 | AH10: =AG10/AF10 -> 1.0851789 | AI10: 16.6 | AJ10: 21.13 | AK10: =AJ10/AI10 -> 1.2728916 | BA10: =B10+E10+H10+K10+N10+Q10+T10+W10+Z10+AC10+AF10+AI10+AL10+AO10+AR10+AU10+AX10 -> 541.815 | BB10: =C10+F10+I10+L10+O10+R10+U10+X10+AA10+AD10+AG10+AJ10+AM10+AP10+AS10+AV10+AY10 -> 848.48 | BC10: =BB10/BA10 -> 1.5659958
A11: HARYANA | E11: 0.445 | F11: 5.65 | G11: =F11/E11 -> 12.696629 | H11: 2.43 | I11: 4.22 | J11: =I11/H11 -> 1.7366255 | K11: 1.33 | L11: 23.84 | M11: =L11/K11 -> 17.924812 | N11: 4.44 | O11: 35.83 | P11: =O11/N11 -> 8.0698198 | T11: 2.43 | U11: 4.41 | V11: =U11/T11 -> 1.8148148 | Z11: 0.27 | AA11: 0.17 | AB11: =AA11/Z11 -> 0.62962963 | AC11: 4.78 | AD11: 8.7 | AE11: =AD11/AC11 -> 1.8200837 | BA11: =B11+E11+H11+K11+N11+Q11+T11+W11+Z11+AC11+AF11+AI11+AL11+AO11+AR11+AU11+AX11 -> 16.125 | BB11: =C11+F11+I11+L11+O11+R11+U11+X11+AA11+AD11+AG11+AJ11+AM11+AP11+AS11+AV11+AY11 -> 82.82 | BC11: =BB11/BA11 -> 5.136124
A12: HIMACHAL PRADESH | E12: 3.23 | F12: 7.64 | G12: =F12/E12 -> 2.3653251 | H12: 0.63 | I12: 0.2 | J12: =I12/H12 -> 0.31746032 | K12: 0.2 | L12: 0.11 | M12: =L12/K12 -> 0.55 | N12: 4.15 | O12: 6.14 | P12: =O12/N12 -> 1.4795181 | T12: 0.14 | U12: 0.05 | V12: =U12/T12 -> 0.35714286 | W12: 0.08 | X12: 0.02 | Y12: =X12/W12 -> 0.25 | BA12: =B12+E12+H12+K12+N12+Q12+T12+W12+Z12+AC12+AF12+AI12+AL12+AO12+AR12+AU12+AX12 -> 8.43 | BB12: =C12+F12+I12+L12+O12+R12+U12+X12+AA12+AD12+AG12+AJ12+AM12+AP12+AS12+AV12+AY12 -> 14.16 | BC12: =BB12/BA12 -> 1.6797153
A13: JAMMU & KASHMIR | E13: 0.034 | F13: 0.04 | G13: =F13/E13 -> 1.1764706 | H13: 0.56 | I13: 0.54 | J13: =I13/H13 -> 0.96428571 | K13: 0.02 | L13: 0.02 | M13: =L13/K13 -> 1 | N13: 0.54 | O13: 0.46 | P13: =O13/N13 -> 0.85185185 | AX13: 3.79 | AY13: 0.01 | AZ13: =AY13/AX13 -> 0.0026385224 | BA13: =B13+E13+H13+K13+N13+Q13+T13+W13+Z13+AC13+AF13+AI13+AL13+AO13+AR13+AU13+AX13 -> 4.944 | BB13: =C13+F13+I13+L13+O13+R13+U13+X13+AA13+AD13+AG13+AJ13+AM13+AP13+AS13+AV13+AY13 -> 1.07 | BC13: =BB13/BA13 -> 0.21642395
A14: JHARKHAND | BA14: =B14+E14+H14+K14+N14+Q14+T14+W14+Z14+AC14+AF14+AI14+AL14+AO14+AR14+AU14+AX14 -> 0 | BB14: =C14+F14+I14+L14+O14+R14+U14+X14+AA14+AD14+AG14+AJ14+AM14+AP14+AS14+AV14+AY14 -> 0
A15: KARNATAKA | B15: 28.28 | C15: 8.03 | D15: =C15/B15 -> 0.28394625 | E15: 15.711 | F15: 50.05 | G15: =F15/E15 -> 3.1856661 | H15: 89.56 | I15: 111.55 | J15: =I15/H15 -> 1.2455337 | K15: 13.98 | L15: 65.41 | M15: =L15/K15 -> 4.6788269 | N15: 4.73 | O15: 8.42 | P15: =O15/N15 -> 1.7801268 | Q15: 18.68 | R15: 1.51 | S15: =R15/Q15 -> 0.080835118 | T15: 1.22 | U15: 0.54 | V15: =U15/T15 -> 0.44262295 | AL15: 0.04 | AM15: 0.01 | AN15: =AM15/AL15 -> 0.25 | AO15: 0.15 | AP15: 0.15 | AQ15: =AP15/AO15 -> 1 | AR15: 0.12 | AS15: 0.17 | AT15: =AS15/AR15 -> 1.4166667 | AU15: 16.8 | AV15: 87 | AW15: =AV15/AU15 -> 5.1785714 | AX15: 2.52 | AY15: 0.99 | AZ15: =AY15/AX15 -> 0.39285714 | BA15: =B15+E15+H15+K15+N15+Q15+T15+W15+Z15+AC15+AF15+AI15+AL15+AO15+AR15+AU15+AX15 -> 191.791 | BB15: =C15+F15+I15+L15+O15+R15+U15+X15+AA15+AD15+AG15+AJ15+AM15+AP15+AS15+AV15+AY15 -> 333.83 | BC15: =BB15/BA15 -> 1.7405926
A16: KERALA | B16: 84.88 | C16: 38.67 | D16: =C16/B16 -> 0.45558435 | E16: 4.436 | F16: 21.25 | G16: =F16/E16 -> 4.7903517 | H16: 1.34 | I16: 1.29 | J16: =I16/H16 -> 0.96268657 | K16: 2.63 | L16: 6.9 | M16: =L16/K16 -> 2.6235741 | N16: 0.07 | O16: 0.4 | P16: =O16/N16 -> 5.7142857 | Q16: 39.73 | R16: 12.91 | S16: =R16/Q16 -> 0.32494337 | AL16: 0.14 | AM16: 0 | AN16: =AM16/AL16 -> 0 | AO16: 18.46 | AP16: 12.53 | AQ16: =AP16/AO16 -> 0.6787649 | AR16: 0.91 | AS16: 0.07 | AT16: =AS16/AR16 -> 0.076923077 | AU16: 14 | AV16: 20 | AW16: =AV16/AU16 -> 1.4285714 | AX16: 0.36 | AY16: 0.04 | AZ16: =AY16/AX16 -> 0.11111111 | BA16: =B16+E16+H16+K16+N16+Q16+T16+W16+Z16+AC16+AF16+AI16+AL16+AO16+AR16+AU16+AX16 -> 166.956 | BB16: =C16+F16+I16+L16+O16+R16+U16+X16+AA16+AD16+AG16+AJ16+AM16+AP16+AS16+AV16+AY16 -> 114.06 | BC16: =BB16/BA16 -> 0.68317401
A17: MADHYA PRADESH | E17: 9 | F17: 15 | G17: =F17/E17 -> 1.6666667 | H17: 54.41 | I17: 93.57 | J17: =I17/H17 -> 1.7197206 | K17: 1.5 | L17: 0.6 | M17: =L17/K17 -> 0.4 | N17: 60 | O17: 270 | P17: =O17/N17 -> 4.5 | T17: 160 | U17: 75 | V17: =U17/T17 -> 0.46875 | BA17: =B17+E17+H17+K17+N17+Q17+T17+W17+Z17+AC17+AF17+AI17+AL17+AO17+AR17+AU17+AX17 -> 284.91 | BB17: =C17+F17+I17+L17+O17+R17+U17+X17+AA17+AD17+AG17+AJ17+AM17+AP17+AS17+AV17+AY17 -> 454.17 | BC17: =BB17/BA17 -> 1.5940823
A18: MAHARASHTRA | E18: 1.06 | F18: 1.04 | G18: =F18/E18 -> 0.98113208 | H18: 99.5 | I18: 45.6 | J18: =I18/H18 -> 0.45829146 | K18: 11 | L18: 11 | M18: =L18/K18 -> 1 | N18: 3.5 | O18: 40 | P18: =O18/N18 -> 11.428571 | AU18: 5.7 | AV18: 11.4 | AW18: =AV18/AU18 -> 2 | BA18: =B18+E18+H18+K18+N18+Q18+T18+W18+Z18+AC18+AF18+AI18+AL18+AO18+AR18+AU18+AX18 -> 120.76 | BB18: =C18+F18+I18+L18+O18+R18+U18+X18+AA18+AD18+AG18+AJ18+AM18+AP18+AS18+AV18+AY18 -> 109.04 | BC18: =BB18/BA18 -> 0.902948
A19: MANIPUR | E19: 2.4 | F19: 3.84 | G19: =F19/E19 -> 1.6 | H19: 6.5 | I19: 3.9 | J19: =I19/H19 -> 0.6 | K19: 1.4 | L19: 16.4 | M19: =L19/K19 -> 11.714286 | N19: 0.17 | O19: 0 | P19: =O19/N19 -> 0 | BA19: =B19+E19+H19+K19+N19+Q19+T19+W19+Z19+AC19+AF19+AI19+AL19+AO19+AR19+AU19+AX19 -> 10.47 | BB19: =C19+F19+I19+L19+O19+R19+U19+X19+AA19+AD19+AG19+AJ19+AM19+AP19+AS19+AV19+AY19 -> 24.14 | BC19: =BB19/BA19 -> 2.3056351
A20: MEGHALAYA | B20: 0.95 | C20: 0.64 | D20: =C20/B20 -> 0.67368421 | E20: 9.642 | F20: 62.99 | G20: =F20/E20 -> 6.532877 | H20: 2.01 | I20: 1.56 | J20: =I20/H20 -> 0.7761194 | K20: 2.17 | L20: 12.53 | M20: =L20/K20 -> 5.7741935 | N20: 0.28 | O20: 1.11 | P20: =O20/N20 -> 3.9642857 | T20: 0.01 | U20: 0.05 | V20: =U20/T20 -> 5 | AL20: 2.44 | AM20: 5 | AN20: =AM20/AL20 -> 2.0491803 | BA20: =B20+E20+H20+K20+N20+Q20+T20+W20+Z20+AC20+AF20+AI20+AL20+AO20+AR20+AU20+AX20 -> 17.502 | BB20: =C20+F20+I20+L20+O20+R20+U20+X20+AA20+AD20+AG20+AJ20+AM20+AP20+AS20+AV20+AY20 -> 83.88 | BC20: =BB20/BA20 -> 4.7925951
A21: MIZORAM | B21: 0.07 | C21: 0.01 | D21: =C21/B21 -> 0.14285714 | E21: 7.28 | F21: 28.39 | G21: =F21/E21 -> 3.8997253 | H21: 9.02 | I21: 8.21 | J21: =I21/H21 -> 0.91019956 | K21: 6.05 | L21: 22.99 | M21: =L21/K21 -> 3.8 | N21: 0.02 | O21: 0.01 | P21: =O21/N21 -> 0.5 | T21: 0.03 | U21: 0.01 | V21: =U21/T21 -> 0.33333333 | AI21: 0 | AJ21: 0 | AL21: 0 | AM21: 0 | BA21: =B21+E21+H21+K21+N21+Q21+T21+W21+Z21+AC21+AF21+AI21+AL21+AO21+AR21+AU21+AX21 -> 22.47 | BB21: =C21+F21+I21+L21+O21+R21+U21+X21+AA21+AD21+AG21+AJ21+AM21+AP21+AS21+AV21+AY21 -> 59.62 | BC21: =BB21/BA21 -> 2.6533155
A22: NAGALAND | B22: 0.23 | C22: 0.01 | D22: =C22/B22 -> 0.043478261 | E22: 5.32 | F22: 36 | G22: =F22/E22 -> 6.7669173 | H22: 0.8 | I22: 1 | J22: =I22/H22 -> 1.25 | K22: 0.12 | L22: 0.5 | M22: =L22/K22 -> 4.1666667 | N22: 0.1 | O22: 0.15 | P22: =O22/N22 -> 1.5 | Q22: 3.2 | R22: 1.5 | S22: =R22/Q22 -> 0.46875 | BA22: =B22+E22+H22+K22+N22+Q22+T22+W22+Z22+AC22+AF22+AI22+AL22+AO22+AR22+AU22+AX22 -> 9.77 | BB22: =C22+F22+I22+L22+O22+R22+U22+X22+AA22+AD22+AG22+AJ22+AM22+AP22+AS22+AV22+AY22 -> 39.16 | BC22: =BB22/BA22 -> 4.0081883
A23: ODISHA | E23: 15.844 | F23: 35 | G23: =F23/E23 -> 2.2090381 | H23: 75 | I23: 70 | J23: =I23/H23 -> 0.93333333 | K23: 2.48 | L23: 30 | M23: =L23/K23 -> 12.096774 | N23: 10.9 | O23: 35.5 | P23: =O23/N23 -> 3.2568807 | T23: 19.1 | U23: 11 | V23: =U23/T23 -> 0.57591623 | BA23: =B23+E23+H23+K23+N23+Q23+T23+W23+Z23+AC23+AF23+AI23+AL23+AO23+AR23+AU23+AX23 -> 123.324 | BB23: =C23+F23+I23+L23+O23+R23+U23+X23+AA23+AD23+AG23+AJ23+AM23+AP23+AS23+AV23+AY23 -> 181.5 | BC23: =BB23/BA23 -> 1.471733
A24: PUDUCHERRY | B24: 0.01 | C24: 0.01 | D24: =C24/B24 -> 1 | H24: 0.01 | I24: 0.01 | J24: =I24/H24 -> 1 | K24: 0.01 | L24: 0.01 | M24: =L24/K24 -> 1 | AU24: 0.06 | AV24: 0.35 | AW24: =AV24/AU24 -> 5.8333333 | BA24: =B24+E24+H24+K24+N24+Q24+T24+W24+Z24+AC24+AF24+AI24+AL24+AO24+AR24+AU24+AX24 -> 0.09 | BB24: =C24+F24+I24+L24+O24+R24+U24+X24+AA24+AD24+AG24+AJ24+AM24+AP24+AS24+AV24+AY24 -> 0.38 | BC24: =BB24/BA24 -> 4.2222222
A25: PUNJAB | H25: 10.6 | I25: 17.7 | J25: =I25/H25 -> 1.6698113 | K25: 0.76 | L25: 2.71 | M25: =L25/K25 -> 3.5657895 | N25: 3.7 | O25: 45 | P25: =O25/N25 -> 12.162162 | AI25: 4.07 | AJ25: 5.51 | AK25: =AJ25/AI25 -> 1.3538084 | BA25: =B25+E25+H25+K25+N25+Q25+T25+W25+Z25+AC25+AF25+AI25+AL25+AO25+AR25+AU25+AX25 -> 19.13 | BB25: =C25+F25+I25+L25+O25+R25+U25+X25+AA25+AD25+AG25+AJ25+AM25+AP25+AS25+AV25+AY25 -> 70.92 | BC25: =BB25/BA25 -> 3.7072661
A26: RAJASTHAN | E26: 0.122 | F26: 0.25 | G26: =F26/E26 -> 2.0491803 | H26: 6.72 | I26: 11.28 | J26: =I26/H26 -> 1.6785714 | K26: 0.14 | L26: 0.39 | M26: =L26/K26 -> 2.7857143 | N26: 45.02 | O26: 218.42 | P26: =O26/N26 -> 4.8516215 | T26: 182.73 | U26: 117.08 | V26: =U26/T26 -> 0.64072676 | W26: 488.82 | X26: 233.82 | Y26: =X26/W26 -> 0.47833558 | Z26: 15.16 | AA26: 14.28 | AB26: =AA26/Z26 -> 0.94195251 | AC26: 55.38 | AD26: 64.1 | AE26: =AD26/AC26 -> 1.1574576 | AF26: 12.62 | AG26: 9.22 | AH26: =AG26/AF26 -> 0.73058637 | AI26: 12.8 | AJ26: 6 | AK26: =AJ26/AI26 -> 0.46875 | BA26: =B26+E26+H26+K26+N26+Q26+T26+W26+Z26+AC26+AF26+AI26+AL26+AO26+AR26+AU26+AX26 -> 819.512 | BB26: =C26+F26+I26+L26+O26+R26+U26+X26+AA26+AD26+AG26+AJ26+AM26+AP26+AS26+AV26+AY26 -> 674.84 | BC26: =BB26/BA26 -> 0.82346567
A27: SIKKIM | E27: 9.3 | F27: 52.11 | G27: =F27/E27 -> 5.6032258 | Q27: 22.76 | R27: 3.69 | S27: =R27/Q27 -> 0.16212654 | BA27: =B27+E27+H27+K27+N27+Q27+T27+W27+Z27+AC27+AF27+AI27+AL27+AO27+AR27+AU27+AX27 -> 32.06 | BB27: =C27+F27+I27+L27+O27+R27+U27+X27+AA27+AD27+AG27+AJ27+AM27+AP27+AS27+AV27+AY27 -> 55.8 | BC27: =BB27/BA27 -> 1.7404866
A28: TAMIL NADU | B28: 4.29 | C28: 0.98 | D28: =C28/B28 -> 0.22843823 | E28: 0.727 | F28: 7.01 | G28: =F28/E28 -> 9.6423659 | H28: 50.67 | I28: 23.06 | J28: =I28/H28 -> 0.45510164 | K28: 76.98 | L28: 461.99 | M28: =L28/K28 -> 6.0014289 | N28: 0.45 | O28: 2.59 | P28: =O28/N28 -> 5.7555556 | Q28: 5.16 | R28: 0.95 | S28: =R28/Q28 -> 0.18410853 | T28: 9.59 | U28: 4.1 | V28: =U28/T28 -> 0.42752868 | AO28: 0.05 | AQ28: =AP28/AO28 -> 0 | AR28: 0.87 | AS28: 0.82 | AT28: =AS28/AR28 -> 0.94252874 | AU28: 16.64 | AV28: 53 | AW28: =AV28/AU28 -> 3.1850962 | AX28: 0.57 | AY28: 0.02 | AZ28: =AY28/AX28 -> 0.035087719 | BA28: =B28+E28+H28+K28+N28+Q28+T28+W28+Z28+AC28+AF28+AI28+AL28+AO28+AR28+AU28+AX28 -> 165.997 | BB28: =C28+F28+I28+L28+O28+R28+U28+X28+AA28+AD28+AG28+AJ28+AM28+AP28+AS28+AV28+AY28 -> 554.52 | BC28: =BB28/BA28 -> 3.3405423
A29: TELANGANA | E29: 1.771 | F29: 12.73 | G29: =F29/E29 -> 7.1880294 | H29: 78.94 | I29: 279.78 | J29: =I29/H29 -> 3.5442108 | K29: 49.64 | L29: 252.06 | M29: =L29/K29 -> 5.0777599 | N29: 0.28 | O29: 1.5 | P29: =O29/N29 -> 5.3571429 | T29: 1.38 | U29: 0.93 | V29: =U29/T29 -> 0.67391304 | AF29: 1.55 | AG29: 0.73 | AH29: =AG29/AF29 -> 0.47096774 | AU29: 0.62 | AV29: 3.74 | AW29: =AV29/AU29 -> 6.0322581 | BA29: =B29+E29+H29+K29+N29+Q29+T29+W29+Z29+AC29+AF29+AI29+AL29+AO29+AR29+AU29+AX29 -> 134.181 | BB29: =C29+F29+I29+L29+O29+R29+U29+X29+AA29+AD29+AG29+AJ29+AM29+AP29+AS29+AV29+AY29 -> 551.47 | BC29: =BB29/BA29 -> 4.1098963
A30: TRIPURA | B30: 0.24 | C30: 0.15 | D30: =C30/B30 -> 0.625 | E30: 1.8 | F30: 7.6 | G30: =F30/E30 -> 4.2222222 | H30: 2.35 | I30: 3.7 | J30: =I30/H30 -> 1.5744681 | K30: 1.3 | L30: 6.59 | M30: =L30/K30 -> 5.0692308 | BA30: =B30+E30+H30+K30+N30+Q30+T30+W30+Z30+AC30+AF30+AI30+AL30+AO30+AR30+AU30+AX30 -> 5.69 | BB30: =C30+F30+I30+L30+O30+R30+U30+X30+AA30+AD30+AG30+AJ30+AM30+AP30+AS30+AV30+AY30 -> 18.04 | BC30: =BB30/BA30 -> 3.1704745
A31: UTTAR PRADESH | E31: 0.813 | F31: 4.17 | G31: =F31/E31 -> 5.1291513 | H31: 13.77 | I31: 11.11 | J31: =I31/H31 -> 0.80682643 | K31: 2 | L31: 6 | M31: =L31/K31 -> 3 | N31: 37.24 | O31: 218.18 | P31: =O31/N31 -> 5.858754 | T31: 6.73 | U31: 3.68 | V31: =U31/T31 -> 0.54680535 | W31: 0 | X31: 0.01 | Z31: 0.73 | AA31: 0.67 | AB31: =AA31/Z31 -> 0.91780822 | AC31: 0.38 | AD31: 0.2 | AE31: =AD31/AC31 -> 0.52631579 | BA31: =B31+E31+H31+K31+N31+Q31+T31+W31+Z31+AC31+AF31+AI31+AL31+AO31+AR31+AU31+AX31 -> 61.663 | BB31: =C31+F31+I31+L31+O31+R31+U31+X31+AA31+AD31+AG31+AJ31+AM31+AP31+AS31+AV31+AY31 -> 244.02 | BC31: =BB31/BA31 -> 3.9573164
A32: UTTARAKHAND | E32: 2.355 | F32: 23.44 | G32: =F32/E32 -> 9.9532909 | H32: 2 | I32: 7.2 | J32: =I32/H32 -> 3.6 | K32: 1.34 | L32: 2.49 | M32: =L32/K32 -> 1.858209 | N32: 1.09 | O32: 1.54 | P32: =O32/N32 -> 1.412844 | T32: 0.9 | U32: 3.8 | V32: =U32/T32 -> 4.2222222 | AC32: 0.4 | AD32: 2.61 | AE32: =AD32/AC32 -> 6.525 | BA32: =B32+E32+H32+K32+N32+Q32+T32+W32+Z32+AC32+AF32+AI32+AL32+AO32+AR32+AU32+AX32 -> 8.085 | BB32: =C32+F32+I32+L32+O32+R32+U32+X32+AA32+AD32+AG32+AJ32+AM32+AP32+AS32+AV32+AY32 -> 41.08 | BC32: =BB32/BA32 -> 5.0810142
A33: WEST BENGAL | E33: 11.5 | F33: 25 | G33: =F33/E33 -> 2.173913 | H33: 63.6 | I33: 100 | J33: =I33/H33 -> 1.572327 | K33: 15.8 | L33: 42 | M33: =L33/K33 -> 2.6582278 | N33: 3.35 | O33: 40 | P33: =O33/N33 -> 11.940299 | Q33: 3.31 | R33: 0.72 | S33: =R33/Q33 -> 0.21752266 | BA33: =B33+E33+H33+K33+N33+Q33+T33+W33+Z33+AC33+AF33+AI33+AL33+AO33+AR33+AU33+AX33 -> 97.56 | BB33: =C33+F33+I33+L33+O33+R33+U33+X33+AA33+AD33+AG33+AJ33+AM33+AP33+AS33+AV33+AY33 -> 207.72 | BC33: =BB33/BA33 -> 2.1291513
A35: TOTAL | B35: =SUM(B3:B34) -> 123.81 | C35: =SUM(C3:C34) -> 50.87 | D35: =C35/B35 -> 0.4108715 | E35: =SUM(E3:E34) -> 132.621 | F35: =SUM(F3:F34) -> 655.06 | G35: =F35/E35 -> 4.9393384 | H35: =SUM(H3:H34) -> 774.87 | I35: =SUM(I3:I34) -> 1492.14 | J35: =I35/H35 -> 1.925665 | K35: =SUM(K3:K34) -> 232.67 | L35: =SUM(L3:L34) -> 1189.89 | M35: =L35/K35 -> 5.1140671 | N35: =SUM(N3:N34) -> 230.59 | O35: =SUM(O3:O34) -> 1251.88 | P35: =O35/N35 -> 5.4290299 | Q35: =SUM(Q3:Q34) -> 92.84 | R35: =SUM(R3:R34) -> 21.28 | S35: =R35/Q35 -> 0.22921155 | T35: =SUM(T3:T34) -> 447.13 | U35: =SUM(U3:U34) -> 313.65 | V35: =U35/T35 -> 0.70147384 | W35: =SUM(W3:W34) -> 858.9 | X35: =SUM(X3:X34) -> 513.85 | Y35: =X35/W35 -> 0.59826522 | Z35: =SUM(Z3:Z34) -> 54.16 | AA35: =SUM(AA3:AA34) -> 70.12 | AB35: =AA35/Z35 -> 1.2946824 | AC35: =SUM(AC3:AC34) -> 65.94 | AD35: =SUM(AD3:AD34) -> 89.61 | AE35: =AD35/AC35 -> 1.3589627 | AF35: =SUM(AF3:AF34) -> 26.67 | AG35: =SUM(AG3:AG34) -> 19.2 | AH35: =AG35/AF35 -> 0.71991001 | AI35: =SUM(AI3:AI34) -> 33.47 | AJ35: =SUM(AJ3:AJ34) -> 32.64 | AK35: =AJ35/AI35 -> 0.97520167 | AL35: =SUM(AL3:AL34) -> 2.77 | AM35: =SUM(AM3:AM34) -> 5.05 | AN35: =AM35/AL35 -> 1.8231047 | AO35: =SUM(AO3:AO34) -> 18.9 | AP35: =SUM(AP3:AP34) -> 12.78 | AQ35: =AP35/AO35 -> 0.67619048 | AR35: =SUM(AR3:AR34) -> 2.06 | AS35: =SUM(AS3:AS34) -> 1.07 | AT35: =AS35/AR35 -> 0.51941748 | AU35: =SUM(AU3:AU34) -> 58.59 | AV35: =SUM(AV3:AV34) -> 188.13 | AW35: =AV35/AU35 -> 3.2109575 | AX35: =SUM(AX3:AX34) -> 7.25 | AY35: =SUM(AY3:AY34) -> 1.07 | AZ35: =AY35/AX35 -> 0.14758621 | BA35: =SUM(BA3:BA34) -> 3163.241 | BB35: =SUM(BB3:BB34) -> 5908.29 | BC35: =BB35/BA35 -> 1.8677964

Sheet spi14-15
A1: STATES/UTs | B1: Pepper | E1: Ginger | H1: Chillies | K1: Turmeric | N1: Garlic | Q1: Cardamom | T1: Coriander | W1: Cumin | Z1: Fennel | AC1: Fenugreek | AF1: Ajwan | AI1: Dill / Poppy /Celery | AL1: Cinnamon /Tejpat | AO1: Nutmeg | AR1: Clove | AU1: Tamarind | AX1: Saffron / Vanilla | BA1: Total
B2: A | C2: P | D2: Prod. | E2: A | F2: P | G2: Prod. | H2: A | I2: P | J2: Prpd. | K2: A | L2: P | M2: Prod. | N2: A | O2: P | P2: Prod. | Q2: A | R2: P | S2: Prod. | T2: A | U2: P | V2: Prod. | W2: A | X2: P | Y2: Prod. | Z2: A | AA2: P | AB2: Prod. | AC2: A | AD2: P | AE2: Prod. | AF2: A | AG2: P | AH2: Prod. | AI2: A | AJ2: P | AK2: Prod. | AL2: A | AM2: P | AN2: Prod. | AO2: A | AP2: P | AQ2: Prod. | AR2: A | AS2: P | AT2: Prod. | AU2: A | AV2: P | AW2: Prod. | AX2: A | AY2: P | AZ2: Prod. | BA2: A | BB2: P | BC2: Prod.
A3: ANDAMAN NICOBAR | B3: 0.6 | C3: 0.13 | D3: =C3/B3 -> 0.21666667 | E3: 0.215 | F3: 1.91 | G3: =F3/E3 -> 8.8837209 | H3: 0.4 | I3: 0.61 | J3: =I3/H3 -> 1.525 | K3: 0.08 | L3: 0.47 | M3: =L3/K3 -> 5.875 | AL3: 0.15 | AM3: 0.04 | AN3: =AM3/AL3 -> 0.26666667 | AO3: 0.07 | AP3: 0.05 | AQ3: =AP3/AO3 -> 0.71428571 | AR3: 0.16 | AS3: 0.01 | AT3: =AS3/AR3 -> 0.0625 | BA3: =B3+E3+H3+K3+N3+Q3+T3+W3+Z3+AC3+AF3+AI3+AL3+AO3+AR3+AU3+AX3 -> 1.675 | BB3: =C3+F3+I3+L3+O3+R3+U3+X3+AA3+AD3+AG3+AJ3+AM3+AP3+AS3+AV3+AY3 -> 3.22 | BC3: =BB3/BA3 -> 1.9223881
A4: ANDHRA PRADESH | E4: 0.427 | F4: 1.22 | G4: =F4/E4 -> 2.8571429 | H4: 134.96 | I4: 739.62 | J4: =I4/H4 -> 5.4802905 | K4: 16.53 | L4: 143.23 | M4: =L4/K4 -> 8.6648518 | T4: 40.18 | U4: 20.78 | V4: =U4/T4 -> 0.51717272 | AF4: 3.98 | AG4: 1.7 | AH4: =AG4/AF4 -> 0.42713568 | AU4: 4.58 | AV4: 11.45 | AW4: =AV4/AU4 -> 2.5 | AX4: 0.01 | AY4: 0.01 | AZ4: =AY4/AX4 -> 1 | BA4: =B4+E4+H4+K4+N4+Q4+T4+W4+Z4+AC4+AF4+AI4+AL4+AO4+AR4+AU4+AX4 -> 200.667 | BB4: =C4+F4+I4+L4+O4+R4+U4+X4+AA4+AD4+AG4+AJ4+AM4+AP4+AS4+AV4+AY4 -> 918.01 | BC4: =BB4/BA4 -> 4.5747931
A5: ARUNACHAL PRADESH | E5: 7 | F5: 57 | G5: =F5/E5 -> 8.1428571 | H5: 2.5 | I5: 4.4 | J5: =I5/H5 -> 1.76 | K5: 0.64 | L5: 2.86 | M5: =L5/K5 -> 4.46875 | N5: 0.03 | O5: 0.01 | P5: =O5/N5 -> 0.33333333 | BA5: =B5+E5+H5+K5+N5+Q5+T5+W5+Z5+AC5+AF5+AI5+AL5+AO5+AR5+AU5+AX5 -> 10.17 | BB5: =C5+F5+I5+L5+O5+R5+U5+X5+AA5+AD5+AG5+AJ5+AM5+AP5+AS5+AV5+AY5 -> 64.27 | BC5: =BB5/BA5 -> 6.3195674
A6: ASSAM | B6: 3.79 | C6: 2.23 | D6: =C6/B6 -> 0.5883905 | E6: 18.197 | F6: 159.95 | G6: =F6/E6 -> 8.7899104 | H6: 21.01 | I6: 18.38 | J6: =I6/H6 -> 0.87482151 | K6: 16.57 | L6: 16.34 | M6: =L6/K6 -> 0.98611949 | N6: 10.18 | O6: 70.17 | P6: =O6/N6 -> 6.8929273 | T6: 28.85 | U6: 53.96 | V6: =U6/T6 -> 1.870364 | BA6: =B6+E6+H6+K6+N6+Q6+T6+W6+Z6+AC6+AF6+AI6+AL6+AO6+AR6+AU6+AX6 -> 98.597 | BB6: =C6+F6+I6+L6+O6+R6+U6+X6+AA6+AD6+AG6+AJ6+AM6+AP6+AS6+AV6+AY6 -> 321.03 | BC6: =BB6/BA6 -> 3.2559814
A7: BIHAR | E7: 0.56 | F7: 0.84 | G7: =F7/E7 -> 1.5 | H7: 2.9 | I7: 3 | J7: =I7/H7 -> 1.0344828 | K7: 3 | L7: 3 | M7: =L7/K7 -> 1 | N7: 4.25 | O7: 4 | P7: =O7/N7 -> 0.94117647 | T7: 2.3 | U7: 1.7 | V7: =U7/T7 -> 0.73913043 | BA7: =B7+E7+H7+K7+N7+Q7+T7+W7+Z7+AC7+AF7+AI7+AL7+AO7+AR7+AU7+AX7 -> 13.01 | BB7: =C7+F7+I7+L7+O7+R7+U7+X7+AA7+AD7+AG7+AJ7+AM7+AP7+AS7+AV7+AY7 -> 12.54 | BC7: =BB7/BA7 -> 0.96387394
A8: CHHATTISGARH | E8: 1.739 | F8: 2.14 | G8: =F8/E8 -> 1.2305923 | H8: 4.92 | I8: 4.4 | J8: =I8/H8 -> 0.89430894 | K8: 1.1 | L8: 0.96 | M8: =L8/K8 -> 0.87272727 | N8: 1.28 | O8: 3.4 | P8: =O8/N8 -> 2.65625 | T8: 2.65 | U8: 0.75 | V8: =U8/T8 -> 0.28301887 | BA8: =B8+E8+H8+K8+N8+Q8+T8+W8+Z8+AC8+AF8+AI8+AL8+AO8+AR8+AU8+AX8 -> 11.689 | BB8: =C8+F8+I8+L8+O8+R8+U8+X8+AA8+AD8+AG8+AJ8+AM8+AP8+AS8+AV8+AY8 -> 11.65 | BC8: =BB8/BA8 -> 0.99666353
A9: GOA | B9: 0.76 | C9: 0.24 | D9: =C9/B9 -> 0.31578947 | AO9: 0.18 | AP9: 0.01 | AQ9: =AP9/AO9 -> 0.055555556 | BA9: =B9+E9+H9+K9+N9+Q9+T9+W9+Z9+AC9+AF9+AI9+AL9+AO9+AR9+AU9+AX9 -> 0.94 | BB9: =C9+F9+I9+L9+O9+R9+U9+X9+AA9+AD9+AG9+AJ9+AM9+AP9+AS9+AV9+AY9 -> 0.25 | BC9: =BB9/BA9 -> 0.26595745
A10: GUJARAT | E10: 5.868 | F10: 118.23 | G10: =F10/E10 -> 20.148262 | H10: 19.05 | I10: 33.3 | J10: =I10/H10 -> 1.7480315 | K10: 3.15 | L10: 52.06 | M10: =L10/K10 -> 16.526984 | N10: 40.6 | O10: 318.2 | P10: =O10/N10 -> 7.8374384 | T10: 44.06 | U10: 64.38 | V10: =U10/T10 -> 1.4611893 | W10: 454.9 | X10: 364.65 | Y10: =X10/W10 -> 0.80160475 | Z10: 22.1 | AA10: 45.02 | AB10: =AA10/Z10 -> 2.0371041 | AC10: 5.3 | AD10: 10.09 | AE10: =AD10/AC10 -> 1.9037736 | AF10: 6.43 | AG10: 5.02 | AH10: =AG10/AF10 -> 0.7807154 | AI10: 7.4 | AJ10: 9.01 | AK10: =AJ10/AI10 -> 1.2175676 | BA10: =B10+E10+H10+K10+N10+Q10+T10+W10+Z10+AC10+AF10+AI10+AL10+AO10+AR10+AU10+AX10 -> 608.858 | BB10: =C10+F10+I10+L10+O10+R10+U10+X10+AA10+AD10+AG10+AJ10+AM10+AP10+AS10+AV10+AY10 -> 1019.96 | BC10: =BB10/BA10 -> 1.6752018
A11: HARYANA | E11: 0.445 | F11: 5.65 | G11: =F11/E11 -> 12.696629 | H11: 2.43 | I11: 4.22 | J11: =I11/H11 -> 1.7366255 | K11: 1.33 | L11: 23.84 | M11: =L11/K11 -> 17.924812 | N11: 4.44 | O11: 35.83 | P11: =O11/N11 -> 8.0698198 | T11: 2.43 | U11: 4.41 | V11: =U11/T11 -> 1.8148148 | Z11: 0.27 | AA11: 0.17 | AB11: =AA11/Z11 -> 0.62962963 | AC11: 4.78 | AD11: 8.7 | AE11: =AD11/AC11 -> 1.8200837 | BA11: =B11+E11+H11+K11+N11+Q11+T11+W11+Z11+AC11+AF11+AI11+AL11+AO11+AR11+AU11+AX11 -> 16.125 | BB11: =C11+F11+I11+L11+O11+R11+U11+X11+AA11+AD11+AG11+AJ11+AM11+AP11+AS11+AV11+AY11 -> 82.82 | BC11: =BB11/BA11 -> 5.136124
A12: HIMACHAL PRADESH | E12: 2.301 | F12: 15.78 | G12: =F12/E12 -> 6.8578879 | H12: 0.44 | I12: 0.15 | J12: =I12/H12 -> 0.34090909 | K12: 0.28 | L12: 0.15 | M12: =L12/K12 -> 0.53571429 | N12: 4.15 | O12: 6.14 | P12: =O12/N12 -> 1.4795181 | T12: 0.14 | U12: 0.05 | V12: =U12/T12 -> 0.35714286 | W12: 0.08 | X12: 0.02 | Y12: =X12/W12 -> 0.25 | BA12: =B12+E12+H12+K12+N12+Q12+T12+W12+Z12+AC12+AF12+AI12+AL12+AO12+AR12+AU12+AX12 -> 7.391 | BB12: =C12+F12+I12+L12+O12+R12+U12+X12+AA12+AD12+AG12+AJ12+AM12+AP12+AS12+AV12+AY12 -> 22.29 | BC12: =BB12/BA12 -> 3.0158301
A13: JAMMU & KASHMIR | E13: 0.034 | F13: 0.04 | G13: =F13/E13 -> 1.1764706 | H13: 0.56 | I13: 0.54 | J13: =I13/H13 -> 0.96428571 | K13: 0.02 | L13: 0.02 | M13: =L13/K13 -> 1 | N13: 0.54 | O13: 0.46 | P13: =O13/N13 -> 0.85185185 | AX13: 3.79 | AY13: 0.01 | AZ13: =AY13/AX13 -> 0.0026385224 | BA13: =B13+E13+H13+K13+N13+Q13+T13+W13+Z13+AC13+AF13+AI13+AL13+AO13+AR13+AU13+AX13 -> 4.944 | BB13: =C13+F13+I13+L13+O13+R13+U13+X13+AA13+AD13+AG13+AJ13+AM13+AP13+AS13+AV13+AY13 -> 1.07 | BC13: =BB13/BA13 -> 0.21642395
A14: JHARKHAND | BA14: =B14+E14+H14+K14+N14+Q14+T14+W14+Z14+AC14+AF14+AI14+AL14+AO14+AR14+AU14+AX14 -> 0 | BB14: =C14+F14+I14+L14+O14+R14+U14+X14+AA14+AD14+AG14+AJ14+AM14+AP14+AS14+AV14+AY14 -> 0 | BC14: 0
A15: KARNATAKA | B15: 32.67 | C15: 19.68 | D15: =C15/B15 -> 0.60238751 | E15: 18.957 | F15: 52.41 | G15: =F15/E15 -> 2.764678 | H15: 88.97 | I15: 114.15 | J15: =I15/H15 -> 1.2830167 | K15: 13.36 | L15: 63.62 | M15: =L15/K15 -> 4.761976 | N15: 5.19 | O15: 5.47 | P15: =O15/N15 -> 1.0539499 | Q15: 25.08 | R15: 1.05 | S15: =R15/Q15 -> 0.041866029 | T15: 2.65 | U15: 0.82 | V15: =U15/T15 -> 0.30943396 | AL15: 0.04 | AM15: 0.01 | AN15: =AM15/AL15 -> 0.25 | AO15: 0.15 | AP15: 0.15 | AQ15: =AP15/AO15 -> 1 | AR15: 0.12 | AS15: 0.17 | AT15: =AS15/AR15 -> 1.4166667 | AU15: 16.8 | AV15: 87 | AW15: =AV15/AU15 -> 5.1785714 | AX15: 2.52 | AY15: 0.99 | AZ15: =AY15/AX15 -> 0.39285714 | BA15: =B15+E15+H15+K15+N15+Q15+T15+W15+Z15+AC15+AF15+AI15+AL15+AO15+AR15+AU15+AX15 -> 206.507 | BB15: =C15+F15+I15+L15+O15+R15+U15+X15+AA15+AD15+AG15+AJ15+AM15+AP15+AS15+AV15+AY15 -> 345.52 | BC15: =BB15/BA15 -> 1.6731636
A16: KERALA | B16: 85.43 | C16: 40.69 | D16: =C16/B16 -> 0.47629638 | E16: 4.8 | F16: 22.99 | G16: =F16/E16 -> 4.7895833 | H16: 1.58 | I16: 1.49 | J16: =I16/H16 -> 0.94303797 | K16: 2.47 | L16: 6.82 | M16: =L16/K16 -> 2.7611336 | N16: 0.08 | O16: 0.63 | P16: =O16/N16 -> 7.875 | Q16: 39.73 | R16: 16 | S16: =R16/Q16 -> 0.40271835 | AL16: 0.11 | AM16: 0 | AN16: =AM16/AL16 -> 0 | AO16: 20.63 | AP16: 14.19 | AQ16: =AP16/AO16 -> 0.68783325 | AR16: 1.07 | AS16: 0.08 | AT16: =AS16/AR16 -> 0.074766355 | AU16: 11.24 | AV16: 37.3 | AW16: =AV16/AU16 -> 3.3185053 | AX16: 0.15 | AY16: 0.04 | AZ16: =AY16/AX16 -> 0.26666667 | BA16: =B16+E16+H16+K16+N16+Q16+T16+W16+Z16+AC16+AF16+AI16+AL16+AO16+AR16+AU16+AX16 -> 167.29 | BB16: =C16+F16+I16+L16+O16+R16+U16+X16+AA16+AD16+AG16+AJ16+AM16+AP16+AS16+AV16+AY16 -> 140.23 | BC16: =BB16/BA16 -> 0.83824496
A17: MADHYA PRADESH | E17: 10.685 | F17: 20.69 | G17: =F17/E17 -> 1.9363594 | H17: 72.13 | I17: 132.44 | J17: =I17/H17 -> 1.8361292 | K17: 1.39 | L17: 1.58 | M17: =L17/K17 -> 1.1366906 | N17: 81.17 | O17: 424.5 | P17: =O17/N17 -> 5.2297647 | T17: 144.02 | U17: 94.91 | V17: =U17/T17 -> 0.65900569 | AC17: 30.81 | AD17: 25 | AE17: =AD17/AC17 -> 0.81142486 | BA17: =B17+E17+H17+K17+N17+Q17+T17+W17+Z17+AC17+AF17+AI17+AL17+AO17+AR17+AU17+AX17 -> 340.205 | BB17: =C17+F17+I17+L17+O17+R17+U17+X17+AA17+AD17+AG17+AJ17+AM17+AP17+AS17+AV17+AY17 -> 699.12 | BC17: =BB17/BA17 -> 2.0549963
A18: MAHARASHTRA | E18: 1.06 | F18: 1.04 | G18: =F18/E18 -> 0.98113208 | H18: 99.5 | I18: 45.6 | J18: =I18/H18 -> 0.45829146 | K18: 13.48 | L18: 32.05 | M18: =L18/K18 -> 2.3775964 | N18: 3.5 | O18: 40 | P18: =O18/N18 -> 11.428571 | AU18: 5.7 | AV18: 11.4 | AW18: =AV18/AU18 -> 2 | BA18: =B18+E18+H18+K18+N18+Q18+T18+W18+Z18+AC18+AF18+AI18+AL18+AO18+AR18+AU18+AX18 -> 123.24 | BB18: =C18+F18+I18+L18+O18+R18+U18+X18+AA18+AD18+AG18+AJ18+AM18+AP18+AS18+AV18+AY18 -> 130.09 | BC18: =BB18/BA18 -> 1.0555826
A19: MANIPUR | E19: 2.4 | F19: 3.84 | G19: =F19/E19 -> 1.6 | H19: 6.5 | I19: 3.9 | J19: =I19/H19 -> 0.6 | K19: 1.4 | L19: 16.4 | M19: =L19/K19 -> 11.714286 | N19: 0.17 | O19: 0 | P19: =O19/N19 -> 0 | BA19: =B19+E19+H19+K19+N19+Q19+T19+W19+Z19+AC19+AF19+AI19+AL19+AO19+AR19+AU19+AX19 -> 10.47 | BB19: =C19+F19+I19+L19+O19+R19+U19+X19+AA19+AD19+AG19+AJ19+AM19+AP19+AS19+AV19+AY19 -> 24.14 | BC19: =BB19/BA19 -> 2.3056351
A20: MEGHALAYA | B20: 0.95 | C20: 0.64 | D20: =C20/B20 -> 0.67368421 | E20: 9.642 | F20: 62.99 | G20: =F20/E20 -> 6.532877 | H20: 2.01 | I20: 1.56 | J20: =I20/H20 -> 0.7761194 | K20: 2.17 | L20: 12.53 | M20: =L20/K20 -> 5.7741935 | N20: 0.28 | O20: 1.11 | P20: =O20/N20 -> 3.9642857 | T20: 0.01 | U20: 0.05 | V20: =U20/T20 -> 5 | AL20: 2.44 | AM20: 5 | AN20: =AM20/AL20 -> 2.0491803 | BA20: =B20+E20+H20+K20+N20+Q20+T20+W20+Z20+AC20+AF20+AI20+AL20+AO20+AR20+AU20+AX20 -> 17.502 | BB20: =C20+F20+I20+L20+O20+R20+U20+X20+AA20+AD20+AG20+AJ20+AM20+AP20+AS20+AV20+AY20 -> 83.88 | BC20: =BB20/BA20 -> 4.7925951
A21: MIZORAM | B21: 0.07 | C21: 0 | D21: =C21/B21 -> 0 | E21: 7.65 | F21: 31.2 | G21: =F21/E21 -> 4.0784314 | H21: 9.14 | I21: 9.33 | J21: =I21/H21 -> 1.0207877 | K21: 6.35 | L21: 25.13 | M21: =L21/K21 -> 3.9574803 | N21: 0.02 | O21: 0.01 | P21: =O21/N21 -> 0.5 | T21: 0.06 | U21: 0.02 | V21: =U21/T21 -> 0.33333333 | AU21: 0.01 | AV21: 0.03 | AW21: =AV21/AU21 -> 3 | BA21: =B21+E21+H21+K21+N21+Q21+T21+W21+Z21+AC21+AF21+AI21+AL21+AO21+AR21+AU21+AX21 -> 23.3 | BB21: =C21+F21+I21+L21+O21+R21+U21+X21+AA21+AD21+AG21+AJ21+AM21+AP21+AS21+AV21+AY21 -> 65.72 | BC21: =BB21/BA21 -> 2.8206009
A22: NAGALAND | B22: 0.23 | C22: 0.01 | D22: =C22/B22 -> 0.043478261 | E22: 5.32 | F22: 36 | G22: =F22/E22 -> 6.7669173 | H22: 0.8 | I22: 1 | J22: =I22/H22 -> 1.25 | K22: 0.12 | L22: 0.5 | M22: =L22/K22 -> 4.1666667 | N22: 0.1 | O22: 0.15 | P22: =O22/N22 -> 1.5 | Q22: 3.2 | R22: 1.5 | S22: =R22/Q22 -> 0.46875 | BA22: =B22+E22+H22+K22+N22+Q22+T22+W22+Z22+AC22+AF22+AI22+AL22+AO22+AR22+AU22+AX22 -> 9.77 | BB22: =C22+F22+I22+L22+O22+R22+U22+X22+AA22+AD22+AG22+AJ22+AM22+AP22+AS22+AV22+AY22 -> 39.16 | BC22: =BB22/BA22 -> 4.0081883
A23: ODISHA | E23: 15.844 | F23: 35 | G23: =F23/E23 -> 2.2090381 | H23: 75 | I23: 70 | J23: =I23/H23 -> 0.93333333 | K23: 2.48 | L23: 30 | M23: =L23/K23 -> 12.096774 | N23: 10.9 | O23: 35.5 | P23: =O23/N23 -> 3.2568807 | T23: 19.1 | U23: 11 | V23: =U23/T23 -> 0.57591623 | BA23: =B23+E23+H23+K23+N23+Q23+T23+W23+Z23+AC23+AF23+AI23+AL23+AO23+AR23+AU23+AX23 -> 123.324 | BB23: =C23+F23+I23+L23+O23+R23+U23+X23+AA23+AD23+AG23+AJ23+AM23+AP23+AS23+AV23+AY23 -> 181.5 | BC23: =BB23/BA23 -> 1.471733
A24: PUDUCHERRY | B24: 0.01 | C24: 0.01 | D24: =C24/B24 -> 1 | H24: 0.01 | I24: 0.01 | J24: =I24/H24 -> 1 | K24: 0.01 | L24: 0.01 | M24: =L24/K24 -> 1 | AU24: 0.06 | AV24: 0.35 | AW24: =AV24/AU24 -> 5.8333333 | BA24: =B24+E24+H24+K24+N24+Q24+T24+W24+Z24+AC24+AF24+AI24+AL24+AO24+AR24+AU24+AX24 -> 0.09 | BB24: =C24+F24+I24+L24+O24+R24+U24+X24+AA24+AD24+AG24+AJ24+AM24+AP24+AS24+AV24+AY24 -> 0.38 | BC24: =BB24/BA24 -> 4.2222222
A25: PUNJAB | H25: 10.6 | I25: 17.7 | J25: =I25/H25 -> 1.6698113 | K25: 0.78 | L25: 2.71 | M25: =L25/K25 -> 3.474359 | N25: 5.89 | O25: 65.6 | P25: =O25/N25 -> 11.137521 | AI25: 4.07 | AJ25: 5.51 | AK25: =AJ25/AI25 -> 1.3538084 | BA25: =B25+E25+H25+K25+N25+Q25+T25+W25+Z25+AC25+AF25+AI25+AL25+AO25+AR25+AU25+AX25 -> 21.34 | BB25: =C25+F25+I25+L25+O25+R25+U25+X25+AA25+AD25+AG25+AJ25+AM25+AP25+AS25+AV25+AY25 -> 91.52 | BC25: =BB25/BA25 -> 4.2886598
A26: RAJASTHAN | E26: 0.12 | F26: 0.23 | G26: =F26/E26 -> 1.9166667 | H26: 9.67 | I26: 12.81 | J26: =I26/H26 -> 1.3247156 | K26: 0.14 | L26: 0.39 | M26: =L26/K26 -> 2.7857143 | N26: 50.16 | O26: 172.04 | P26: =O26/N26 -> 3.4298246 | T26: 249.31 | U26: 198.76 | V26: =U26/T26 -> 0.79724038 | W26: 434.78 | X26: 120.83 | Y26: =X26/W26 -> 0.27791067 | Z26: 15.56 | AA26: 13.85 | AB26: =AA26/Z26 -> 0.89010283 | AC26: 81.7 | AD26: 84.19 | AE26: =AD26/AC26 -> 1.0304774 | AF26: 12.62 | AG26: 9.22 | AI26: 12.8 | AJ26: 6 | AK26: =AJ26/AI26 -> 0.46875 | BA26: =B26+E26+H26+K26+N26+Q26+T26+W26+Z26+AC26+AF26+AI26+AL26+AO26+AR26+AU26+AX26 -> 866.86 | BB26: =C26+F26+I26+L26+O26+R26+U26+X26+AA26+AD26+AG26+AJ26+AM26+AP26+AS26+AV26+AY26 -> 618.32 | BC26: =BB26/BA26 -> 0.71328704
A27: SIKKIM | E27: 9.3 | F27: 52.11 | G27: =F27/E27 -> 5.6032258 | K27: 1.7 | L27: 4.95 | M27: =L27/K27 -> 2.9117647 | Q27: 23.08 | R27: 4.08 | S27: =R27/Q27 -> 0.17677643 | BA27: =B27+E27+H27+K27+N27+Q27+T27+W27+Z27+AC27+AF27+AI27+AL27+AO27+AR27+AU27+AX27 -> 34.08 | BB27: =C27+F27+I27+L27+O27+R27+U27+X27+AA27+AD27+AG27+AJ27+AM27+AP27+AS27+AV27+AY27 -> 61.14 | BC27: =BB27/BA27 -> 1.7940141
A28: TAMIL NADU | B28: 3.92 | C28: 0.86 | D28: =C28/B28 -> 0.21938776 | E28: 0.304 | F28: 2.12 | G28: =F28/E28 -> 6.9736842 | H28: 41.4 | I28: 11.29 | J28: =I28/H28 -> 0.27270531 | K28: 31.97 | L28: 117.42 | M28: =L28/K28 -> 3.6728183 | N28: 0.51 | O28: 2.89 | P28: =O28/N28 -> 5.6666667 | Q28: 5.16 | R28: 0.95 | S28: =R28/Q28 -> 0.18410853 | T28: 7.53 | U28: 2.61 | V28: =U28/T28 -> 0.34661355 | AO28: 0.09 | AP28: 0 | AQ28: =AP28/AO28 -> 0 | AR28: 0.97 | AS28: 0.96 | AT28: =AS28/AR28 -> 0.98969072 | AU28: 15.65 | AV28: 48.81 | AW28: =AV28/AU28 -> 3.1188498 | BA28: =B28+E28+H28+K28+N28+Q28+T28+W28+Z28+AC28+AF28+AI28+AL28+AO28+AR28+AU28+AX28 -> 107.504 | BB28: =C28+F28+I28+L28+O28+R28+U28+X28+AA28+AD28+AG28+AJ28+AM28+AP28+AS28+AV28+AY28 -> 187.91 | BC28: =BB28/BA28 -> 1.747935
A29: TELANGANA | E29: 2.186 | F29: 16.54 | G29: =F29/E29 -> 7.5663312 | H29: 73.27 | I29: 253.26 | J29: =I29/H29 -> 3.4565306 | K29: 43.48 | L29: 216.27 | M29: =L29/K29 -> 4.974011 | N29: 0.32 | O29: 1.68 | P29: =O29/N29 -> 5.25 | T29: 1.6 | U29: 0.38 | V29: =U29/T29 -> 0.2375 | AF29: 1.06 | AG29: 0.48 | AU29: 0.44 | AV29: 5.32 | AW29: =AV29/AU29 -> 12.090909 | BA29: =B29+E29+H29+K29+N29+Q29+T29+W29+Z29+AC29+AF29+AI29+AL29+AO29+AR29+AU29+AX29 -> 122.356 | BB29: =C29+F29+I29+L29+O29+R29+U29+X29+AA29+AD29+AG29+AJ29+AM29+AP29+AS29+AV29+AY29 -> 493.93 | BC29: =BB29/BA29 -> 4.036827
A30: TRIPURA | B30: 0.24 | C30: 0.15 | D30: =C30/B30 -> 0.625 | E30: 1.8 | F30: 7.6 | G30: =F30/E30 -> 4.2222222 | H30: 2.35 | I30: 3.7 | J30: =I30/H30 -> 1.5744681 | K30: 1.3 | L30: 6.59 | M30: =L30/K30 -> 5.0692308 | BA30: =B30+E30+H30+K30+N30+Q30+T30+W30+Z30+AC30+AF30+AI30+AL30+AO30+AR30+AU30+AX30 -> 5.69 | BB30: =C30+F30+I30+L30+O30+R30+U30+X30+AA30+AD30+AG30+AJ30+AM30+AP30+AS30+AV30+AY30 -> 18.04 | BC30: =BB30/BA30 -> 3.1704745
A31: UTTAR PRADESH | E31: 0.944 | F31: 4.35 | G31: =F31/E31 -> 4.6080508 | H31: 13.28 | I31: 10.95 | J31: =I31/H31 -> 0.82454819 | K31: 2 | L31: 6 | M31: =L31/K31 -> 3 | N31: 33.86 | O31: 196.13 | P31: =O31/N31 -> 5.7923804 | T31: 6.87 | U31: 3.33 | V31: =U31/T31 -> 0.48471616 | W31: 0 | X31: 0.01 | Z31: 0.73 | AA31: 0.71 | AB31: =AA31/Z31 -> 0.97260274 | AC31: 0.36 | AD31: 0.23 | AE31: =AD31/AC31 -> 0.63888889 | BA31: =B31+E31+H31+K31+N31+Q31+T31+W31+Z31+AC31+AF31+AI31+AL31+AO31+AR31+AU31+AX31 -> 58.044 | BB31: =C31+F31+I31+L31+O31+R31+U31+X31+AA31+AD31+AG31+AJ31+AM31+AP31+AS31+AV31+AY31 -> 221.71 | BC31: =BB31/BA31 -> 3.8196885
A32: UTTARAKHAND | E32: 2.355 | F32: 23.44 | G32: =F32/E32 -> 9.9532909 | H32: 2 | I32: 7.2 | J32: =I32/H32 -> 3.6 | K32: 1.34 | L32: 2.49 | M32: =L32/K32 -> 1.858209 | N32: 1.09 | O32: 1.54 | P32: =O32/N32 -> 1.412844 | T32: 0.9 | U32: 3.8 | V32: =U32/T32 -> 4.2222222 | AC32: 0.4 | AD32: 2.61 | AE32: =AD32/AC32 -> 6.525 | BA32: =B32+E32+H32+K32+N32+Q32+T32+W32+Z32+AC32+AF32+AI32+AL32+AO32+AR32+AU32+AX32 -> 8.085 | BB32: =C32+F32+I32+L32+O32+R32+U32+X32+AA32+AD32+AG32+AJ32+AM32+AP32+AS32+AV32+AY32 -> 41.08 | BC32: =BB32/BA32 -> 5.0810142
A33: WEST BENGAL | E33: 11.5 | F33: 25 | G33: =F33/E33 -> 2.173913 | H33: 63.6 | I33: 100 | J33: =I33/H33 -> 1.572327 | K33: 15.8 | L33: 42 | M33: =L33/K33 -> 2.6582278 | N33: 3.35 | O33: 40 | P33: =O33/N33 -> 11.940299 | Q33: 3.31 | R33: 0.78 | S33: =R33/Q33 -> 0.23564955 | BA33: =B33+E33+H33+K33+N33+Q33+T33+W33+Z33+AC33+AF33+AI33+AL33+AO33+AR33+AU33+AX33 -> 97.56 | BB33: =C33+F33+I33+L33+O33+R33+U33+X33+AA33+AD33+AG33+AJ33+AM33+AP33+AS33+AV33+AY33 -> 207.78 | BC33: =BB33/BA33 -> 2.1297663
A34: TOTAL | B34: =SUM(B3:B33) -> 128.67 | C34: =SUM(C3:C33) -> 64.64 | D34: =C34/B34 -> 0.5023704 | E34: =SUM(E3:E33) -> 141.653 | F34: =SUM(F3:F33) -> 760.31 | G34: =F34/E34 -> 5.3674119 | H34: =SUM(H3:H33) -> 760.98 | I34: =SUM(I3:I33) -> 1605.01 | J34: =I34/H34 -> 2.1091356 | K34: =SUM(K3:K33) -> 184.44 | L34: =SUM(L3:L33) -> 830.39 | M34: =L34/K34 -> 4.5022229 | N34: =SUM(N3:N33) -> 262.06 | O34: =SUM(O3:O33) -> 1425.46 | P34: =O34/N34 -> 5.4394413 | Q34: =SUM(Q3:Q33) -> 99.56 | R34: =SUM(R3:R33) -> 24.36 | S34: =R34/Q34 -> 0.24467658 | T34: =SUM(T3:T33) -> 552.66 | U34: =SUM(U3:U33) -> 461.71 | V34: =U34/T34 -> 0.83543227 | W34: =SUM(W3:W33) -> 889.76 | X34: =SUM(X3:X33) -> 485.51 | Y34: =X34/W34 -> 0.545664 | Z34: =SUM(Z3:Z33) -> 38.66 | AA34: =SUM(AA3:AA33) -> 59.75 | AB34: =AA34/Z34 -> 1.5455251 | AC34: =SUM(AC3:AC33) -> 123.35 | AD34: =SUM(AD3:AD33) -> 130.82 | AE34: =AD34/AC34 -> 1.0605594 | AF34: =SUM(AF3:AF33) -> 24.09 | AG34: =SUM(AG3:AG33) -> 16.42 | AH34: =AG34/AF34 -> 0.68161063 | AI34: =SUM(AI3:AI33) -> 24.27 | AJ34: =SUM(AJ3:AJ33) -> 20.52 | AK34: =AJ34/AI34 -> 0.84548826 | AL34: =SUM(AL3:AL33) -> 2.74 | AM34: =SUM(AM3:AM33) -> 5.05 | AN34: =AM34/AL34 -> 1.8430657 | AO34: =SUM(AO3:AO33) -> 21.12 | AP34: =SUM(AP3:AP33) -> 14.4 | AQ34: =AP34/AO34 -> 0.68181818 | AR34: =SUM(AR3:AR33) -> 2.32 | AS34: =SUM(AS3:AS33) -> 1.22 | AT34: =AS34/AR34 -> 0.52586207 | AU34: =SUM(AU3:AU33) -> 54.48 | AV34: =SUM(AV3:AV33) -> 201.66 | AW34: =AV34/AU34 -> 3.7015419 | AX34: =SUM(AX3:AX33) -> 6.47 | AY34: =SUM(AY3:AY33) -> 1.05 | AZ34: =AY34/AX34 -> 0.16228748 | BA34: =SUM(BA3:BA33) -> 3317.283 | BB34: =SUM(BB3:BB33) -> 6108.28 | BC34: =BB34/BA34 -> 1.8413503

Sheet spi16-17
A1: STATES/UTs | B1: PEPPER | E1: GINGER | H1: CHILLIES | K1: TURMERIC | N1: GARLIC | Q1: CARDAMOM | T1: CORIANDER | W1: CUMIN | Z1: FENNEL | AC1: FENUGREEK | AF1: AJWAN | AI1: DILL/POPPY/CELERY | AL1: CINNAMON /TEJPATA | AO1: NUTMEG | AR1: CLOVE | AU1: TAMARIND | AX1: SAFFRON /VANILLA | BA1: TOTAL
B2: A | C2: P | D2: Prod. | E2: A | F2: P | G2: Prod. | H2: A | I2: P | J2: Prod. | K2: A | L2: P | M2: Prod. | N2: A | O2: P | P2: Prod. | Q2: A | R2: P | S2: Prod. | T2: A | U2: P | V2: Prod. | W2: A | X2: P | Y2: Prod. | Z2: A | AA2: P | AB2: Prod. | AC2: A | AD2: P | AE2: Prod. | AF2: A | AG2: P | AH2: Prod. | AI2: A | AJ2: P | AK2: Prod. | AL2: A | AM2: P | AN2: Prod. | AO2: A | AP2: P | AQ2: Prod. | AR2: A | AS2: P | AT2: Prod. | AU2: A | AV2: P | AW2: Prod. | AX2: A | AY2: P | AZ2: Prod. | BA2: A | BB2: P | BC2: Prod.
A3: ANDHRA PRADESH | E3: 0.509 | F3: 1.77 | G3: =F3/E3 -> 3.4774067 | H3: 209.35 | I3: 992.9 | J3: =I3/H3 -> 4.7427753 | K3: 19.18 | L3: 79.73 | M3: =L3/K3 -> 4.1569343 | T3: 4.3 | U3: 2.37 | V3: =U3/T3 -> 0.55116279 | AF3: 8.32 | AG3: 2.6 | AH3: =AG3/AF3 -> 0.3125 | AU3: 4.67 | AV3: 20.35 | AW3: =AV3/AU3 -> 4.3576017 | AX3: 0.11 | AY3: 0.04 | AZ3: =AY3/AX3 -> 0.36363636 | BA3: =B3+E3+H3+K3+N3+Q3+T3+W3+Z3+AC3+AF3+AI3+AL3+AO3+AR3+AU3+AX3 -> 246.439 | BB3: =C3+F3+I3+L3+O3+R3+U3+X3+AA3+AD3+AG3+AJ3+AM3+AP3+AS3+AV3+AY3 -> 1099.76 | BC3: =BB3/BA3 -> 4.4626054
A4: ARUNACHAL PRADESH | E4: 7.65 | F4: 56.58 | G4: =F4/E4 -> 7.3960784 | H4: 2.96 | I4: 8.29 | J4: =I4/H4 -> 2.8006757 | K4: 0.8 | L4: 3.84 | M4: =L4/K4 -> 4.8 | N4: 0.03 | O4: 0.01 | P4: =O4/N4 -> 0.33333333 | BA4: =B4+E4+H4+K4+N4+Q4+T4+W4+Z4+AC4+AF4+AI4+AL4+AO4+AR4+AU4+AX4 -> 11.44 | BB4: =C4+F4+I4+L4+O4+R4+U4+X4+AA4+AD4+AG4+AJ4+AM4+AP4+AS4+AV4+AY4 -> 68.72 | BC4: =BB4/BA4 -> 6.006993
A5: ASSAM | B5: 3.91 | C5: 2.66 | D5: =C5/B5 -> 0.68030691 | E5: 18.733 | F5: 166.54 | G5: =F5/E5 -> 8.8901938 | H5: 21.63 | I5: 19.38 | J5: =I5/H5 -> 0.89597781 | K5: 17.06 | L5: 17.03 | M5: =L5/K5 -> 0.9982415 | N5: 29.71 | O5: 56.01 | P5: =O5/N5 -> 1.8852238 | T5: 28.95 | U5: 29.68 | V5: =U5/T5 -> 1.0252159 | BA5: =B5+E5+H5+K5+N5+Q5+T5+W5+Z5+AC5+AF5+AI5+AL5+AO5+AR5+AU5+AX5 -> 119.993 | BB5: =C5+F5+I5+L5+O5+R5+U5+X5+AA5+AD5+AG5+AJ5+AM5+AP5+AS5+AV5+AY5 -> 291.3 | BC5: =BB5/BA5 -> 2.4276416
A6: BIHAR | E6: 0.316 | F6: 0.59 | G6: =F6/E6 -> 1.8670886 | H6: 1.6 | I6: 2.05 | J6: =I6/H6 -> 1.28125 | K6: 2.44 | L6: 2.63 | M6: =L6/K6 -> 1.0778689 | N6: 1.95 | O6: 2.94 | P6: =O6/N6 -> 1.5076923 | T6: 2.57 | U6: 2.36 | V6: =U6/T6 -> 0.91828794 | BA6: =B6+E6+H6+K6+N6+Q6+T6+W6+Z6+AC6+AF6+AI6+AL6+AO6+AR6+AU6+AX6 -> 8.876 | BB6: =C6+F6+I6+L6+O6+R6+U6+X6+AA6+AD6+AG6+AJ6+AM6+AP6+AS6+AV6+AY6 -> 10.57 | BC6: =BB6/BA6 -> 1.1908517
A7: CHHATTISGARH | E7: 1.837 | F7: 2.21 | G7: =F7/E7 -> 1.2030484 | H7: 5.06 | I7: 4.32 | J7: =I7/H7 -> 0.85375494 | K7: 1.08 | L7: 1 | M7: =L7/K7 -> 0.92592593 | N7: 1.3 | O7: 3.5 | P7: =O7/N7 -> 2.6923077 | T7: 2.57 | U7: 0.76 | V7: =U7/T7 -> 0.29571984 | BA7: =B7+E7+H7+K7+N7+Q7+T7+W7+Z7+AC7+AF7+AI7+AL7+AO7+AR7+AU7+AX7 -> 11.847 | BB7: =C7+F7+I7+L7+O7+R7+U7+X7+AA7+AD7+AG7+AJ7+AM7+AP7+AS7+AV7+AY7 -> 11.79 | BC7: =BB7/BA7 -> 0.99518866
A8: GUJARAT | E8: 6.5 | F8: 100.5 | G8: =F8/E8 -> 15.461538 | H8: 15.2 | I8: 25.32 | J8: =I8/H8 -> 1.6657895 | K8: 4.1 | L8: 65.5 | M8: =L8/K8 -> 15.97561 | N8: 10.1 | O8: 79.15 | P8: =O8/N8 -> 7.8366337 | T8: 121.1 | U8: 189.75 | V8: =U8/T8 -> 1.5668869 | W8: 278.7 | X8: 284 | Y8: =X8/W8 -> 1.0190169 | Z8: 40.9 | AA8: 87.21 | AB8: =AA8/Z8 -> 2.1322738 | AC8: 7 | AD8: 15 | AE8: =AD8/AC8 -> 2.1428571 | AF8: 1.6 | AG8: 1.5 | AH8: =AG8/AF8 -> 0.9375 | AI8: 17.1 | AJ8: 20.14 | AK8: =AJ8/AI8 -> 1.1777778 | BA8: =B8+E8+H8+K8+N8+Q8+T8+W8+Z8+AC8+AF8+AI8+AL8+AO8+AR8+AU8+AX8 -> 502.3 | BB8: =C8+F8+I8+L8+O8+R8+U8+X8+AA8+AD8+AG8+AJ8+AM8+AP8+AS8+AV8+AY8 -> 868.07 | BC8: =BB8/BA8 -> 1.7281903
A9: HARYANA | E9: 0.5 | F9: 6 | G9: =F9/E9 -> 12 | H9: 2.2 | I9: 4 | J9: =I9/H9 -> 1.8181818 | K9: 1.5 | L9: 22 | M9: =L9/K9 -> 14.666667 | N9: 5 | O9: 32 | P9: =O9/N9 -> 6.4 | T9: 2.45 | U9: 4.45 | V9: =U9/T9 -> 1.8163265 | Z9: 0.3 | AA9: 0.2 | AB9: =AA9/Z9 -> 0.66666667 | AC9: 5.1 | AD9: 9.15 | AE9: =AD9/AC9 -> 1.7941176 | BA9: =B9+E9+H9+K9+N9+Q9+T9+W9+Z9+AC9+AF9+AI9+AL9+AO9+AR9+AU9+AX9 -> 17.05 | BB9: =C9+F9+I9+L9+O9+R9+U9+X9+AA9+AD9+AG9+AJ9+AM9+AP9+AS9+AV9+AY9 -> 77.8 | BC9: =BB9/BA9 -> 4.5630499
A10: HIMACHAL PRADESH | E10: 2.276 | F10: 14.5 | G10: =F10/E10 -> 6.370826 | H10: 0.6 | I10: 0.24 | J10: =I10/H10 -> 0.4 | K10: 0.2 | L10: 0.11 | M10: =L10/K10 -> 0.55 | N10: 4.43 | O10: 7.72 | P10: =O10/N10 -> 1.7426637 | T10: 0.12 | U10: 0.19 | V10: =U10/T10 -> 1.5833333 | W10: 0.08 | X10: 0.02 | Y10: =X10/W10 -> 0.25 | BA10: =B10+E10+H10+K10+N10+Q10+T10+W10+Z10+AC10+AF10+AI10+AL10+AO10+AR10+AU10+AX10 -> 7.706 | BB10: =C10+F10+I10+L10+O10+R10+U10+X10+AA10+AD10+AG10+AJ10+AM10+AP10+AS10+AV10+AY10 -> 22.78 | BC10: =BB10/BA10 -> 2.9561381
A11: JAMMU & KASHMIR | E11: 0.021 | F11: 0.03 | G11: =F11/E11 -> 1.4285714 | H11: 0.62 | I11: 0.35 | J11: =I11/H11 -> 0.56451613 | K11: 0.01 | L11: 0.01 | M11: =L11/K11 -> 1 | N11: 0.71 | O11: 0.56 | P11: =O11/N11 -> 0.78873239 | AX11: 3.56 | AY11: 0.01 | AZ11: =AY11/AX11 -> 0.0028089888 | BA11: =B11+E11+H11+K11+N11+Q11+T11+W11+Z11+AC11+AF11+AI11+AL11+AO11+AR11+AU11+AX11 -> 4.921 | BB11: =C11+F11+I11+L11+O11+R11+U11+X11+AA11+AD11+AG11+AJ11+AM11+AP11+AS11+AV11+AY11 -> 0.96 | BC11: =BB11/BA11 -> 0.1950823
A12: JHARKHAND | BA12: =B12+E12+H12+K12+N12+Q12+T12+W12+Z12+AC12+AF12+AI12+AL12+AO12+AR12+AU12+AX12 -> 0 | BB12: =C12+F12+I12+L12+O12+R12+U12+X12+AA12+AD12+AG12+AJ12+AM12+AP12+AS12+AV12+AY12 -> 0 | BC12: =BB12/BA12 -> #DIV/0!
A13: KARNATAKA | B13: 34.99 | C13: 26.77 | D13: =C13/B13 -> 0.76507574 | E13: 29.285 | F13: 109.34 | G13: =F13/E13 -> 3.733652 | H13: 102.29 | I13: 103.24 | J13: =I13/H13 -> 1.0092873 | K13: 14.99 | L13: 76.49 | M13: =L13/K13 -> 5.1027352 | N13: 4.66 | O13: 6.28 | P13: =O13/N13 -> 1.3476395 | Q13: 17.66 | R13: 1.53 | S13: =R13/Q13 -> 0.086636467 | T13: 4.49 | U13: 1.93 | V13: =U13/T13 -> 0.4298441 | AC13: 0.5 | AD13: 1 | AE13: =AD13/AC13 -> 2 | AI13: 0.4 | AJ13: 1.75 | AK13: =AJ13/AI13 -> 4.375 | AL13: 0.03 | AM13: 0.01 | AN13: =AM13/AL13 -> 0.33333333 | AO13: 0.3 | AP13: 0.2 | AQ13: =AP13/AO13 -> 0.66666667 | AR13: 0.12 | AS13: 0.17 | AT13: =AS13/AR13 -> 1.4166667 | AU13: 15 | AV13: 70.5 | AW13: =AV13/AU13 -> 4.7 | AX13: 0.69 | AY13: 0.23 | AZ13: =AY13/AX13 -> 0.33333333 | BA13: =B13+E13+H13+K13+N13+Q13+T13+W13+Z13+AC13+AF13+AI13+AL13+AO13+AR13+AU13+AX13 -> 225.405 | BB13: =C13+F13+I13+L13+O13+R13+U13+X13+AA13+AD13+AG13+AJ13+AM13+AP13+AS13+AV13+AY13 -> 399.44 | BC13: =BB13/BA13 -> 1.7720991
A14: KERALA | B14: 86.14 | C14: 40.37 | D14: =C14/B14 -> 0.46865568 | E14: 4.975 | F14: 21.27 | G14: =F14/E14 -> 4.2753769 | H14: 1.71 | I14: 1.6 | J14: =I14/H14 -> 0.93567251 | K14: 2.58 | L14: 6.83 | M14: =L14/K14 -> 2.6472868 | N14: 0.76 | O14: 0.37 | P14: =O14/N14 -> 0.48684211 | Q14: 38 | R14: 18 | S14: =R14/Q14 -> 0.47368421 | AL14: 0.12 | AN14: =AM14/AL14 -> 0 | AO14: 22.5 | AP14: 15.2 | AQ14: =AP14/AO14 -> 0.67555556 | AR14: 1.08 | AS14: 0.08 | AT14: =AS14/AR14 -> 0.074074074 | AU14: 11 | AV14: 38.25 | AW14: =AV14/AU14 -> 3.4772727 | AX14: 0.12 | AY14: 0.04 | AZ14: =AY14/AX14 -> 0.33333333 | BA14: =B14+E14+H14+K14+N14+Q14+T14+W14+Z14+AC14+AF14+AI14+AL14+AO14+AR14+AU14+AX14 -> 168.985 | BB14: =C14+F14+I14+L14+O14+R14+U14+X14+AA14+AD14+AG14+AJ14+AM14+AP14+AS14+AV14+AY14 -> 142.01 | BC14: =BB14/BA14 -> 0.84037045
A15: MADHYA PRADESH | E15: 12.5 | F15: 20.2 | G15: =F15/E15 -> 1.616 | H15: 85 | I15: 135.53 | J15: =I15/H15 -> 1.5944706 | K15: 1.65 | L15: 1.61 | M15: =L15/K15 -> 0.97575758 | N15: 92.5 | O15: 405 | P15: =O15/N15 -> 4.3783784 | T15: 273.78 | U15: 396.01 | V15: =U15/T15 -> 1.4464534 | W15: 0.33 | X15: 0.45 | Y15: =X15/W15 -> 1.3636364 | Z15: 2.72 | AA15: 7.37 | AB15: =AA15/Z15 -> 2.7095588 | AC15: 52.01 | AD15: 105.07 | AE15: =AD15/AC15 -> 2.0201884 | AF15: 4.1 | AG15: 6.65 | AH15: =AG15/AF15 -> 1.6219512 | BA15: =B15+E15+H15+K15+N15+Q15+T15+W15+Z15+AC15+AF15+AI15+AL15+AO15+AR15+AU15+AX15 -> 524.59 | BB15: =C15+F15+I15+L15+O15+R15+U15+X15+AA15+AD15+AG15+AJ15+AM15+AP15+AS15+AV15+AY15 -> 1077.89 | BC15: =BB15/BA15 -> 2.0547285
A16: MAHARASHTRA | B16: 0.09 | C16: 0.11 | D16: =C16/B16 -> 1.2222222 | E16: 8.526 | F16: 125.49 | G16: =F16/E16 -> 14.718508 | H16: 17.32 | I16: 35.88 | J16: =I16/H16 -> 2.0715935 | K16: 10.71 | L16: 177.85 | M16: =L16/K16 -> 16.605976 | N16: 2.45 | O16: 14.31 | P16: =O16/N16 -> 5.8408163 | T16: 1.71 | U16: 9.68 | V16: =U16/T16 -> 5.6608187 | AC16: 0.24 | AD16: 1.21 | AE16: =AD16/AC16 -> 5.0416667 | AL16: 0.03 | AM16: 0.03 | AN16: =AM16/AL16 -> 1 | AO16: 0.01 | AP16: 0.01 | AQ16: =AP16/AO16 -> 1 | AU16: 0.72 | AV16: 7.15 | AW16: =AV16/AU16 -> 9.9305556 | BA16: =B16+E16+H16+K16+N16+Q16+T16+W16+Z16+AC16+AF16+AI16+AL16+AO16+AR16+AU16+AX16 -> 41.806 | BB16: =C16+F16+I16+L16+O16+R16+U16+X16+AA16+AD16+AG16+AJ16+AM16+AP16+AS16+AV16+AY16 -> 371.72 | BC16: =BB16/BA16 -> 8.8915467
A17: MANIPUR | E17: 2.4 | F17: 3.84 | G17: =F17/E17 -> 1.6 | H17: 6.5 | I17: 3.9 | J17: =I17/H17 -> 0.6 | K17: 1.4 | L17: 15.4 | M17: =L17/K17 -> 11 | N17: 0.17 | P17: =O17/N17 -> 0 | BA17: =B17+E17+H17+K17+N17+Q17+T17+W17+Z17+AC17+AF17+AI17+AL17+AO17+AR17+AU17+AX17 -> 10.47 | BB17: =C17+F17+I17+L17+O17+R17+U17+X17+AA17+AD17+AG17+AJ17+AM17+AP17+AS17+AV17+AY17 -> 23.14 | BC17: =BB17/BA17 -> 2.2101242
A18: MEGHALAYA | B18: 1.01 | C18: 0.76 | D18: =C18/B18 -> 0.75247525 | E18: 9.936 | F18: 66.37 | G18: =F18/E18 -> 6.6797504 | H18: 2.32 | I18: 2.24 | J18: =I18/H18 -> 0.96551724 | K18: 2.61 | L18: 16.63 | M18: =L18/K18 -> 6.3716475 | N18: 0.28 | O18: 1.11 | P18: =O18/N18 -> 3.9642857 | T18: 0.01 | U18: 0.05 | V18: =U18/T18 -> 5 | AL18: 2.44 | AM18: 5 | AN18: =AM18/AL18 -> 2.0491803 | BA18: =B18+E18+H18+K18+N18+Q18+T18+W18+Z18+AC18+AF18+AI18+AL18+AO18+AR18+AU18+AX18 -> 18.606 | BB18: =C18+F18+I18+L18+O18+R18+U18+X18+AA18+AD18+AG18+AJ18+AM18+AP18+AS18+AV18+AY18 -> 92.16 | BC18: =BB18/BA18 -> 4.9532409
A19: MIZORAM | B19: 0.07 | C19: 0 | D19: =C19/B19 -> 0 | E19: 8.207 | F19: 59.99 | G19: =F19/E19 -> 7.3096137 | H19: 9.24 | I19: 9.33 | J19: =I19/H19 -> 1.0097403 | K19: 7.2 | L19: 27.82 | M19: =L19/K19 -> 3.8638889 | N19: 0.02 | O19: 0.01 | P19: =O19/N19 -> 0.5 | T19: 0.06 | U19: 0.02 | V19: =U19/T19 -> 0.33333333 | AU19: 0.01 | AV19: 0.03 | AW19: =AV19/AU19 -> 3 | BA19: =B19+E19+H19+K19+N19+Q19+T19+W19+Z19+AC19+AF19+AI19+AL19+AO19+AR19+AU19+AX19 -> 24.807 | BB19: =C19+F19+I19+L19+O19+R19+U19+X19+AA19+AD19+AG19+AJ19+AM19+AP19+AS19+AV19+AY19 -> 97.2 | BC19: =BB19/BA19 -> 3.9182489
A20: NAGALAND | B20: 0.14 | C20: 0.03 | D20: =C20/B20 -> 0.21428571 | E20: 4.841 | F20: 48.21 | G20: =F20/E20 -> 9.9586862 | H20: 5.58 | I20: 40.89 | J20: =I20/H20 -> 7.327957 | K20: 0.7 | L20: 10.72 | M20: =L20/K20 -> 15.314286 | N20: 0.29 | O20: 2.98 | P20: =O20/N20 -> 10.275862 | Q20: 4.05 | R20: 2.02 | S20: =R20/Q20 -> 0.49876543 | T20: 0.09 | U20: 0.15 | V20: =U20/T20 -> 1.6666667 | BA20: =B20+E20+H20+K20+N20+Q20+T20+W20+Z20+AC20+AF20+AI20+AL20+AO20+AR20+AU20+AX20 -> 15.691 | BB20: =C20+F20+I20+L20+O20+R20+U20+X20+AA20+AD20+AG20+AJ20+AM20+AP20+AS20+AV20+AY20 -> 105 | BC20: =BB20/BA20 -> 6.6917341
A21: ODISHA | E21: 16.568 | F21: 31.99 | G21: =F21/E21 -> 1.9308305 | H21: 71.7 | I21: 69.17 | J21: =I21/H21 -> 0.96471409 | K21: 27.86 | L21: 54.5 | M21: =L21/K21 -> 1.9562096 | N21: 10.9 | O21: 35.5 | P21: =O21/N21 -> 3.2568807 | T21: 19.61 | U21: 10.8 | V21: =U21/T21 -> 0.55073942 | BA21: =B21+E21+H21+K21+N21+Q21+T21+W21+Z21+AC21+AF21+AI21+AL21+AO21+AR21+AU21+AX21 -> 146.638 | BB21: =C21+F21+I21+L21+O21+R21+U21+X21+AA21+AD21+AG21+AJ21+AM21+AP21+AS21+AV21+AY21 -> 201.96 | BC21: =BB21/BA21 -> 1.3772692
A22: PUNJAB | H22: 7.5 | I22: 14.08 | J22: =I22/H22 -> 1.8773333 | K22: 0.9 | L22: 3.19 | M22: =L22/K22 -> 3.5444444 | N22: 6.46 | O22: 73.74 | P22: =O22/N22 -> 11.414861 | AC22: 12.46 | AD22: 2.36 | AE22: =AD22/AC22 -> 0.1894061 | AI22: 4.01 | AJ22: 5.51 | AK22: =AJ22/AI22 -> 1.3740648 | BA22: =B22+E22+H22+K22+N22+Q22+T22+W22+Z22+AC22+AF22+AI22+AL22+AO22+AR22+AU22+AX22 -> 31.33 | BB22: =C22+F22+I22+L22+O22+R22+U22+X22+AA22+AD22+AG22+AJ22+AM22+AP22+AS22+AV22+AY22 -> 98.88 | BC22: =BB22/BA22 -> 3.1560804
A23: RAJASTHAN | E23: 0.11 | F23: 0.27 | G23: =F23/E23 -> 2.4545455 | H23: 11.13 | I23: 18.78 | J23: =I23/H23 -> 1.6873315 | K23: 0.19 | L23: 0.64 | M23: =L23/K23 -> 3.3684211 | N23: 107.97 | O23: 727.5 | P23: =O23/N23 -> 6.7379828 | T23: 181.71 | U23: 206.96 | V23: =U23/T23 -> 1.1389577 | W23: 500.14 | X23: 206.94 | Y23: =X23/W23 -> 0.41376415 | Z23: 45.2 | AA23: 56.24 | AB23: =AA23/Z23 -> 1.2442478 | AC23: 129.71 | AD23: 157.93 | AE23: =AD23/AC23 -> 1.2175623 | AF23: 15.43 | AG23: 10.54 | AH23: =AG23/AF23 -> 0.6830849 | AI23: 12.8 | AJ23: 6 | AK23: =AJ23/AI23 -> 0.46875 | BA23: =B23+E23+H23+K23+N23+Q23+T23+W23+Z23+AC23+AF23+AI23+AL23+AO23+AR23+AU23+AX23 -> 1004.39 | BB23: =C23+F23+I23+L23+O23+R23+U23+X23+AA23+AD23+AG23+AJ23+AM23+AP23+AS23+AV23+AY23 -> 1391.8 | BC23: =BB23/BA23 -> 1.3857167
A24: SIKKIM | E24: 12.3 | F24: 55.9 | G24: =F24/E24 -> 4.5447154 | K24: 1.95 | L24: 5.68 | M24: =L24/K24 -> 2.9128205 | Q24: 18 | R24: 5 | S24: =R24/Q24 -> 0.27777778 | BA24: =B24+E24+H24+K24+N24+Q24+T24+W24+Z24+AC24+AF24+AI24+AL24+AO24+AR24+AU24+AX24 -> 32.25 | BB24: =C24+F24+I24+L24+O24+R24+U24+X24+AA24+AD24+AG24+AJ24+AM24+AP24+AS24+AV24+AY24 -> 66.58 | BC24: =BB24/BA24 -> 2.0644961
A25: TAMIL NADU | B25: 4.09 | C25: 0.91 | D25: =C25/B25 -> 0.22249389 | E25: 0.335 | F25: 2.29 | G25: =F25/E25 -> 6.8358209 | H25: 44.18 | I25: 21.48 | J25: =I25/H25 -> 0.48619285 | K25: 29.31 | L25: 112.59 | M25: =L25/K25 -> 3.8413511 | N25: 0.51 | O25: 2.93 | P25: =O25/N25 -> 5.745098 | Q25: 4.01 | R25: 0.35 | S25: =R25/Q25 -> 0.087281796 | T25: 9.28 | U25: 5.74 | V25: =U25/T25 -> 0.61853448 | AR25: 0.99 | AS25: 0.97 | AT25: =AS25/AR25 -> 0.97979798 | AU25: 15.43 | AV25: 48.06 | AW25: =AV25/AU25 -> 3.1147116 | BA25: =B25+E25+H25+K25+N25+Q25+T25+W25+Z25+AC25+AF25+AI25+AL25+AO25+AR25+AU25+AX25 -> 108.135 | BB25: =C25+F25+I25+L25+O25+R25+U25+X25+AA25+AD25+AG25+AJ25+AM25+AP25+AS25+AV25+AY25 -> 195.32 | BC25: =BB25/BA25 -> 1.8062607
A26: TELANGANA | E26: 2.5 | F26: 12.34 | G26: =F26/E26 -> 4.936 | H26: 126 | I26: 461 | J26: =I26/H26 -> 3.6587302 | K26: 51 | L26: 294 | M26: =L26/K26 -> 5.7647059 | N26: 0.29 | O26: 1.01 | P26: =O26/N26 -> 3.4827586 | T26: 1.01 | U26: 0.39 | V26: =U26/T26 -> 0.38613861 | AF26: 1.38 | AG26: 5.72 | AH26: =AG26/AF26 -> 4.1449275 | AU26: 2 | AV26: 12.49 | AW26: =AV26/AU26 -> 6.245 | BA26: =B26+E26+H26+K26+N26+Q26+T26+W26+Z26+AC26+AF26+AI26+AL26+AO26+AR26+AU26+AX26 -> 184.18 | BB26: =C26+F26+I26+L26+O26+R26+U26+X26+AA26+AD26+AG26+AJ26+AM26+AP26+AS26+AV26+AY26 -> 786.95 | BC26: =BB26/BA26 -> 4.2727223
A27: TRIPURA | B27: 0.24 | C27: 0.15 | D27: =C27/B27 -> 0.625 | E27: 1.8 | F27: 7.6 | G27: =F27/E27 -> 4.2222222 | H27: 2.35 | I27: 3.7 | J27: =I27/H27 -> 1.5744681 | K27: 1.3 | L27: 6.59 | M27: =L27/K27 -> 5.0692308 | BA27: =B27+E27+H27+K27+N27+Q27+T27+W27+Z27+AC27+AF27+AI27+AL27+AO27+AR27+AU27+AX27 -> 5.69 | BB27: =C27+F27+I27+L27+O27+R27+U27+X27+AA27+AD27+AG27+AJ27+AM27+AP27+AS27+AV27+AY27 -> 18.04 | BC27: =BB27/BA27 -> 3.1704745
A28: UTTAR PRADESH | E28: 0.944 | F28: 4.35 | G28: =F28/E28 -> 4.6080508 | H28: 13.55 | I28: 10.26 | J28: =I28/H28 -> 0.75719557 | K28: 2 | L28: 6 | M28: =L28/K28 -> 3 | N28: 35.25 | O28: 202.3 | P28: =O28/N28 -> 5.7390071 | T28: 7.8 | U28: 3.58 | V28: =U28/T28 -> 0.45897436 | W28: 0 | X28: 0.01 | Z28: 0.71 | AA28: 0.67 | AB28: =AA28/Z28 -> 0.94366197 | AC28: 0.32 | AD28: 0.19 | AE28: =AD28/AC28 -> 0.59375 | BA28: =B28+E28+H28+K28+N28+Q28+T28+W28+Z28+AC28+AF28+AI28+AL28+AO28+AR28+AU28+AX28 -> 60.574 | BB28: =C28+F28+I28+L28+O28+R28+U28+X28+AA28+AD28+AG28+AJ28+AM28+AP28+AS28+AV28+AY28 -> 227.36 | BC28: =BB28/BA28 -> 3.7534256
A29: UTTARAKHAND | E29: 1.814 | F29: 19.07 | G29: =F29/E29 -> 10.512679 | H29: 9 | I29: 7.2 | J29: =I29/H29 -> 0.8 | K29: 0.98 | L29: 1.74 | M29: =L29/K29 -> 1.7755102 | N29: 1.49 | O29: 2.17 | P29: =O29/N29 -> 1.4563758 | T29: 0.9 | U29: 3.8 | V29: =U29/T29 -> 4.2222222 | AC29: 0.4 | AD29: 2.61 | AE29: =AD29/AC29 -> 6.525 | BA29: =B29+E29+H29+K29+N29+Q29+T29+W29+Z29+AC29+AF29+AI29+AL29+AO29+AR29+AU29+AX29 -> 14.584 | BB29: =C29+F29+I29+L29+O29+R29+U29+X29+AA29+AD29+AG29+AJ29+AM29+AP29+AS29+AV29+AY29 -> 36.59 | BC29: =BB29/BA29 -> 2.5089139
A30: WEST BENGAL | B30: 0.26 | C30: 0.07 | D30: =C30/B30 -> 0.26923077 | E30: 11.99 | F30: 130.4 | G30: =F30/E30 -> 10.87573 | H30: 65.12 | I30: 100.34 | J30: =I30/H30 -> 1.5408477 | K30: 18 | L30: 45.5 | M30: =L30/K30 -> 2.5277778 | N30: 3.7 | O30: 36.1 | P30: =O30/N30 -> 9.7567568 | Q30: 2.96 | R30: 0.76 | S30: =R30/Q30 -> 0.25675676 | T30: 11.46 | U30: 14.56 | V30: =U30/T30 -> 1.2705061 | W30: 1.47 | X30: 1.46 | Y30: =X30/W30 -> 0.99319728 | Z30: 1.02 | AA30: 1.03 | AB30: =AA30/Z30 -> 1.0098039 | AC30: 2.41 | AD30: 2.6 | AE30: =AD30/AC30 -> 1.0788382 | AI30: 1.25 | AJ30: 1.6 | AK30: =AJ30/AI30 -> 1.28 | BA30: =B30+E30+H30+K30+N30+Q30+T30+W30+Z30+AC30+AF30+AI30+AL30+AO30+AR30+AU30+AX30 -> 119.64 | BB30: =C30+F30+I30+L30+O30+R30+U30+X30+AA30+AD30+AG30+AJ30+AM30+AP30+AS30+AV30+AY30 -> 334.42 | BC30: =BB30/BA30 -> 2.795219
A31: OTHERS | B31: ='[1]UT''s 2016-17'!N69 -> 0.01 | C31: ='[1]UT''s 2016-17'!O69 -> 0.02 | D31: =C31/B31 -> 2 | E31: ='[1]UT''s 2016-17'!N70 -> 0 | F31: ='[1]UT''s 2016-17'!O70 -> 0 | H31: ='[1]UT''s 2016-17'!N71 -> 0 | I31: ='[1]UT''s 2016-17'!O71 -> 0.02 | K31: ='[1]UT''s 2016-17'!N72 -> 0 | L31: ='[1]UT''s 2016-17'!O72 -> 0 | N31: ='[1]UT''s 2016-17'!N73 -> 0 | O31: ='[1]UT''s 2016-17'!O73 -> 0 | Q31: ='[1]UT''s 2016-17'!N74 -> 0 | R31: ='[1]UT''s 2016-17'!O74 -> 0 | T31: ='[1]UT''s 2016-17'!N75 -> 0 | U31: ='[1]UT''s 2016-17'!O75 -> 0 | W31: ='[1]UT''s 2016-17'!N76 -> 0 | X31: ='[1]UT''s 2016-17'!O76 -> 0 | Z31: ='[1]UT''s 2016-17'!N77 -> 0 | AA31: ='[1]UT''s 2016-17'!O77 -> 0 | AC31: ='[1]UT''s 2016-17'!N78 -> 0 | AD31: ='[1]UT''s 2016-17'!O78 -> 0 | AF31: ='[1]UT''s 2016-17'!N79 -> 0 | AG31: ='[1]UT''s 2016-17'!O79 -> 0 | AI31: ='[1]UT''s 2016-17'!N80 -> 0 | AJ31: ='[1]UT''s 2016-17'!O80 -> 0 | AL31: ='[1]UT''s 2016-17'!N81 -> 0 | AM31: ='[1]UT''s 2016-17'!O81 -> 0 | AO31: ='[1]UT''s 2016-17'!N82 -> 0 | AP31: ='[1]UT''s 2016-17'!O82 -> 0 | AR31: ='[1]UT''s 2016-17'!N83 -> 0 | AS31: ='[1]UT''s 2016-17'!O83 -> 0 | AU31: ='[1]UT''s 2016-17'!N84 -> 0.06 | AV31: ='[1]UT''s 2016-17'!O84 -> 0.32 | AW31: =AV31/AU31 -> 5.3333333 | AX31: ='[1]UT''s 2016-17'!N85 -> 0 | AY31: ='[1]UT''s 2016-17'!O85 -> 0 | BA31: =B31+E31+H31+K31+N31+Q31+T31+W31+Z31+AC31+AF31+AI31+AL31+AO31+AR31+AU31+AX31 -> 0.07 | BB31: =C31+F31+I31+L31+O31+R31+U31+X31+AA31+AD31+AG31+AJ31+AM31+AP31+AS31+AV31+AY31 -> 0.36 | BC31: =BB31/BA31 -> 5.1428571
A32: TOTAL | B32: =SUM(B3:B31) -> 130.95 | C32: =SUM(C3:C31) -> 71.85 | D32: =C32/B32 -> 0.5486827 | E32: =SUM(E3:E31) -> 167.373 | F32: =SUM(F3:F31) -> 1067.64 | G32: =F32/E32 -> 6.3788066 | H32: =SUM(H3:H31) -> 839.71 | I32: =SUM(I3:I31) -> 2095.49 | J32: =I32/H32 -> 2.4954925 | K32: =SUM(K3:K31) -> 221.7 | L32: =SUM(L3:L31) -> 1055.63 | M32: =L32/K32 -> 4.7615246 | N32: =SUM(N3:N31) -> 320.93 | O32: =SUM(O3:O31) -> 1693.2 | P32: =O32/N32 -> 5.2759169 | Q32: =SUM(Q3:Q31) -> 84.68 | R32: =SUM(R3:R31) -> 27.66 | S32: =R32/Q32 -> 0.32664147 | T32: =SUM(T3:T31) -> 673.97 | U32: =SUM(U3:U31) -> 883.23 | V32: =U32/T32 -> 1.3104886 | W32: =SUM(W3:W31) -> 780.72 | X32: =SUM(X3:X31) -> 492.88 | Y32: =X32/W32 -> 0.63131468 | Z32: =SUM(Z3:Z31) -> 90.85 | AA32: =SUM(AA3:AA31) -> 152.72 | AB32: =AA32/Z32 -> 1.6810127 | AC32: =SUM(AC3:AC31) -> 210.15 | AD32: =SUM(AD3:AD31) -> 297.12 | AE32: =AD32/AC32 -> 1.4138473 | AF32: =SUM(AF3:AF31) -> 30.83 | AG32: =SUM(AG3:AG31) -> 27.01 | AH32: =AG32/AF32 -> 0.87609471 | AI32: =SUM(AI3:AI31) -> 35.56 | AJ32: =SUM(AJ3:AJ31) -> 35 | AK32: =AJ32/AI32 -> 0.98425197 | AL32: =SUM(AL3:AL31) -> 2.62 | AM32: =SUM(AM3:AM31) -> 5.04 | AN32: =AM32/AL32 -> 1.9236641 | AO32: =SUM(AO3:AO31) -> 22.81 | AP32: =SUM(AP3:AP31) -> 15.41 | AQ32: =AP32/AO32 -> 0.67558089 | AR32: =SUM(AR3:AR31) -> 2.19 | AS32: =SUM(AS3:AS31) -> 1.22 | AT32: =AS32/AR32 -> 0.55707763 | AU32: =SUM(AU3:AU31) -> 48.89 | AV32: =SUM(AV3:AV31) -> 197.15 | AW32: =AV32/AU32 -> 4.032522 | AX32: =SUM(AX3:AX31) -> 4.48 | AY32: =SUM(AY3:AY31) -> 0.32 | AZ32: =AY32/AX32 -> 0.071428571 | BA32: =SUM(BA3:BA31) -> 3668.413 | BB32: =SUM(BB3:BB31) -> 8118.57 | BC32: =BB32/BA32 -> 2.2131014

Sheet spi15-16
A1: STATES/UTs | B1: PEPPER | E1: GINGER | H1: CHILLIES | K1: TURMERIC | N1: GARLIC | Q1: CARDAMOM | T1: CORIANDER | W1: CUMIN | Z1: FENNEL | AC1: FENUGREEK | AF1: AJWAN | AI1: DILL/POPPY/CELERY | AL1: CINNAMON /TEJPATA | AO1: NUTMEG | AR1: CLOVE | AU1: TAMARIND | AX1: SAFFRON /VANILLA | BA1: TOTAL
B2: A | C2: P | D2: Prod. | E2: A | F2: P | G2: Prod. | H2: A | I2: P | J2: Prod. | K2: A | L2: P | M2: Prod. | N2: A | O2: P | P2: Prod. | Q2: A | R2: P | S2: Prod. | T2: A | U2: P | V2: Prod. | W2: A | X2: P | Y2: Prod. | Z2: A | AA2: P | AB2: Prod. | AC2: A | AD2: P | AE2: Prod. | AF2: A | AG2: P | AH2: Prod. | AI2: A | AJ2: P | AK2: Prod. | AL2: A | AM2: P | AN2: Prod. | AO2: A | AP2: P | AQ2: Prod. | AR2: A | AS2: P | AT2: Prod. | AU2: A | AV2: P | AW2: Prod. | AX2: A | AY2: P | AZ2: Prod. | BA2: A | BB2: P | BC2: Prod.
A3: ANDHRA PRADESH | E3: 0.363 | F3: 0.96 | G3: =F3/E3 -> 2.6446281 | H3: 156.06 | I3: 618.42 | J3: =I3/H3 -> 3.9627067 | K3: 17.02 | L3: 121.12 | M3: =L3/K3 -> 7.1163337 | T3: 25.34 | U3: 10.4 | V3: =U3/T3 -> 0.41041831 | AF3: 9.12 | AG3: 4.15 | AH3: =AG3/AF3 -> 0.45504386 | AU3: 4.83 | AV3: 11.1 | AW3: =AV3/AU3 -> 2.2981366 | AX3: 0.01 | AY3: 0.01 | AZ3: =AY3/AX3 -> 1 | BA3: =B3+E3+H3+K3+N3+Q3+T3+W3+Z3+AC3+AF3+AI3+AL3+AO3+AR3+AU3+AX3 -> 212.743 | BB3: =C3+F3+I3+L3+O3+R3+U3+X3+AA3+AD3+AG3+AJ3+AM3+AP3+AS3+AV3+AY3 -> 766.16 | BC3: =BB3/BA3 -> 3.6013406
A4: ARUNACHAL PRADESH | E4: 7.65 | F4: 56.58 | G4: =F4/E4 -> 7.3960784 | H4: 2.96 | I4: 8.29 | J4: =I4/H4 -> 2.8006757 | K4: 0.8 | L4: 3.84 | M4: =L4/K4 -> 4.8 | N4: 0.03 | O4: 0.01 | P4: =O4/N4 -> 0.33333333 | BA4: =B4+E4+H4+K4+N4+Q4+T4+W4+Z4+AC4+AF4+AI4+AL4+AO4+AR4+AU4+AX4 -> 11.44 | BB4: =C4+F4+I4+L4+O4+R4+U4+X4+AA4+AD4+AG4+AJ4+AM4+AP4+AS4+AV4+AY4 -> 68.72 | BC4: =BB4/BA4 -> 6.006993
A5: ASSAM | B5: 3.87 | C5: 2.61 | D5: =C5/B5 -> 0.6744186 | E5: 18.548 | F5: 163.13 | G5: =F5/E5 -> 8.7950183 | H5: 21.41 | I5: 19.12 | J5: =I5/H5 -> 0.89304064 | K5: 16.89 | L5: 16.75 | M5: =L5/K5 -> 0.99171107 | N5: 10.39 | O5: 76.95 | P5: =O5/N5 -> 7.4061598 | T5: 29.42 | U5: 55.13 | V5: =U5/T5 -> 1.8738953 | BA5: =B5+E5+H5+K5+N5+Q5+T5+W5+Z5+AC5+AF5+AI5+AL5+AO5+AR5+AU5+AX5 -> 100.528 | BB5: =C5+F5+I5+L5+O5+R5+U5+X5+AA5+AD5+AG5+AJ5+AM5+AP5+AS5+AV5+AY5 -> 333.69 | BC5: =BB5/BA5 -> 3.3193737
A6: BIHAR | E6: 0.56 | F6: 0.84 | G6: =F6/E6 -> 1.5 | H6: 2.9 | I6: 3 | J6: =I6/H6 -> 1.0344828 | K6: 3 | L6: 3 | M6: =L6/K6 -> 1 | N6: 4.25 | O6: 4 | P6: =O6/N6 -> 0.94117647 | T6: 2.3 | U6: 1.7 | V6: =U6/T6 -> 0.73913043 | BA6: =B6+E6+H6+K6+N6+Q6+T6+W6+Z6+AC6+AF6+AI6+AL6+AO6+AR6+AU6+AX6 -> 13.01 | BB6: =C6+F6+I6+L6+O6+R6+U6+X6+AA6+AD6+AG6+AJ6+AM6+AP6+AS6+AV6+AY6 -> 12.54 | BC6: =BB6/BA6 -> 0.96387394
A7: CHHATTISGARH | E7: 1.739 | F7: 2.14 | G7: =F7/E7 -> 1.2305923 | H7: 4.92 | I7: 4.4 | J7: =I7/H7 -> 0.89430894 | K7: 1.1 | L7: 0.96 | M7: =L7/K7 -> 0.87272727 | N7: 1.34 | O7: 3.6 | P7: =O7/N7 -> 2.6865672 | T7: 2.65 | U7: 0.75 | V7: =U7/T7 -> 0.28301887 | BA7: =B7+E7+H7+K7+N7+Q7+T7+W7+Z7+AC7+AF7+AI7+AL7+AO7+AR7+AU7+AX7 -> 11.749 | BB7: =C7+F7+I7+L7+O7+R7+U7+X7+AA7+AD7+AG7+AJ7+AM7+AP7+AS7+AV7+AY7 -> 11.85 | BC7: =BB7/BA7 -> 1.0085965
A8: GUJARAT | E8: 4.679 | F8: 102.58 | G8: =F8/E8 -> 21.923488 | H8: 14.72 | I8: 26.91 | J8: =I8/H8 -> 1.828125 | K8: 3.55 | L8: 69.25 | M8: =L8/K8 -> 19.507042 | N8: 40.6 | O8: 318.2 | P8: =O8/N8 -> 7.8374384 | T8: 88.6 | U8: 138.8 | V8: =U8/T8 -> 1.5665914 | W8: 295.4 | X8: 300.94 | Y8: =X8/W8 -> 1.0187542 | Z8: 45.4 | AA8: 96.77 | AB8: =AA8/Z8 -> 2.1314978 | AC8: 7.04 | AD8: 14.17 | AE8: =AD8/AC8 -> 2.0127841 | AF8: 1.55 | AG8: 1.47 | AH8: =AG8/AF8 -> 0.9483871 | AI8: 7.2 | AJ8: 8.48 | AK8: =AJ8/AI8 -> 1.1777778 | BA8: =B8+E8+H8+K8+N8+Q8+T8+W8+Z8+AC8+AF8+AI8+AL8+AO8+AR8+AU8+AX8 -> 508.739 | BB8: =C8+F8+I8+L8+O8+R8+U8+X8+AA8+AD8+AG8+AJ8+AM8+AP8+AS8+AV8+AY8 -> 1077.57 | BC8: =BB8/BA8 -> 2.1181195
A9: HARYANA | E9: 0.445 | F9: 5.65 | G9: =F9/E9 -> 12.696629 | H9: 2.43 | I9: 4.22 | J9: =I9/H9 -> 1.7366255 | K9: 1.33 | L9: 23.84 | M9: =L9/K9 -> 17.924812 | N9: 4.44 | O9: 35.83 | P9: =O9/N9 -> 8.0698198 | T9: 2.43 | U9: 4.41 | V9: =U9/T9 -> 1.8148148 | Z9: 0.27 | AA9: 0.17 | AB9: =AA9/Z9 -> 0.62962963 | AC9: 4.78 | AD9: 8.7 | AE9: =AD9/AC9 -> 1.8200837 | BA9: =B9+E9+H9+K9+N9+Q9+T9+W9+Z9+AC9+AF9+AI9+AL9+AO9+AR9+AU9+AX9 -> 16.125 | BB9: =C9+F9+I9+L9+O9+R9+U9+X9+AA9+AD9+AG9+AJ9+AM9+AP9+AS9+AV9+AY9 -> 82.82 | BC9: =BB9/BA9 -> 5.136124
A10: HIMACHAL PRADESH | E10: 2.27 | F10: 14.58 | G10: =F10/E10 -> 6.4229075 | H10: 0.55 | I10: 0.36 | J10: =I10/H10 -> 0.65454545 | K10: 0.26 | L10: 0.43 | M10: =L10/K10 -> 1.6538462 | N10: 4.57 | O10: 9.35 | P10: =O10/N10 -> 2.0459519 | T10: 0.17 | U10: 0.19 | V10: =U10/T10 -> 1.1176471 | W10: 0.08 | X10: 0.02 | Y10: =X10/W10 -> 0.25 | BA10: =B10+E10+H10+K10+N10+Q10+T10+W10+Z10+AC10+AF10+AI10+AL10+AO10+AR10+AU10+AX10 -> 7.9 | BB10: =C10+F10+I10+L10+O10+R10+U10+X10+AA10+AD10+AG10+AJ10+AM10+AP10+AS10+AV10+AY10 -> 24.93 | BC10: =BB10/BA10 -> 3.1556962
A11: JAMMU & KASHMIR | E11: 0.021 | F11: 0.03 | G11: =F11/E11 -> 1.4285714 | H11: 0.62 | I11: 0.35 | J11: =I11/H11 -> 0.56451613 | K11: 0.01 | L11: 0.01 | M11: =L11/K11 -> 1 | N11: 0.71 | O11: 0.56 | P11: =O11/N11 -> 0.78873239 | AX11: 3.56 | AY11: 0.01 | AZ11: =AY11/AX11 -> 0.0028089888 | BA11: =B11+E11+H11+K11+N11+Q11+T11+W11+Z11+AC11+AF11+AI11+AL11+AO11+AR11+AU11+AX11 -> 4.921 | BB11: =C11+F11+I11+L11+O11+R11+U11+X11+AA11+AD11+AG11+AJ11+AM11+AP11+AS11+AV11+AY11 -> 0.96 | BC11: =BB11/BA11 -> 0.1950823
A12: JHARKHAND | BA12: =B12+E12+H12+K12+N12+Q12+T12+W12+Z12+AC12+AF12+AI12+AL12+AO12+AR12+AU12+AX12 -> 0 | BB12: =C12+F12+I12+L12+O12+R12+U12+X12+AA12+AD12+AG12+AJ12+AM12+AP12+AS12+AV12+AY12 -> 0 | BC12: 0
A13: KARNATAKA | B13: 32.67 | C13: 19.19 | D13: =C13/B13 -> 0.58738904 | E13: 30.787 | F13: 89.44 | G13: =F13/E13 -> 2.9051223 | H13: 95.45 | I13: 118.49 | J13: =I13/H13 -> 1.2413829 | K13: 12.82 | L13: 76.78 | M13: =L13/K13 -> 5.9890796 | N13: 4.73 | O13: 5.19 | P13: =O13/N13 -> 1.0972516 | Q13: 18.25 | R13: 1.43 | S13: =R13/Q13 -> 0.078356164 | T13: 4.34 | U13: 1.47 | V13: =U13/T13 -> 0.33870968 | AC13: 0.47 | AD13: 1.11 | AE13: =AD13/AC13 -> 2.3617021 | AI13: 0.38 | AJ13: 1.76 | AK13: =AJ13/AI13 -> 4.6315789 | AL13: 0.03 | AM13: 0.01 | AN13: =AM13/AL13 -> 0.33333333 | AO13: 0.32 | AP13: 0.2 | AQ13: =AP13/AO13 -> 0.625 | AR13: 0.12 | AS13: 0.17 | AT13: =AS13/AR13 -> 1.4166667 | AU13: 14.9 | AV13: 72.15 | AW13: =AV13/AU13 -> 4.8422819 | AX13: 0.69 | AY13: 0.23 | AZ13: =AY13/AX13 -> 0.33333333 | BA13: =B13+E13+H13+K13+N13+Q13+T13+W13+Z13+AC13+AF13+AI13+AL13+AO13+AR13+AU13+AX13 -> 215.957 | BB13: =C13+F13+I13+L13+O13+R13+U13+X13+AA13+AD13+AG13+AJ13+AM13+AP13+AS13+AV13+AY13 -> 387.62 | BC13: =BB13/BA13 -> 1.7948944
A14: KERALA | B14: 84.84 | C14: 30.47 | D14: =C14/B14 -> 0.35914663 | E14: 4.875 | F14: 21.96 | G14: =F14/E14 -> 4.5046154 | H14: 1.58 | I14: 1.49 | J14: =I14/H14 -> 0.94303797 | K14: 2.53 | L14: 6.5 | M14: =L14/K14 -> 2.56917 | N14: 0.06 | O14: 0.37 | P14: =O14/N14 -> 6.1666667 | Q14: 39.73 | R14: 16 | S14: =R14/Q14 -> 0.40271835 | AL14: 0.11 | AM14: 0 | AN14: =AM14/AL14 -> 0 | AO14: 20.63 | AP14: 14.19 | AQ14: =AP14/AO14 -> 0.68783325 | AR14: 1.07 | AS14: 0.08 | AT14: =AS14/AR14 -> 0.074766355 | AU14: 11.24 | AV14: 37.3 | AW14: =AV14/AU14 -> 3.3185053 | AX14: 0.15 | AY14: 0.04 | AZ14: =AY14/AX14 -> 0.26666667 | BA14: =B14+E14+H14+K14+N14+Q14+T14+W14+Z14+AC14+AF14+AI14+AL14+AO14+AR14+AU14+AX14 -> 166.815 | BB14: =C14+F14+I14+L14+O14+R14+U14+X14+AA14+AD14+AG14+AJ14+AM14+AP14+AS14+AV14+AY14 -> 128.4 | BC14: =BB14/BA14 -> 0.76971495
A15: MADHYA PRADESH | E15: 10.912 | F15: 18.86 | G15: =F15/E15 -> 1.7283724 | H15: 72.13 | I15: 132.44 | J15: =I15/H15 -> 1.8361292 | K15: 1.42 | L15: 1.61 | M15: =L15/K15 -> 1.1338028 | N15: 81.17 | O15: 424.5 | P15: =O15/N15 -> 5.2297647 | T15: 165.18 | U15: 108.49 | V15: =U15/T15 -> 0.65679864 | Z15: 0.94 | AA15: 0 | AB15: =AA15/Z15 -> 0 | AC15: 34.29 | AD15: 25 | AE15: =AD15/AC15 -> 0.72907553 | BA15: =B15+E15+H15+K15+N15+Q15+T15+W15+Z15+AC15+AF15+AI15+AL15+AO15+AR15+AU15+AX15 -> 366.042 | BB15: =C15+F15+I15+L15+O15+R15+U15+X15+AA15+AD15+AG15+AJ15+AM15+AP15+AS15+AV15+AY15 -> 710.9 | BC15: =BB15/BA15 -> 1.9421269
A16: MAHARASHTRA | B16: 0.09 | C16: 0.1 | D16: =C16/B16 -> 1.1111111 | E16: 11.67 | F16: 209.41 | G16: =F16/E16 -> 17.944302 | H16: 99.5 | I16: 45.6 | J16: =I16/H16 -> 0.45829146 | K16: 9.61 | L16: 136.87 | M16: =L16/K16 -> 14.242456 | N16: 2.05 | O16: 12.69 | P16: =O16/N16 -> 6.1902439 | T16: 0.04 | U16: 0.1 | V16: =U16/T16 -> 2.5 | AL16: 0.03 | AM16: 0.02 | AN16: =AM16/AL16 -> 0.66666667 | AO16: 0.01 | AP16: 0.01 | AQ16: =AP16/AO16 -> 1 | AU16: 5.7 | AV16: 11.4 | AW16: =AV16/AU16 -> 2 | BA16: =B16+E16+H16+K16+N16+Q16+T16+W16+Z16+AC16+AF16+AI16+AL16+AO16+AR16+AU16+AX16 -> 128.7 | BB16: =C16+F16+I16+L16+O16+R16+U16+X16+AA16+AD16+AG16+AJ16+AM16+AP16+AS16+AV16+AY16 -> 416.2 | BC16: =BB16/BA16 -> 3.2338772
A17: MANIPUR | E17: 2.4 | F17: 3.84 | G17: =F17/E17 -> 1.6 | H17: 6.5 | I17: 3.9 | J17: =I17/H17 -> 0.6 | K17: 1.4 | L17: 16.4 | M17: =L17/K17 -> 11.714286 | N17: 0.17 | O17: 0 | P17: =O17/N17 -> 0 | BA17: =B17+E17+H17+K17+N17+Q17+T17+W17+Z17+AC17+AF17+AI17+AL17+AO17+AR17+AU17+AX17 -> 10.47 | BB17: =C17+F17+I17+L17+O17+R17+U17+X17+AA17+AD17+AG17+AJ17+AM17+AP17+AS17+AV17+AY17 -> 24.14 | BC17: =BB17/BA17 -> 2.3056351
A18: MEGHALAYA | B18: 1 | C18: 0.73 | D18: =C18/B18 -> 0.73 | E18: 9.851 | F18: 65.43 | G18: =F18/E18 -> 6.6419653 | H18: 2.25 | I18: 2.08 | J18: =I18/H18 -> 0.92444444 | K18: 2.54 | L18: 15.86 | M18: =L18/K18 -> 6.2440945 | N18: 0.28 | O18: 1.11 | P18: =O18/N18 -> 3.9642857 | T18: 0.01 | U18: 0.05 | V18: =U18/T18 -> 5 | AL18: 2.44 | AM18: 5 | AN18: =AM18/AL18 -> 2.0491803 | BA18: =B18+E18+H18+K18+N18+Q18+T18+W18+Z18+AC18+AF18+AI18+AL18+AO18+AR18+AU18+AX18 -> 18.371 | BB18: =C18+F18+I18+L18+O18+R18+U18+X18+AA18+AD18+AG18+AJ18+AM18+AP18+AS18+AV18+AY18 -> 90.26 | BC18: =BB18/BA18 -> 4.9131784
A19: MIZORAM | B19: 0.07 | C19: 0 | D19: =C19/B19 -> 0 | E19: 8.067 | F19: 31.68 | G19: =F19/E19 -> 3.9271104 | H19: 9.14 | I19: 9.33 | J19: =I19/H19 -> 1.0207877 | K19: 7.2 | L19: 27.82 | M19: =L19/K19 -> 3.8638889 | N19: 0.02 | O19: 0.01 | P19: =O19/N19 -> 0.5 | T19: 0.06 | U19: 0.02 | V19: =U19/T19 -> 0.33333333 | AU19: 0.01 | AV19: 0.03 | AW19: =AV19/AU19 -> 3 | BA19: =B19+E19+H19+K19+N19+Q19+T19+W19+Z19+AC19+AF19+AI19+AL19+AO19+AR19+AU19+AX19 -> 24.567 | BB19: =C19+F19+I19+L19+O19+R19+U19+X19+AA19+AD19+AG19+AJ19+AM19+AP19+AS19+AV19+AY19 -> 68.89 | BC19: =BB19/BA19 -> 2.8041682
A20: NAGALAND | B20: 0.15 | C20: 0.03 | D20: =C20/B20 -> 0.2 | E20: 3.735 | F20: 55.23 | G20: =F20/E20 -> 14.787149 | H20: 6.81 | I20: 50.39 | J20: =I20/H20 -> 7.3994126 | K20: 0.69 | L20: 9.12 | M20: =L20/K20 -> 13.217391 | N20: 0.29 | O20: 2.89 | P20: =O20/N20 -> 9.9655172 | Q20: 3.23 | R20: 1.41 | S20: =R20/Q20 -> 0.43653251 | T20: 0.09 | U20: 0.18 | V20: =U20/T20 -> 2 | BA20: =B20+E20+H20+K20+N20+Q20+T20+W20+Z20+AC20+AF20+AI20+AL20+AO20+AR20+AU20+AX20 -> 14.995 | BB20: =C20+F20+I20+L20+O20+R20+U20+X20+AA20+AD20+AG20+AJ20+AM20+AP20+AS20+AV20+AY20 -> 119.25 | BC20: =BB20/BA20 -> 7.9526509
A21: ODISHA | E21: 15.844 | F21: 35 | G21: =F21/E21 -> 2.2090381 | H21: 75 | I21: 70 | J21: =I21/H21 -> 0.93333333 | K21: 2.48 | L21: 30 | M21: =L21/K21 -> 12.096774 | N21: 10.9 | O21: 35.5 | P21: =O21/N21 -> 3.2568807 | T21: 19.1 | U21: 11 | V21: =U21/T21 -> 0.57591623 | BA21: =B21+E21+H21+K21+N21+Q21+T21+W21+Z21+AC21+AF21+AI21+AL21+AO21+AR21+AU21+AX21 -> 123.324 | BB21: =C21+F21+I21+L21+O21+R21+U21+X21+AA21+AD21+AG21+AJ21+AM21+AP21+AS21+AV21+AY21 -> 181.5 | BC21: =BB21/BA21 -> 1.471733
A22: PUNJAB | H22: 7.5 | I22: 14.08 | J22: =I22/H22 -> 1.8773333 | K22: 0.9 | L22: 3.19 | M22: =L22/K22 -> 3.5444444 | N22: 6.46 | O22: 73.74 | P22: =O22/N22 -> 11.414861 | AC22: 12.46 | AD22: 2.36 | AE22: =AD22/AC22 -> 0.1894061 | AI22: 4.01 | AJ22: 5.51 | AK22: =AJ22/AI22 -> 1.3740648 | BA22: =B22+E22+H22+K22+N22+Q22+T22+W22+Z22+AC22+AF22+AI22+AL22+AO22+AR22+AU22+AX22 -> 31.33 | BB22: =C22+F22+I22+L22+O22+R22+U22+X22+AA22+AD22+AG22+AJ22+AM22+AP22+AS22+AV22+AY22 -> 98.88 | BC22: =BB22/BA22 -> 3.1560804
A23: RAJASTHAN | E23: 0.13 | F23: 0.29 | G23: =F23/E23 -> 2.2307692 | H23: 12.32 | I23: 18.22 | J23: =I23/H23 -> 1.4788961 | K23: 0.14 | L23: 0.37 | M23: =L23/K23 -> 2.6428571 | N23: 69.1 | O23: 377.49 | P23: =O23/N23 -> 5.4629522 | T23: 212.73 | U23: 227.2 | V23: =U23/T23 -> 1.0680205 | W23: 511.08 | X23: 200.85 | Y23: =X23/W23 -> 0.39299131 | Z23: 27.59 | AA23: 30.72 | AB23: =AA23/Z23 -> 1.1134469 | AC23: 157 | AD23: 190.36 | AE23: =AD23/AC23 -> 1.2124841 | AF23: 11.66 | AG23: 4.67 | AH23: =AG23/AF23 -> 0.40051458 | AI23: 12.8 | AJ23: 6 | AK23: =AJ23/AI23 -> 0.46875 | BA23: =B23+E23+H23+K23+N23+Q23+T23+W23+Z23+AC23+AF23+AI23+AL23+AO23+AR23+AU23+AX23 -> 1014.55 | BB23: =C23+F23+I23+L23+O23+R23+U23+X23+AA23+AD23+AG23+AJ23+AM23+AP23+AS23+AV23+AY23 -> 1056.17 | BC23: =BB23/BA23 -> 1.0410231
A24: SIKKIM | E24: 10.03 | F24: 54.99 | G24: =F24/E24 -> 5.4825523 | K24: 1.95 | L24: 5.68 | M24: =L24/K24 -> 2.9128205 | Q24: 17.48 | R24: 4.11 | S24: =R24/Q24 -> 0.23512586 | BA24: =B24+E24+H24+K24+N24+Q24+T24+W24+Z24+AC24+AF24+AI24+AL24+AO24+AR24+AU24+AX24 -> 29.46 | BB24: =C24+F24+I24+L24+O24+R24+U24+X24+AA24+AD24+AG24+AJ24+AM24+AP24+AS24+AV24+AY24 -> 64.78 | BC24: =BB24/BA24 -> 2.1989138
A25: TAMIL NADU | B25: 4.01 | C25: 0.89 | D25: =C25/B25 -> 0.22194514 | E25: 0.312 | F25: 2.18 | G25: =F25/E25 -> 6.9871795 | H25: 44.37 | I25: 19.55 | J25: =I25/H25 -> 0.44061303 | K25: 34.73 | L25: 132.4 | M25: =L25/K25 -> 3.8122661 | N25: 0.48 | O25: 2.72 | P25: =O25/N25 -> 5.6666667 | Q25: 4.03 | R25: 0.36 | S25: =R25/Q25 -> 0.089330025 | T25: 8.31 | U25: 3.8 | V25: =U25/T25 -> 0.45728039 | AR25: 0.96 | AS25: 0.95 | AT25: =AS25/AR25 -> 0.98958333 | AU25: 15.91 | AV25: 49.66 | AW25: =AV25/AU25 -> 3.1213074 | BA25: =B25+E25+H25+K25+N25+Q25+T25+W25+Z25+AC25+AF25+AI25+AL25+AO25+AR25+AU25+AX25 -> 113.112 | BB25: =C25+F25+I25+L25+O25+R25+U25+X25+AA25+AD25+AG25+AJ25+AM25+AP25+AS25+AV25+AY25 -> 212.51 | BC25: =BB25/BA25 -> 1.8787573
A26: TELANGANA | E26: 1.828 | F26: 11.9 | G26: =F26/E26 -> 6.5098468 | H26: 81.6 | I26: 227.61 | J26: =I26/H26 -> 2.7893382 | K26: 42.54 | L26: 184.29 | M26: =L26/K26 -> 4.332158 | N26: 0.29 | O26: 1.01 | P26: =O26/N26 -> 3.4827586 | T26: 1.01 | U26: 0.39 | V26: =U26/T26 -> 0.38613861 | AF26: 1.38 | AG26: 5.72 | AH26: =AG26/AF26 -> 4.1449275 | AU26: 0.24 | AV26: 12.49 | AW26: =AV26/AU26 -> 52.041667 | BA26: =B26+E26+H26+K26+N26+Q26+T26+W26+Z26+AC26+AF26+AI26+AL26+AO26+AR26+AU26+AX26 -> 128.888 | BB26: =C26+F26+I26+L26+O26+R26+U26+X26+AA26+AD26+AG26+AJ26+AM26+AP26+AS26+AV26+AY26 -> 443.41 | BC26: =BB26/BA26 -> 3.4402737
A27: TRIPURA | B27: 0.24 | C27: 0.15 | D27: =C27/B27 -> 0.625 | E27: 1.8 | F27: 7.6 | G27: =F27/E27 -> 4.2222222 | H27: 2.35 | I27: 3.7 | J27: =I27/H27 -> 1.5744681 | K27: 1.3 | L27: 6.59 | M27: =L27/K27 -> 5.0692308 | BA27: =B27+E27+H27+K27+N27+Q27+T27+W27+Z27+AC27+AF27+AI27+AL27+AO27+AR27+AU27+AX27 -> 5.69 | BB27: =C27+F27+I27+L27+O27+R27+U27+X27+AA27+AD27+AG27+AJ27+AM27+AP27+AS27+AV27+AY27 -> 18.04 | BC27: =BB27/BA27 -> 3.1704745
A28: UTTAR PRADESH | E28: 0.944 | F28: 4.35 | G28: =F28/E28 -> 4.6080508 | H28: 13.55 | I28: 10.26 | J28: =I28/H28 -> 0.75719557 | K28: 2 | L28: 6 | M28: =L28/K28 -> 3 | N28: 33.6 | O28: 193.62 | P28: =O28/N28 -> 5.7625 | T28: 7.47 | U28: 2.58 | V28: =U28/T28 -> 0.34538153 | Z28: 0.71 | AA28: 0.67 | AB28: =AA28/Z28 -> 0.94366197 | AC28: 0.32 | AD28: 0.19 | AE28: =AD28/AC28 -> 0.59375 | BA28: =B28+E28+H28+K28+N28+Q28+T28+W28+Z28+AC28+AF28+AI28+AL28+AO28+AR28+AU28+AX28 -> 58.594 | BB28: =C28+F28+I28+L28+O28+R28+U28+X28+AA28+AD28+AG28+AJ28+AM28+AP28+AS28+AV28+AY28 -> 217.67 | BC28: =BB28/BA28 -> 3.7148855
A29: UTTARAKHAND | E29: 2.055 | F29: 19.6 | G29: =F29/E29 -> 9.5377129 | H29: 9 | I29: 7.2 | J29: =I29/H29 -> 0.8 | K29: 0.9 | L29: 1.74 | M29: =L29/K29 -> 1.9333333 | N29: 1.29 | O29: 1.93 | P29: =O29/N29 -> 1.496124 | T29: 0.9 | U29: 3.8 | V29: =U29/T29 -> 4.2222222 | W29: 0 | X29: 0.01 | AC29: 0.4 | AD29: 2.61 | AE29: =AD29/AC29 -> 6.525 | BA29: =B29+E29+H29+K29+N29+Q29+T29+W29+Z29+AC29+AF29+AI29+AL29+AO29+AR29+AU29+AX29 -> 14.545 | BB29: =C29+F29+I29+L29+O29+R29+U29+X29+AA29+AD29+AG29+AJ29+AM29+AP29+AS29+AV29+AY29 -> 36.89 | BC29: =BB29/BA29 -> 2.5362668
A30: WEST BENGAL | B30: 0.26 | C30: 0.06 | D30: =C30/B30 -> 0.23076923 | E30: 11.893 | F30: 129.02 | G30: =F30/E30 -> 10.848398 | H30: 65.12 | I30: 100.34 | J30: =I30/H30 -> 1.5408477 | K30: 16.71 | L30: 42.41 | M30: =L30/K30 -> 2.5380012 | N30: 3.73 | O30: 36.07 | P30: =O30/N30 -> 9.6702413 | Q30: 2.94 | R30: 0.76 | S30: =R30/Q30 -> 0.2585034 | T30: 11.45 | U30: 14.52 | V30: =U30/T30 -> 1.2681223 | W30: 1.46 | X30: 1.45 | Y30: =X30/W30 -> 0.99315068 | Z30: 1.02 | AA30: 1.03 | AB30: =AA30/Z30 -> 1.0098039 | AC30: 2.42 | AD30: 2.64 | AE30: =AD30/AC30 -> 1.0909091 | AI30: 1.25 | AJ30: 1.6 | AK30: =AJ30/AI30 -> 1.28 | BA30: =B30+E30+H30+K30+N30+Q30+T30+W30+Z30+AC30+AF30+AI30+AL30+AO30+AR30+AU30+AX30 -> 118.253 | BB30: =C30+F30+I30+L30+O30+R30+U30+X30+AA30+AD30+AG30+AJ30+AM30+AP30+AS30+AV30+AY30 -> 329.9 | BC30: =BB30/BA30 -> 2.7897812
A31: OTHERS | B31: 1.39 | C31: 0.41 | D31: =C31/B31 -> 0.29496403 | E31: 0.215 | F31: 1.91 | G31: =F31/E31 -> 8.8837209 | H31: 0.4 | I31: 0.64 | J31: =I31/H31 -> 1.6 | K31: 0.081 | L31: 0.471 | M31: =L31/K31 -> 5.8148148 | AL31: 0.15 | AM31: 0.04 | AN31: =AM31/AL31 -> 0.26666667 | AO31: 0.26 | AP31: 0.06 | AQ31: =AP31/AO31 -> 0.23076923 | AR31: 0.16 | AS31: 0.01 | AT31: =AS31/AR31 -> 0.0625 | AU31: 0.06 | AV31: 0.28 | AW31: =AV31/AU31 -> 4.6666667 | BA31: =B31+E31+H31+K31+N31+Q31+T31+W31+Z31+AC31+AF31+AI31+AL31+AO31+AR31+AU31+AX31 -> 2.716 | BB31: =C31+F31+I31+L31+O31+R31+U31+X31+AA31+AD31+AG31+AJ31+AM31+AP31+AS31+AV31+AY31 -> 3.821 | BC31: =BB31/BA31 -> 1.4068483
A32: TOTAL | B32: =SUM(B3:B31) -> 128.59 | C32: =SUM(C3:C31) -> 54.64 | D32: =C32/B32 -> 0.4249164 | E32: =SUM(E3:E31) -> 163.623 | F32: =SUM(F3:F31) -> 1109.18 | G32: =F32/E32 -> 6.7788758 | H32: =SUM(H3:H31) -> 811.14 | I32: =SUM(I3:I31) -> 1520.39 | J32: =I32/H32 -> 1.8743867 | K32: =SUM(K3:K31) -> 185.901 | L32: =SUM(L3:L31) -> 943.301 | M32: =L32/K32 -> 5.0742115 | N32: =SUM(N3:N31) -> 280.95 | O32: =SUM(O3:O31) -> 1617.34 | P32: =O32/N32 -> 5.7566827 | Q32: =SUM(Q3:Q31) -> 85.66 | R32: =SUM(R3:R31) -> 24.07 | S32: =R32/Q32 -> 0.28099463 | T32: =SUM(T3:T31) -> 581.6 | U32: =SUM(U3:U31) -> 584.98 | V32: =U32/T32 -> 1.0058116 | W32: =SUM(W3:W31) -> 808.02 | X32: =SUM(X3:X31) -> 503.27 | Y32: =X32/W32 -> 0.62284349 | Z32: =SUM(Z3:Z31) -> 75.93 | AA32: =SUM(AA3:AA31) -> 129.36 | AB32: =AA32/Z32 -> 1.7036744 | AC32: =SUM(AC3:AC31) -> 219.18 | AD32: =SUM(AD3:AD31) -> 247.14 | AE32: =AD32/AC32 -> 1.1275664 | AF32: =SUM(AF3:AF31) -> 23.71 | AG32: =SUM(AG3:AG31) -> 16.01 | AH32: =AG32/AF32 -> 0.67524251 | AI32: =SUM(AI3:AI31) -> 25.64 | AJ32: =SUM(AJ3:AJ31) -> 23.35 | AK32: =AJ32/AI32 -> 0.91068643 | AL32: =SUM(AL3:AL31) -> 2.76 | AM32: =SUM(AM3:AM31) -> 5.07 | AN32: =AM32/AL32 -> 1.8369565 | AO32: =SUM(AO3:AO31) -> 21.22 | AP32: =SUM(AP3:AP31) -> 14.46 | AQ32: =AP32/AO32 -> 0.68143261 | AR32: =SUM(AR3:AR31) -> 2.31 | AS32: =SUM(AS3:AS31) -> 1.21 | AT32: =AS32/AR32 -> 0.52380952 | AU32: =SUM(AU3:AU31) -> 52.89 | AV32: =SUM(AV3:AV31) -> 194.41 | AW32: =AV32/AU32 -> 3.6757421 | AX32: =SUM(AX3:AX31) -> 4.41 | AY32: =SUM(AY3:AY31) -> 0.29 | AZ32: =AY32/AX32 -> 0.065759637 | BA32: =SUM(BA3:BA31) -> 3473.534 | BB32: =SUM(BB3:BB31) -> 6988.471 | BC32: =BB32/BA32 -> 2.0119196

Sheet spi17-18
A1: STATES/UTs | B1: PEPPER | E1: GINGER | H1: CHILLIES | K1: TURMERIC | N1: GARLIC | Q1: CARDAMOM | T1: CORIANDER | W1: CUMIN | Z1: FENNEL | AC1: FENUGREEK | AF1: AJWAN | AI1: DILL/POPPY/CELERY | AL1: CINNAMON /TEJPATA | AO1: NUTMEG | AR1: CLOVE | AU1: TAMARIND | AX1: SAFFRON /VANILLA | BA1: MINT (MENTHA) | BD1: TOTAL
B2: A | C2: P | D2: Prod. | E2: A | F2: P | G2: Prod. | H2: A | I2: P | J2: Prod. | K2: A | L2: P | M2: Prod. | N2: A | O2: P | P2: Prod. | Q2: A | R2: P | S2: Prod. | T2: A | U2: P | V2: Prod. | W2: A | X2: P | Y2: Prod. | Z2: A | AA2: P | AB2: Prod. | AC2: A | AD2: P | AE2: Prod. | AF2: A | AG2: P | AH2: Prod. | AI2: A | AJ2: P | AK2: Prod. | AL2: A | AM2: P | AN2: Prod. | AO2: A | AP2: P | AQ2: Prod. | AR2: A | AS2: P | AT2: Prod. | AU2: A | AV2: P | AW2: Prod. | AX2: A | AY2: P | AZ2: Prod. | BA2: A | BB2: P | BC2: Prod. | BD2: A | BE2: P | BF2: Prod.
A3: ANDHRA PRADESH | E3: 0.381 | F3: 1.44 | G3: =F3/E3 -> 3.7795276 | H3: 209.347 | I3: 992.9 | J3: =I3/H3 -> 4.7428432 | K3: 19.62 | L3: 79.73 | M3: =L3/K3 -> 4.0637105 | N3: 0.002 | O3: 0 | P3: =O3/N3 -> 0 | T3: 4.303 | U3: 2.369 | V3: =U3/T3 -> 0.55054613 | AF3: 8.324 | AG3: 2.603 | AH3: =AG3/AF3 -> 0.31271024 | AU3: 4.666 | AV3: 20.346 | AW3: =AV3/AU3 -> 4.3604801 | AX3: 0.114 | AY3: 0.04 | AZ3: =AY3/AX3 -> 0.35087719 | BD3: 246.757 | BE3: 1099.428 | BF3: =BE3/BD3 -> 4.4555089
A4: ARUNACHAL PRADESH | E4: 3.936 | F4: 23.57 | G4: =F4/E4 -> 5.988313 | H4: 2.96 | I4: 8.288 | J4: =I4/H4 -> 2.8 | K4: 0.55 | L4: 3.15 | M4: =L4/K4 -> 5.7272727 | N4: 0.03 | O4: 0.007 | P4: =O4/N4 -> 0.23333333 | BD4: 7.476 | BE4: 35.015 | BF4: =BE4/BD4 -> 4.6836544
A5: ASSAM | B5: 3.95 | C5: 2.7 | D5: =C5/B5 -> 0.6835443 | E5: 18.105 | F5: 161.6 | G5: =F5/E5 -> 8.9257111 | H5: 21.704 | I5: 20.607 | J5: =I5/H5 -> 0.94945632 | K5: 16.87 | L5: 20.79 | M5: =L5/K5 -> 1.2323651 | N5: 10.347 | O5: 61.606 | P5: =O5/N5 -> 5.9539963 | T5: 29.651 | U5: 30.51 | V5: =U5/T5 -> 1.0289704 | BD5: 100.627 | BE5: 297.813 | BF5: =BE5/BD5 -> 2.9595735
A6: BIHAR | E6: 0.259 | F6: 2.27 | G6: =F6/E6 -> 8.7644788 | H6: 1.51 | I6: 2.73 | J6: =I6/H6 -> 1.807947 | K6: 2.72 | L6: 2.83 | M6: =L6/K6 -> 1.0404412 | N6: 1.69 | O6: 2.56 | P6: =O6/N6 -> 1.5147929 | T6: 2.08 | U6: 1.86 | V6: =U6/T6 -> 0.89423077 | BD6: 8.259 | BE6: 12.25 | BF6: =BE6/BD6 -> 1.4832304
A7: CHHATTISGARH | E7: 1.933 | F7: 10.96 | G7: =F7/E7 -> 5.6699431 | H7: 4.243 | I7: 1.498 | J7: =I7/H7 -> 0.35305209 | K7: 1.15 | L7: 0.96 | M7: =L7/K7 -> 0.83478261 | N7: 1.231 | O7: 3.45 | P7: =O7/N7 -> 2.8025995 | T7: 2.847 | U7: 0.774 | V7: =U7/T7 -> 0.27186512 | BD7: 11.404 | BE7: 17.642 | BF7: =BE7/BD7 -> 1.5470011
A8: GUJARAT | E8: 4.87 | F8: 108.25 | G8: =F8/E8 -> 22.227926 | H8: 11.348 | I8: 22.072 | J8: =I8/H8 -> 1.9450123 | K8: 4.01 | L8: 15.78 | M8: =L8/K8 -> 3.9351621 | N8: 19.083 | O8: 151.012 | P8: =O8/N8 -> 7.9134308 | T8: 74.998 | U8: 116.812 | V8: =U8/T8 -> 1.5575349 | W8: 382.719 | X8: 384.469 | Y8: =X8/W8 -> 1.0045725 | Z8: 38.13 | AA8: 79.243 | AB8: =AA8/Z8 -> 2.0782324 | AC8: 7.117 | AD8: 13.531 | AE8: =AD8/AC8 -> 1.9012224 | AF8: 7.274 | AG8: 6.991 | AH8: =AG8/AF8 -> 0.96109431 | AI8: 17.43 | AJ8: 19.148 | AK8: =AJ8/AI8 -> 1.0985657 | BD8: 566.979 | BE8: 917.308 | BF8: =BE8/BD8 -> 1.6178871
A9: HARYANA | E9: 0.592 | F9: 4.47 | G9: =F9/E9 -> 7.5506757 | H9: 2.2 | I9: 4 | J9: =I9/H9 -> 1.8181818 | K9: 0.83 | L9: 2.18 | M9: =L9/K9 -> 2.626506 | N9: 5 | O9: 32 | P9: =O9/N9 -> 6.4 | T9: 2.45 | U9: 4.45 | V9: =U9/T9 -> 1.8163265 | Z9: 0.3 | AA9: 0.2 | AB9: =AA9/Z9 -> 0.66666667 | AC9: 5.1 | AD9: 9.15 | AE9: =AD9/AC9 -> 1.7941176 | BD9: 16.472 | BE9: 56.45 | BF9: =BE9/BD9 -> 3.4270277
A10: HIMACHAL PRADESH | E10: 2.505 | F10: 15.95 | G10: =F10/E10 -> 6.3672655 | H10: 0.663 | I10: 0.239 | J10: =I10/H10 -> 0.36048265 | K10: 0.14 | L10: 0.09 | M10: =L10/K10 -> 0.64285714 | N10: 4.948 | O10: 8.487 | P10: =O10/N10 -> 1.7152385 | T10: 0.153 | U10: 0.074 | V10: =U10/T10 -> 0.48366013 | W10: 0.078 | X10: 0.021 | Y10: =X10/W10 -> 0.26923077 | BD10: 8.487 | BE10: 24.861 | BF10: =BE10/BD10 -> 2.9293036
A11: JAMMU & KASHMIR | E11: 0.025 | F11: 0.03 | G11: =F11/E11 -> 1.2 | H11: 0.623 | I11: 0.346 | J11: =I11/H11 -> 0.55537721 | K11: 0.01 | L11: 0.01 | M11: =L11/K11 -> 1 | N11: 0.744 | O11: 0.609 | P11: =O11/N11 -> 0.81854839 | AX11: 3.69 | AY11: 0.01 | AZ11: =AY11/AX11 -> 0.0027100271 | BD11: 5.092 | BE11: 1.005 | BF11: =BE11/BD11 -> 0.19736842
A12: JHARKHAND | BD12: 0 | BE12: 0
A13: KARNATAKA | B13: 37.75 | C13: 22.88 | D13: =C13/B13 -> 0.60609272 | E13: 20.809 | F13: 249.92 | G13: =F13/E13 -> 12.010188 | H13: 127.602 | I13: 260.143 | J13: =I13/H13 -> 2.0387063 | K13: 19.34 | L13: 122.76 | M13: =L13/K13 -> 6.3474664 | N13: 6.534 | O13: 5.42 | P13: =O13/N13 -> 0.82950719 | Q13: 16.682 | R13: 1.757 | S13: =R13/Q13 -> 0.1053231 | T13: 1.778 | U13: 0.77 | V13: =U13/T13 -> 0.43307087 | AC13: 0.5 | AD13: 1 | AE13: =AD13/AC13 -> 2 | AI13: 0.4 | AJ13: 1.75 | AK13: =AJ13/AI13 -> 4.375 | AL13: 0.026 | AM13: 0.005 | AN13: =AM13/AL13 -> 0.19230769 | AO13: 0.3 | AP13: 0.2 | AQ13: =AP13/AO13 -> 0.66666667 | AR13: 0.122 | AS13: 0.17 | AT13: =AS13/AR13 -> 1.3934426 | AU13: 15 | AV13: 70.5 | AW13: =AV13/AU13 -> 4.7 | AX13: 0.69 | AY13: 0.23 | AZ13: =AY13/AX13 -> 0.33333333 | BD13: 247.533 | BE13: 737.505 | BF13: =BE13/BD13 -> 2.9794209
A14: KERALA | B14: 85.14 | C14: 38 | D14: =C14/B14 -> 0.4463237 | E14: 4.37 | F14: 86.27 | G14: =F14/E14 -> 19.741419 | H14: 1.721 | I14: 1.616 | J14: =I14/H14 -> 0.93898896 | K14: 2.78 | L14: 8.82 | M14: =L14/K14 -> 3.1726619 | N14: 0.07 | O14: 0.4 | P14: =O14/N14 -> 5.7142857 | Q14: 39.08 | R14: 18.35 | S14: =R14/Q14 -> 0.46954964 | AL14: 0.11 | AM14: 0 | AN14: =AM14/AL14 -> 0 | AO14: 22.7 | AP14: 14.68 | AQ14: =AP14/AO14 -> 0.64669604 | AR14: 1.02 | AS14: 0.07 | AT14: =AS14/AR14 -> 0.068627451 | AU14: 10.61 | AV14: 36.47 | AW14: =AV14/AU14 -> 3.4373233 | AX14: 0.07 | AY14: 0.04 | AZ14: =AY14/AX14 -> 0.57142857 | BD14: 167.671 | BE14: 204.716 | BF14: =BE14/BD14 -> 1.2209386
A15: MADHYA PRADESH | E15: 23.431 | F15: 377.47 | G15: =F15/E15 -> 16.109854 | H15: 90.981 | I15: 244.554 | J15: =I15/H15 -> 2.6879678 | K15: 11.7 | L15: 41.29 | M15: =L15/K15 -> 3.5290598 | N15: 92.5 | O15: 405 | P15: =O15/N15 -> 4.3783784 | T15: 274.098 | U15: 383.681 | V15: =U15/T15 -> 1.399795 | W15: 0.508 | X15: 0.541 | Y15: =X15/W15 -> 1.0649606 | Z15: 1.472 | AA15: 2.714 | AB15: =AA15/Z15 -> 1.84375 | AC15: 52.145 | AD15: 83.337 | AE15: =AD15/AC15 -> 1.5981782 | AF15: 4.791 | AG15: 4.854 | AH15: =AG15/AF15 -> 1.0131497 | AI15: 0.027 | AJ15: 0.027 | AK15: =AJ15/AI15 -> 1 | AU15: 0.805 | AV15: 7.851 | AW15: =AV15/AU15 -> 9.752795 | BD15: 552.458 | BE15: 1551.319 | BF15: =BE15/BD15 -> 2.8080307
A16: MAHARASHTRA | B16: 0.1 | C16: 0.12 | D16: =C16/B16 -> 1.2 | E16: 9.595 | F16: 140.66 | G16: =F16/E16 -> 14.659719 | H16: 2.34 | I16: 6.2 | J16: =I16/H16 -> 2.6495726 | K16: 15.76 | L16: 38.59 | M16: =L16/K16 -> 2.4486041 | N16: 2.58 | O16: 13.96 | P16: =O16/N16 -> 5.4108527 | T16: 1.93 | U16: 4.39 | V16: =U16/T16 -> 2.2746114 | AC16: 0.88 | AD16: 6.42 | AE16: =AD16/AC16 -> 7.2954545 | AL16: 0.03 | AM16: 0.03 | AN16: =AM16/AL16 -> 1 | AO16: 0.1 | AP16: 0.12 | AQ16: =AP16/AO16 -> 1.2 | AU16: 1.08 | AV16: 8.77 | AW16: =AV16/AU16 -> 8.1203704 | BD16: 34.395 | BE16: 219.26 | BF16: =BE16/BD16 -> 6.3747638
A17: MANIPUR | E17: 2.4 | F17: 17.86 | G17: =F17/E17 -> 7.4416667 | H17: 6.5 | I17: 3.9 | J17: =I17/H17 -> 0.6 | K17: 2.55 | L17: 6.17 | M17: =L17/K17 -> 2.4196078 | N17: 0.17 | O17: 0 | P17: =O17/N17 -> 0 | BD17: 11.62 | BE17: 27.93 | BF17: =BE17/BD17 -> 2.4036145
A18: MEGHALAYA | B18: 1.03 | C18: 0.77 | D18: =C18/B18 -> 0.74757282 | E18: 9.944 | F18: 66.2 | G18: =F18/E18 -> 6.6572808 | H18: 2.32 | I18: 2.35 | J18: =I18/H18 -> 1.012931 | K18: 2.65 | L18: 3.3 | M18: =L18/K18 -> 1.245283 | N18: 0.28 | O18: 1.114 | P18: =O18/N18 -> 3.9785714 | T18: 0.012 | U18: 0.051 | V18: =U18/T18 -> 4.25 | AL18: 2.436 | AM18: 5 | AN18: =AM18/AL18 -> 2.0525452 | BD18: 18.672 | BE18: 78.785 | BF18: =BE18/BD18 -> 4.2194195
A19: MIZORAM | B19: 0.07 | C19: 0.0001 | D19: =C19/B19 -> 0.0014285714 | E19: 8.553 | F19: 60.13 | G19: =F19/E19 -> 7.0302818 | H19: 11.196 | I19: 10.918 | J19: =I19/H19 -> 0.9751697 | K19: 7.738 | L19: 29.82 | M19: =L19/K19 -> 3.853709 | N19: 0.023 | O19: 0.012 | P19: =O19/N19 -> 0.52173913 | T19: 0.07 | U19: 0.02 | V19: =U19/T19 -> 0.28571429 | AI19: 0.001 | AJ19: 0.003 | AK19: =AJ19/AI19 -> 3 | AL19: 0.001 | AM19: 0 | AN19: =AM19/AL19 -> 0 | AU19: 0.01 | AV19: 0.026 | AW19: =AV19/AU19 -> 2.6 | BD19: 27.662 | BE19: 100.9291 | BF19: =BE19/BD19 -> 3.6486552
A20: NAGALAND | B20: 0.13 | C20: 0.03 | D20: =C20/B20 -> 0.23076923 | E20: 4.871 | F20: 48.65 | G20: =F20/E20 -> 9.9876822 | H20: 0.182 | I20: 0.805 | J20: =I20/H20 -> 4.4230769 | K20: 0.71 | L20: 2.04 | M20: =L20/K20 -> 2.8732394 | N20: 0.298 | O20: 3.055 | P20: =O20/N20 -> 10.251678 | Q20: 3.623 | R20: 2.021 | S20: =R20/Q20 -> 0.55782501 | T20: 0.05 | U20: 0.096 | V20: =U20/T20 -> 1.92 | BD20: 9.864 | BE20: 56.697 | BF20: =BE20/BD20 -> 5.747871
A21: ODISHA | E21: 16.575 | F21: 128.02 | G21: =F21/E21 -> 7.7236802 | H21: 71.696 | I21: 69.166 | J21: =I21/H21 -> 0.96471212 | K21: 27.87 | L21: 43.61 | M21: =L21/K21 -> 1.564765 | N21: 10.9 | O21: 35.5 | P21: =O21/N21 -> 3.2568807 | T21: 19.608 | U21: 10.8 | V21: =U21/T21 -> 0.55079559 | BD21: 146.649 | BE21: 287.096 | BF21: =BE21/BD21 -> 1.9577085
A22: PUNJAB | H22: 7.501 | I22: 14.084 | J22: =I22/H22 -> 1.8776163 | K22: 0.9 | L22: 3.19 | M22: =L22/K22 -> 3.5444444 | N22: 6.456 | O22: 73.741 | P22: =O22/N22 -> 11.422088 | AC22: 12.455 | AD22: 2.358 | AE22: =AD22/AC22 -> 0.18932156 | AI22: 4.005 | AJ22: 5.509 | AK22: =AJ22/AI22 -> 1.3755306 | BD22: 31.317 | BE22: 98.882 | BF22: =BE22/BD22 -> 3.1574544
A23: RAJASTHAN | E23: 0.113 | F23: 0.27 | G23: =F23/E23 -> 2.3893805 | H23: 8.063 | I23: 13.343 | J23: =I23/H23 -> 1.6548431 | K23: 0.52 | L23: 0.47 | M23: =L23/K23 -> 0.90384615 | N23: 112.893 | O23: 582.083 | P23: =O23/N23 -> 5.1560593 | T23: 97.797 | U23: 130.197 | V23: =U23/T23 -> 1.3312985 | W23: 581.363 | X23: 302.169 | Y23: =X23/W23 -> 0.5197596 | Z23: 24.366 | AA23: 19.953 | AB23: =AA23/Z23 -> 0.81888697 | AC23: 67.657 | AD23: 81.145 | AE23: =AD23/AC23 -> 1.1993585 | AF23: 13.292 | AG23: 8.737 | AH23: =AG23/AF23 -> 0.65731267 | AI23: 12.8 | AJ23: 6 | AK23: =AJ23/AI23 -> 0.46875 | BD23: 918.864 | BE23: 1144.367 | BF23: =BE23/BD23 -> 1.245415
A24: SIKKIM | E24: 12.3 | F24: 55.9 | G24: =F24/E24 -> 4.5447154 | K24: 1.95 | L24: 5.68 | M24: =L24/K24 -> 2.9128205 | Q24: 18 | R24: 5 | S24: =R24/Q24 -> 0.27777778 | BD24: 32.25 | BE24: 66.58 | BF24: =BE24/BD24 -> 2.0644961
A25: TAMIL NADU | B25: 4.36 | C25: 0.99 | D25: =C25/B25 -> 0.22706422 | E25: 0.38 | F25: 7.43 | G25: =F25/E25 -> 19.552632 | H25: 2.529 | I25: 1.902 | J25: =I25/H25 -> 0.75207592 | K25: 18.08 | L25: 73.13 | M25: =L25/K25 -> 4.0448009 | N25: 0.603 | O25: 3.462 | P25: =O25/N25 -> 5.7412935 | Q25: 3.862 | R25: 0.35 | S25: =R25/Q25 -> 0.090626618 | T25: 0.123 | U25: 0.084 | V25: =U25/T25 -> 0.68292683 | AR25: 0.987 | AS25: 0.974 | AT25: =AS25/AR25 -> 0.98682877 | AU25: 14.19 | AV25: 44.55 | AW25: =AV25/AU25 -> 3.1395349 | BD25: 45.114 | BE25: 132.872 | BF25: =BE25/BD25 -> 2.9452498
A26: TELANGANA | E26: 1.84 | F26: 12.98 | G26: =F26/E26 -> 7.0543478 | H26: 73.777 | I26: 340.804 | J26: =I26/H26 -> 4.61938 | K26: 50.15 | L26: 294.56 | M26: =L26/K26 -> 5.8735793 | N26: 0.189 | O26: 0.265 | P26: =O26/N26 -> 1.4021164 | T26: 1.22 | U26: 1.002 | V26: =U26/T26 -> 0.82131148 | AF26: 1.083 | AG26: 0.859 | AH26: =AG26/AF26 -> 0.79316713 | AU26: 2 | AV26: 12.494 | AW26: =AV26/AU26 -> 6.247 | BD26: 130.259 | BE26: 662.964 | BF26: =BE26/BD26 -> 5.0895831
A27: TRIPURA | B27: 0.29 | C27: 0.3 | D27: =C27/B27 -> 1.0344828 | E27: 1.876 | F27: 15.74 | G27: =F27/E27 -> 8.3901919 | H27: 2.767 | I27: 6.312 | J27: =I27/H27 -> 2.2811709 | K27: 1.66 | L27: 10.08 | M27: =L27/K27 -> 6.0722892 | BD27: 6.593 | BE27: 32.432 | BF27: =BE27/BD27 -> 4.9191567
A28: UTTAR PRADESH | E28: 0.877 | F28: 4.17 | G28: =F28/E28 -> 4.7548461 | H28: 13.64 | I28: 12.58 | J28: =I28/H28 -> 0.92228739 | K28: 2 | L28: 6 | M28: =L28/K28 -> 3 | N28: 35.22 | O28: 188.61 | P28: =O28/N28 -> 5.3551959 | T28: 6.79 | U28: 3.54 | V28: =U28/T28 -> 0.52135493 | W28: 0.002 | X28: 0.005 | Y28: =X28/W28 -> 2.5 | Z28: 0.694 | AA28: 0.76 | AB28: =AA28/Z28 -> 1.0951009 | AC28: 0.328 | AD28: 0.293 | AE28: =AD28/AC28 -> 0.89329268 | BA28: 327.357 | BB28: 32.736 | BC28: =BB28/BA28 -> 0.10000092 | BD28: 386.908 | BE28: 248.694 | BF28: =BE28/BD28 -> 0.64277296
A29: UTTARAKHAND | E29: 2.325 | F29: 25.71 | G29: =F29/E29 -> 11.058065 | H29: 9 | I29: 7.2 | J29: =I29/H29 -> 0.8 | K29: 1.58 | L29: 2.79 | M29: =L29/K29 -> 1.7658228 | N29: 1.49 | O29: 2.167 | P29: =O29/N29 -> 1.4543624 | T29: 0.904 | U29: 3.8 | V29: =U29/T29 -> 4.2035398 | AC29: 0.4 | AD29: 2.61 | AE29: =AD29/AC29 -> 6.525 | BD29: 15.699 | BE29: 44.277 | BF29: =BE29/BD29 -> 2.8203707
A30: WEST BENGAL | B30: 0.27 | C30: 0.07 | D30: =C30/B30 -> 0.25925926 | E30: 12.25 | F30: 133.75 | G30: =F30/E30 -> 10.918367 | H30: 65.123 | I30: 100.338 | J30: =I30/H30 -> 1.540746 | K30: 17.45 | L30: 44.7 | M30: =L30/K30 -> 2.5616046 | N30: 3.7 | O30: 36.1 | P30: =O30/N30 -> 9.7567568 | Q30: 2.955 | R30: 0.76 | S30: =R30/Q30 -> 0.2571912 | T30: 11.46 | U30: 14.555 | V30: =U30/T30 -> 1.2700698 | W30: 1.47 | X30: 1.456 | Y30: =X30/W30 -> 0.99047619 | Z30: 1.015 | AA30: 1.02 | AB30: =AA30/Z30 -> 1.0049261 | AC30: 2.41 | AD30: 2.6 | AE30: =AD30/AC30 -> 1.0788382 | AI30: 1.251 | AJ30: 1.601 | AK30: =AJ30/AI30 -> 1.2797762 | BD30: 119.354 | BE30: 336.95 | BF30: =BE30/BD30 -> 2.8231144
A31: OTHERS | B31: 1.2 | C31: 0.4 | D31: =C31/B31 -> 0.33333333 | E31: 0.16 | F31: 1.9 | G31: =F31/E31 -> 11.875 | H31: 0.07 | I31: 0.33 | J31: =I31/H31 -> 4.7142857 | K31: 0.13 | L31: 0.23 | M31: =L31/K31 -> 1.7692308 | N31: 0 | O31: 0 | AL31: 0.1 | AM31: 0.05 | AN31: =AM31/AL31 -> 0.5 | AO31: 0.276 | AP31: 0.106 | AQ31: =AP31/AO31 -> 0.38405797 | AR31: 0.05 | AS31: 0.005 | AT31: =AS31/AR31 -> 0.1 | AU31: 0.059 | AV31: 0.259 | AW31: =AV31/AU31 -> 4.3898305 | BD31: 2.045 | BE31: 3.28 | BF31: =BE31/BD31 -> 1.603912
A32: TOTAL | B32: 134.29 | C32: 66.2601 | D32: =C32/B32 -> 0.49341053 | E32: 165.275 | F32: 1761.57 | G32: =F32/E32 -> 10.658418 | H32: 751.606 | I32: 2149.225 | J32: =I32/H32 -> 2.8595102 | K32: 231.418 | L32: 862.75 | M32: =L32/K32 -> 3.7281024 | N32: 316.981 | O32: 1610.62 | P32: =O32/N32 -> 5.0811247 | Q32: 84.202 | R32: 28.238 | S32: =R32/Q32 -> 0.33536021 | T32: 532.322 | U32: 709.835 | V32: =U32/T32 -> 1.3334692 | W32: 966.14 | X32: 688.661 | Y32: =X32/W32 -> 0.71279628 | Z32: 65.977 | AA32: 103.89 | AB32: =AA32/Z32 -> 1.5746396 | AC32: 148.992 | AD32: 202.444 | AE32: =AD32/AC32 -> 1.3587575 | AF32: 34.764 | AG32: 24.044 | AH32: =AG32/AF32 -> 0.69163502 | AI32: 35.914 | AJ32: 34.038 | AK32: =AJ32/AI32 -> 0.9477641 | AL32: =SUM(AL13:AL31) -> 2.703 | AM32: 5.085 | AN32: =AM32/AL32 -> 1.8812431 | AO32: 23.376 | AP32: 15.106 | AQ32: =AP32/AO32 -> 0.64621834 | AR32: 2.179 | AS32: 1.219 | AT32: =AS32/AR32 -> 0.55943093 | AU32: 48.42 | AV32: 201.266 | AW32: =AV32/AU32 -> 4.1566708 | AX32: 4.564 | AY32: 0.32 | AZ32: =AY32/AX32 -> 0.070113935 | BA32: 327.357 | BB32: 32.736 | BC32: =BB32/BA32 -> 0.10000092 | BD32: 3876.48 | BE32: 8497.3071 | BF32: =BE32/BD32 -> 2.1920162

Sheet spi18-19
A1: STATES/UTs | B1: PEPPER | E1: GINGER | H1: CHILLIES | K1: TURMERIC | N1: GARLIC | Q1: CARDAMOM | T1: CORIANDER | W1: CUMIN | Z1: FENNEL | AC1: FENUGREEK | AF1: AJWAN | AI1: DILL/POPPY/ CELERY | AL1: CINNAMON /TEJPATA | AO1: NUTMEG | AR1: CLOVE | AU1: TAMARIND | AX1: SAFFRON | BA1: VANILLA | BD1: MINT (MENTHA)* | BG1: TOTAL
B2: A | C2: P | D2: Prod. | E2: A | F2: P | G2: Prod. | H2: A | I2: P | J2: Prod. | K2: A | L2: P | M2: Prod. | N2: A | O2: P | P2: Prod. | Q2: A | R2: P | S2: Prod. | T2: A | U2: P | V2: Prod. | W2: A | X2: P | Y2: Prod. | Z2: A | AA2: P | AB2: Prod. | AC2: A | AD2: P | AE2: Prod. | AF2: A | AG2: P | AH2: Prod. | AI2: A | AJ2: P | AK2: Prod. | AL2: A | AM2: P | AN2: Prod. | AO2: A | AP2: P | AQ2: Prod. | AR2: A | AS2: P | AT2: Prod. | AU2: A | AV2: P | AW2: Prod. | AX2: A | AY2: P | AZ2: Prod. | BA2: A | BB2: P | BC2: Prod. | BD2: A | BE2: P | BF2: Prod. | BG2: A | BH2: P | BI2: Prod.
A3: ANDHRA PRADESH | E3: 0.296 | F3: 2.492 | G3: =F3/E3 -> 8.4189189 | H3: 159 | I3: 630 | J3: =I3/H3 -> 3.9622642 | K3: 20.359 | L3: 85.5 | M3: =L3/K3 -> 4.1996169 | T3: 2.584 | U3: 1.64 | V3: =U3/T3 -> 0.63467492 | AF3: 12.282 | AG3: 3.92 | AH3: =AG3/AF3 -> 0.31916626 | AU3: 4.42 | AV3: 19.02 | AW3: =AV3/AU3 -> 4.3031674 | BA3: 0.11 | BB3: 0.04 | BC3: =BB3/BA3 -> 0.36363636 | BG3: 199.051 | BH3: 742.612 | BI3: =BH3/BG3 -> 3.7307625
A4: ARUNACHAL PRADESH | E4: 4.001 | F4: 23.77 | G4: =F4/E4 -> 5.9410147 | H4: 0.165 | I4: 0.85 | J4: =I4/H4 -> 5.1515152 | K4: 0.521 | L4: 2.98 | M4: =L4/K4 -> 5.7197697 | Q4: 7.41 | R4: 1.87 | S4: =R4/Q4 -> 0.25236167 | BG4: 12.097 | BH4: 29.47 | BI4: =BH4/BG4 -> 2.4361412
A5: ASSAM | B5: 3.39 | C5: 2.47 | D5: =C5/B5 -> 0.72861357 | E5: 17.865 | F5: 166.27 | G5: =F5/E5 -> 9.3070249 | H5: 19.847 | I5: 18.98 | J5: =I5/H5 -> 0.95631582 | K5: 15.896 | L5: 19.4 | M5: =L5/K5 -> 1.2204328 | N5: 10.45 | O5: 62.33 | P5: =O5/N5 -> 5.9645933 | T5: 29.749 | U5: 30.79 | V5: =U5/T5 -> 1.0349928 | BG5: 97.197 | BH5: 300.24 | BI5: =BH5/BG5 -> 3.0889842
A6: BIHAR | E6: 0.452 | F6: 3.897 | G6: =F6/E6 -> 8.6216814 | H6: 1.525 | I6: 2.79 | J6: =I6/H6 -> 1.8295082 | K6: 2.981 | L6: 2.83 | M6: =L6/K6 -> 0.94934586 | N6: 1.78 | O6: 2.68 | P6: =O6/N6 -> 1.505618 | T6: 2.539 | U6: 2.3 | V6: =U6/T6 -> 0.90586845 | BG6: 9.277 | BH6: 14.497 | BI6: =BH6/BG6 -> 1.5626819
A7: CHHATTISGARH | E7: 1.972 | F7: 11.393 | G7: =F7/E7 -> 5.7773834 | H7: 4.285 | I7: 1.528 | J7: =I7/H7 -> 0.35659277 | K7: 1.176 | L7: 1.002 | M7: =L7/K7 -> 0.85204082 | N7: 1.243 | O7: 3.519 | P7: =O7/N7 -> 2.8310539 | T7: 2.904 | U7: 0.805 | V7: =U7/T7 -> 0.27720386 | BG7: 11.58 | BH7: 18.247 | BI7: =BH7/BG7 -> 1.575734
A8: GUJARAT | E8: 5.037 | F8: 110.4 | G8: =F8/E8 -> 21.917808 | H8: 11.335 | I8: 21.44 | J8: =I8/H8 -> 1.8914865 | K8: 4.425 | L8: 17.39 | M8: =L8/K8 -> 3.9299435 | N8: 10.752 | O8: 82.99 | P8: =O8/N8 -> 7.718564 | T8: 30.136 | U8: 45.42 | V8: =U8/T8 -> 1.5071675 | W8: 349.552 | X8: 319.86 | Y8: =X8/W8 -> 0.91505699 | Z8: 56.416 | AA8: 117.34 | AB8: =AA8/Z8 -> 2.0799064 | AC8: 6.529 | AD8: 12.67 | AE8: =AD8/AC8 -> 1.9405728 | AF8: 5.636 | AG8: 5.34 | AH8: =AG8/AF8 -> 0.94748048 | AI8: 10.909 | AJ8: 14.31 | AK8: =AJ8/AI8 -> 1.3117609 | BG8: 490.727 | BH8: 747.16 | BI8: =BH8/BG8 -> 1.5225573
A9: HARYANA | E9: 0.092 | F9: 0.72 | G9: =F9/E9 -> 7.826087 | H9: 2.222 | I9: 4.08 | J9: =I9/H9 -> 1.8361836 | K9: 0.921 | L9: 2.2 | M9: =L9/K9 -> 2.3887079 | N9: 3.293 | O9: 42.64 | P9: =O9/N9 -> 12.948679 | T9: 2.284 | U9: 5.91 | V9: =U9/T9 -> 2.5875657 | Z9: 0.077 | AA9: 0.12 | AB9: =AA9/Z9 -> 1.5584416 | AC9: 2.23 | AD9: 9.22 | AE9: =AD9/AC9 -> 4.1345291 | BG9: 11.119 | BH9: 64.89 | BI9: =BH9/BG9 -> 5.8359565
A10: HIMACHAL PRADESH | E10: 2.223 | F10: 8.94 | G10: =F10/E10 -> 4.0215924 | H10: 0.578 | I10: 0.2 | J10: =I10/H10 -> 0.34602076 | K10: 0.274 | L10: 0.03 | M10: =L10/K10 -> 0.10948905 | N10: 3.596 | O10: 1.42 | P10: =O10/N10 -> 0.3948832 | T10: 0.128 | U10: 0.03 | V10: =U10/T10 -> 0.234375 | W10: 0.08 | X10: 0.02 | Y10: =X10/W10 -> 0.25 | BG10: 6.879 | BH10: 10.64 | BI10: =BH10/BG10 -> 1.5467364
A11: JAMMU & KASHMIR | E11: 0.019 | F11: 0.05 | G11: =F11/E11 -> 2.6315789 | H11: 0.63 | I11: 0.52 | J11: =I11/H11 -> 0.82539683 | K11: 0.01 | L11: 0.01 | M11: =L11/K11 -> 1 | N11: 0.68 | O11: 0.55 | P11: =O11/N11 -> 0.80882353 | AX11: 3.45 | AY11: 0.004 | AZ11: =AY11/AX11 -> 0.0011594203 | BG11: 4.789 | BH11: 1.134 | BI11: =BH11/BG11 -> 0.23679265
A12: JHARKHAND | BG12: 0 | BH12: 0
A13: KARNATAKA | B13: 148.379 | C13: 94.142 | D13: =C13/B13 -> 0.63446984 | E13: 15.858 | F13: 244.07 | G13: =F13/E13 -> 15.39097 | H13: 157.587 | I13: 194.76 | J13: =I13/H13 -> 1.2358887 | K13: 26.579 | L13: 153.77 | M13: =L13/K13 -> 5.7853945 | N13: 4.006 | O13: 26.55 | P13: =O13/N13 -> 6.6275587 | Q13: 1.8 | R13: 0.21 | S13: =R13/Q13 -> 0.11666667 | T13: 2.918 | U13: 2.61 | V13: =U13/T13 -> 0.89444825 | AC13: 0.631 | AD13: 3.58 | AE13: =AD13/AC13 -> 5.6735341 | AI13: 0.259 | AJ13: 1.19 | AK13: =AJ13/AI13 -> 4.5945946 | AL13: 0.033 | AM13: 0.01 | AN13: =AM13/AL13 -> 0.3030303 | AO13: 0.716 | AP13: 0.64 | AQ13: =AP13/AO13 -> 0.89385475 | AR13: 0.225 | AS13: 0.17 | AT13: =AS13/AR13 -> 0.75555556 | AU13: 12.173 | AV13: 58 | AW13: =AV13/AU13 -> 4.7646431 | BA13: 0.2 | BB13: 0.06 | BC13: =BB13/BA13 -> 0.3 | BG13: 371.364 | BH13: 779.762 | BI13: =BH13/BG13 -> 2.0997243
A14: KERALA | B14: 82.76 | C14: 36.78 | D14: =C14/B14 -> 0.44441759 | E14: 3.275 | F14: 70.33 | G14: =F14/E14 -> 21.474809 | K14: 2.484 | L14: 6.694 | M14: =L14/K14 -> 2.694847 | N14: 0.07 | O14: 0.35 | P14: =O14/N14 -> 5 | Q14: 38.88 | R14: 11.54 | S14: =R14/Q14 -> 0.2968107 | AL14: 0.108 | AM14: 0.02 | AN14: =AM14/AL14 -> 0.18518519 | AO14: 22.77 | AP14: 14.6 | AQ14: =AP14/AO14 -> 0.64119455 | AR14: 1.035 | AS14: 0.06 | AT14: =AS14/AR14 -> 0.057971014 | AU14: 9.984 | AV14: 37.92 | AW14: =AV14/AU14 -> 3.7980769 | BA14: 0.05 | BB14: 0.04 | BC14: =BB14/BA14 -> 0.8 | BG14: 161.416 | BH14: 178.334 | BI14: =BH14/BG14 -> 1.1048099
A15: MADHYA PRADESH | E15: 24.718 | F15: 412.75 | G15: =F15/E15 -> 16.698357 | H15: 87.651 | I15: 217.74 | J15: =I15/H15 -> 2.4841702 | K15: 12.62 | L15: 44.82 | M15: =L15/K15 -> 3.5515055 | N15: 178.33 | O15: 1821.27 | P15: =O15/N15 -> 10.21292 | T15: 278.675 | U15: 370.33 | V15: =U15/T15 -> 1.3288957 | W15: 0.491 | X15: 0.52 | Y15: =X15/W15 -> 1.0590631 | Z15: 1.488 | AA15: 2.76 | AB15: =AA15/Z15 -> 1.8548387 | AC15: 50.491 | AD15: 88.46 | AE15: =AD15/AC15 -> 1.7519954 | AF15: 4.852 | AG15: 4.91 | AH15: =AG15/AF15 -> 1.0119538 | AI15: 0.026 | AJ15: 0.03 | AK15: =AJ15/AI15 -> 1.1538462 | AU15: 0.805 | AV15: 7.85 | AW15: =AV15/AU15 -> 9.7515528 | BG15: 640.147 | BH15: 2971.44 | BI15: =BH15/BG15 -> 4.6418088
A16: MAHARASHTRA | B16: 1.33 | C16: 0.67 | D16: =C16/B16 -> 0.5037594 | E16: 8.105 | F16: 115.51 | G16: =F16/E16 -> 14.251696 | H16: 5.564 | I16: 13.69 | J16: =I16/H16 -> 2.4604601 | K16: 17.224 | L16: 38.31 | M16: =L16/K16 -> 2.224222 | N16: 2.659 | O16: 13.72 | P16: =O16/N16 -> 5.1598345 | T16: 1.696 | U16: 4.47 | V16: =U16/T16 -> 2.6356132 | AC16: 0.789 | AD16: 5.79 | AE16: =AD16/AC16 -> 7.338403 | AL16: 0.026 | AM16: 0.03 | AN16: =AM16/AL16 -> 1.1538462 | AO16: 0.097 | AP16: 0.12 | AQ16: =AP16/AO16 -> 1.2371134 | AU16: 0.699 | AV16: 4.22 | AW16: =AV16/AU16 -> 6.037196 | BG16: 38.189 | BH16: 196.53 | BI16: =BH16/BG16 -> 5.1462463
A17: MANIPUR | E17: 2.448 | F17: 18.57 | G17: =F17/E17 -> 7.5857843 | H17: 6.565 | I17: 3.98 | J17: =I17/H17 -> 0.60624524 | K17: 2.504 | L17: 6.07 | M17: =L17/K17 -> 2.4241214 | T17: 0.01 | U17: 0.01 | V17: =U17/T17 -> 1 | BG17: 11.527 | BH17: 28.63 | BI17: =BH17/BG17 -> 2.4837338
A18: MEGHALAYA | B18: 1.04 | C18: 0.78 | D18: =C18/B18 -> 0.75 | E18: 9.953 | F18: 66.27 | G18: =F18/E18 -> 6.658294 | K18: 2.66 | L18: 3.31 | M18: =L18/K18 -> 1.2443609 | AL18: 2 | AM18: 5 | AN18: =AM18/AL18 -> 2.5 | BG18: 15.653 | BH18: 75.36 | BI18: =BH18/BG18 -> 4.8144126
A19: MIZORAM | B19: 0.07 | C19: 0 | D19: =C19/B19 -> 0 | E19: 8.553 | F19: 60.13 | G19: =F19/E19 -> 7.0302818 | H19: 11.2 | I19: 10.92 | J19: =I19/H19 -> 0.975 | K19: 7.74 | L19: 29.82 | M19: =L19/K19 -> 3.8527132 | N19: 0.02 | O19: 0.01 | P19: =O19/N19 -> 0.5 | T19: 0.07 | U19: 0.02 | V19: =U19/T19 -> 0.28571429 | AU19: 0.01 | AV19: 0.03 | AW19: =AV19/AU19 -> 3 | BG19: 27.663 | BH19: 100.93 | BI19: =BH19/BG19 -> 3.6485558
A20: NAGALAND | B20: 0.12 | C20: 0.03 | D20: =C20/B20 -> 0.25 | E20: 4.749 | F20: 35.63 | G20: =F20/E20 -> 7.5026321 | H20: 1.372 | I20: 1.798 | J20: =I20/H20 -> 1.3104956 | K20: 0.676 | L20: 1.86 | M20: =L20/K20 -> 2.7514793 | N20: 0.295 | O20: 2.389 | P20: =O20/N20 -> 8.0983051 | Q20: 4.09 | R20: 2.3 | S20: =R20/Q20 -> 0.56234719 | T20: 0.051 | U20: 0.1 | V20: =U20/T20 -> 1.9607843 | AL20: 0.01 | AM20: 0 | AN20: =AM20/AL20 -> 0 | BG20: 11.363 | BH20: 44.107 | BI20: =BH20/BG20 -> 3.8816334
A21: ODISHA | E21: 16.575 | F21: 128.02 | G21: =F21/E21 -> 7.7236802 | H21: 71.7 | I21: 69.28 | J21: =I21/H21 -> 0.96624826 | K21: 27.869 | L21: 43.61 | M21: =L21/K21 -> 1.5648211 | N21: 12.441 | O21: 45.48 | P21: =O21/N21 -> 3.6556547 | T21: 19.61 | U21: 10.86 | V21: =U21/T21 -> 0.55379908 | BG21: 148.195 | BH21: 297.25 | BI21: =BH21/BG21 -> 2.0058032
A22: PUNJAB | H22: 0.779 | I22: 1.82 | J22: =I22/H22 -> 2.3363286 | K22: 0.945 | L22: 3.45 | M22: =L22/K22 -> 3.6507937 | N22: 7.367 | O22: 104.91 | P22: =O22/N22 -> 14.240532 | AC22: 12.704 | AD22: 2.45 | AE22: =AD22/AC22 -> 0.19285264 | AI22: 4.519 | AJ22: 6.41 | AK22: =AJ22/AI22 -> 1.4184554 | BG22: 26.314 | BH22: 119.04 | BI22: =BH22/BG22 -> 4.5238276
A23: RAJASTHAN | E23: 0.138 | F23: 0.46 | G23: =F23/E23 -> 3.3333333 | H23: 8.22 | I23: 13.87 | J23: =I23/H23 -> 1.6873479 | K23: 0.19 | L23: 0.45 | M23: =L23/K23 -> 2.3684211 | N23: 74.83 | O23: 415.48 | P23: =O23/N23 -> 5.5523186 | T23: 68.78 | U23: 89.31 | V23: =U23/T23 -> 1.2984879 | W23: 676.24 | X23: 378.65 | Y23: =X23/W23 -> 0.55993434 | Z23: 30.68 | AA23: 35.29 | AB23: =AA23/Z23 -> 1.1502608 | AC23: 45.31 | AD23: 62.89 | AE23: =AD23/AC23 -> 1.3879938 | AF23: 11.27 | AG23: 7.67 | AH23: =AG23/AF23 -> 0.68056788 | AI23: 12.8 | AJ23: 6 | AK23: =AJ23/AI23 -> 0.46875 | BG23: 928.458 | BH23: 1010.07 | BI23: =BH23/BG23 -> 1.0879006
A24: SIKKIM | E24: 15.637 | F24: 85.14 | G24: =F24/E24 -> 5.4447784 | K24: 5.17 | L24: 15.9 | M24: =L24/K24 -> 3.0754352 | Q24: 21.8 | R24: 5.23 | S24: =R24/Q24 -> 0.23990826 | BG24: 42.607 | BH24: 106.27 | BI24: =BH24/BG24 -> 2.4941911
A25: TAMIL NADU | B25: 5.638 | C25: 1.246 | D25: =C25/B25 -> 0.22100035 | E25: 0.309 | F25: 6.12 | G25: =F25/E25 -> 19.805825 | H25: 46.87 | I25: 20.1 | J25: =I25/H25 -> 0.42884574 | K25: 23.46 | L25: 79.84 | M25: =L25/K25 -> 3.4032396 | N25: 1.67 | O25: 9.58 | P25: =O25/N25 -> 5.7365269 | Q25: 3.82 | R25: 0.35 | S25: =R25/Q25 -> 0.091623037 | T25: 6.59 | U25: 3.78 | V25: =U25/T25 -> 0.57359636 | AR25: 1.02 | AS25: 0.99 | AT25: =AS25/AR25 -> 0.97058824 | AU25: 15.5 | AV25: 48.59 | AW25: =AV25/AU25 -> 3.1348387 | BG25: 104.877 | BH25: 170.596 | BI25: =BH25/BG25 -> 1.6266293
A26: TELANGANA | E26: 1.623 | F26: 11.22 | G26: =F26/E26 -> 6.9131238 | H26: 82.52 | I26: 369.02 | J26: =I26/H26 -> 4.4718856 | K26: 53.1 | L26: 345.27 | M26: =L26/K26 -> 6.5022599 | N26: 0.086 | O26: 0.22 | P26: =O26/N26 -> 2.5581395 | T26: 1.012 | U26: 1.01 | V26: =U26/T26 -> 0.99802372 | AF26: 0.87 | AG26: 0.56 | AH26: =AG26/AF26 -> 0.64367816 | AU26: 2.04 | AV26: 12.99 | AW26: =AV26/AU26 -> 6.3676471 | BG26: 141.251 | BH26: 740.29 | BI26: =BH26/BG26 -> 5.240954
A27: TRIPURA | B27: 0.29 | C27: 0.3 | D27: =C27/B27 -> 1.0344828 | E27: 1.855 | F27: 15.58 | G27: =F27/E27 -> 8.3989218 | H27: 2.8 | I27: 6.38 | J27: =I27/H27 -> 2.2785714 | K27: 1.66 | L27: 2.02 | M27: =L27/K27 -> 1.2168675 | BG27: 6.605 | BH27: 24.28 | BI27: =BH27/BG27 -> 3.676003
A28: UTTAR PRADESH | E28: 0.884 | F28: 4.549 | G28: =F28/E28 -> 5.1459276 | H28: 29.531 | I28: 23.95 | J28: =I28/H28 -> 0.81101216 | K28: 1.948 | L28: 5.651 | M28: =L28/K28 -> 2.900924 | N28: 38.513 | O28: 225.69 | P28: =O28/N28 -> 5.8600992 | T28: 7.185 | U28: 3.94 | V28: =U28/T28 -> 0.54836465 | W28: 0.002 | X28: 0.01 | Y28: =X28/W28 -> 5 | Z28: 0.786 | AA28: 0.73 | AB28: =AA28/Z28 -> 0.92875318 | AC28: 0.425 | AD28: 0.24 | AE28: =AD28/AC28 -> 0.56470588 | BD28: 333.9 | BE28: 34.05 | BF28: =BE28/BD28 -> 0.10197664 | BG28: 413.174 | BH28: 298.81 | BI28: =BH28/BG28 -> 0.7232062
A29: UTTARAKHAND | E29: 4.911 | F29: 48.468 | G29: =F29/E29 -> 9.8692731 | H29: 2.803 | I29: 9.47 | J29: =I29/H29 -> 3.378523 | K29: 1.722 | L29: 2.84 | M29: =L29/K29 -> 1.6492451 | N29: 1.997 | O29: 11.05 | P29: =O29/N29 -> 5.5332999 | T29: 1.434 | U29: 4.06 | V29: =U29/T29 -> 2.8312413 | AC29: 0.661 | AD29: 3.7 | AE29: =AD29/AC29 -> 5.5975794 | BG29: 13.528 | BH29: 79.588 | BI29: =BH29/BG29 -> 5.8832052
A30: WEST BENGAL | B30: 0.32 | C30: 0.55 | D30: =C30/B30 -> 1.71875 | E30: 12.418 | F30: 135.56 | G30: =F30/E30 -> 10.916412 | H30: 65.552 | I30: 105.75 | J30: =I30/H30 -> 1.6132231 | K30: 17.747 | L30: 45.46 | M30: =L30/K30 -> 2.5615597 | N30: 3.88 | O30: 37.07 | P30: =O30/N30 -> 9.5541237 | Q30: 3.31 | R30: 1.07 | S30: =R30/Q30 -> 0.32326284 | T30: 11.803 | U30: 15.06 | V30: =U30/T30 -> 1.2759468 | W30: 0.347 | X30: 0.39 | Y30: =X30/W30 -> 1.1239193 | Z30: 0.792 | AA30: 0.81 | AB30: =AA30/Z30 -> 1.0227273 | AC30: 2.45 | AD30: 2.75 | AE30: =AD30/AC30 -> 1.122449 | AI30: 1.276 | AJ30: 1.67 | AK30: =AJ30/AI30 -> 1.3087774 | BG30: 119.895 | BH30: 346.14 | BI30: =BH30/BG30 -> 2.8870261
A31: OTHERS | B31: 1.26 | C31: 0.43 | D31: =C31/B31 -> 0.34126984 | E31: 0.163 | F31: 1.9 | G31: =F31/E31 -> 11.656442 | H31: 0.071 | I31: 0.39 | J31: =I31/H31 -> 5.4929577 | K31: 0.123 | L31: 0.238 | M31: =L31/K31 -> 1.9349593 | N31: 0 | O31: 0 | Q31: 0 | R31: 0 | T31: 0 | U31: 0 | W31: 0 | X31: 0 | Z31: 0 | AA31: 0 | AC31: 0 | AD31: 0 | AF31: 0 | AG31: 0 | AI31: 0 | AJ31: 0 | AL31: 0.102 | AM31: 0.05 | AN31: =AM31/AL31 -> 0.49019608 | AO31: 0.257 | AP31: 0.11 | AQ31: =AP31/AO31 -> 0.42801556 | AR31: 0.051 | AS31: 0.01 | AT31: =AS31/AR31 -> 0.19607843 | AU31: 0.057 | AV31: 0.3 | AW31: =AV31/AU31 -> 5.2631579 | AX31: 0 | AY31: 0 | BD31: 0 | BE31: 0 | BG31: 2.084 | BH31: 3.428 | BI31: =BH31/BG31 -> 1.6449136
A32: TOTAL | B32: 244.597 | C32: 137.398 | D32: =C32/B32 -> 0.56173216 | E32: 164.129 | F32: 1788.209 | G32: =F32/E32 -> 10.895143 | H32: 780.372 | I32: 1743.306 | J32: =I32/H32 -> 2.2339423 | K32: 252.984 | L32: 960.725 | M32: =L32/K32 -> 3.7975722 | N32: 357.958 | O32: 2909.898 | P32: =O32/N32 -> 8.1291604 | Q32: 81.11 | R32: =SUM(R4:R31) -> 22.57 | S32: =R32/Q32 -> 0.27826409 | T32: 470.158 | U32: 592.455 | V32: =U32/T32 -> 1.2601189 | W32: 1026.712 | X32: 699.45 | Y32: =X32/W32 -> 0.68125239 | Z32: 90.239 | AA32: 157.05 | AB32: =AA32/Z32 -> 1.7403783 | AC32: 122.22 | AD32: 191.75 | AE32: =AD32/AC32 -> 1.5688922 | AF32: 34.91 | AG32: 22.4 | AH32: =AG32/AF32 -> 0.64164996 | AI32: 29.789 | AJ32: 29.61 | AK32: =AJ32/AI32 -> 0.99399107 | AL32: 2.279 | AM32: 5.11 | AN32: =AM32/AL32 -> 2.2422115 | AO32: 23.84 | AP32: 15.47 | AQ32: =AP32/AO32 -> 0.6489094 | AR32: 2.331 | AS32: 1.23 | AT32: =AS32/AR32 -> 0.52767053 | AU32: 45.688 | AV32: 188.92 | AW32: =AV32/AU32 -> 4.1350026 | AX32: 3.45 | AY32: 0.004 | AZ32: =AY32/AX32 -> 0.0011594203 | BA32: 0.36 | BB32: 0.14 | BC32: =BB32/BA32 -> 0.38888889 | BD32: 333.9 | BE32: 34.05 | BF32: =BE32/BD32 -> 0.10197664 | BG32: 4067.026 | BH32: 9499.745 | BI32: =BH32/BG32 -> 2.3357965
AY34: =BA32+AX32 -> 3.81

Sheet spi19-20
A1: STATES/UTs | B1: PEPPER | E1: GINGER | H1: CHILLIES | K1: TURMERIC | N1: GARLIC | Q1: CARDAMOM | T1: CORIANDER | W1: CUMIN | Z1: FENNEL | AC1: FENUGREEK | AF1: AJWAN | AI1: DILL/POPPY/ CELERY | AL1: CINNAMON /TEJPATA | AO1: NUTMEG | AR1: CLOVE | AU1: TAMARIND | AX1: SAFFRON/ | BA1: VANILLA | BD1: MINT (MENTHA)* | BG1: TOTAL
B2: A | C2: P | D2: Prod. | E2: A | F2: P | G2: Prod. | H2: A | I2: P | J2: Prod. | K2: A | L2: P | M2: Prod. | N2: A | O2: P | P2: Prod. | Q2: A | R2: P | S2: Prod. | T2: A | U2: P | V2: Prod. | W2: A | X2: P | Y2: Prod. | Z2: A | AA2: P | AB2: Prod. | AC2: A | AD2: P | AE2: Prod. | AF2: A | AG2: P | AH2: Prod. | AI2: A | AJ2: P | AK2: Prod. | AL2: A | AM2: P | AN2: Prod. | AO2: A | AP2: P | AQ2: Prod. | AR2: A | AS2: P | AT2: Prod. | AU2: A | AV2: P | AW2: Prod. | AX2: A | AY2: P | AZ2: Prod. | BA2: A | BB2: P | BC2: Prod. | BD2: A | BE2: P | BF2: Prod. | BG2: A | BH2: P | BI2: Prod.
A3: ANDHRA PRADESH | B3: 0.432 | C3: 0.25 | D3: =C3/B3 -> 0.5787037 | E3: 0.294 | F3: 2.9295 | G3: =F3/E3 -> 9.9642857 | H3: 153.082 | I3: 805.026 | J3: =I3/H3 -> 5.2587894 | K3: 29.717 | L3: 71.3208 | M3: =L3/K3 -> 2.4 | T3: 1.119 | U3: 0.553 | V3: =U3/T3 -> 0.49419124 | AF3: 10.992 | AG3: 2.906 | AH3: =AG3/AF3 -> 0.26437409 | AU3: 4.497 | AV3: 13.196 | AW3: =AV3/AU3 -> 2.9344007 | BG3: 200.133 | BH3: 896.1813 | BI3: =BH3/BG3 -> 4.4779287
A4: ARUNACHAL PRADESH | E4: 4.001 | F4: 23.76554 | G4: =F4/E4 -> 5.9399 | H4: 0.16475 | I4: 0.85084 | J4: =I4/H4 -> 5.164431 | K4: 0.52054 | L4: 2.97666 | M4: =L4/K4 -> 5.7184078 | N4: 0.02 | O4: 0.005 | P4: =O4/N4 -> 0.25 | Q4: 10.909 | R4: 1.614 | S4: =R4/Q4 -> 0.14795123 | BG4: 15.61529 | BH4: 29.21204 | BI4: =BH4/BG4 -> 1.8707331
A5: ASSAM | B5: 4.067 | C5: 2.89905 | D5: =C5/B5 -> 0.71282272 | E5: 19.351 | F5: 183.157 | G5: =F5/E5 -> 9.4649889 | H5: 22.359 | I5: 21.867 | J5: =I5/H5 -> 0.97799544 | K5: 17.629 | L5: 22.829 | M5: =L5/K5 -> 1.2949685 | N5: 10.659 | O5: 67.418 | P5: =O5/N5 -> 6.3249836 | T5: 30.548 | U5: 32.839 | V5: =U5/T5 -> 1.0749967 | BG5: 104.613 | BH5: 331.00905 | BI5: =BH5/BG5 -> 3.1641292
A6: BIHAR | E6: 0.381 | F6: 3.283 | G6: =F6/E6 -> 8.6167979 | H6: 2.196 | I6: 4.713 | J6: =I6/H6 -> 2.1461749 | K6: 2.834 | L6: 2.889 | M6: =L6/K6 -> 1.0194072 | N6: 1.65 | O6: 2.452 | P6: =O6/N6 -> 1.4860606 | T6: 2.229 | U6: 2.01 | V6: =U6/T6 -> 0.90174966 | BG6: 9.29 | BH6: 15.347 | BI6: =BH6/BG6 -> 1.6519914
A7: CHHATTISGARH | E7: 2.064 | F7: 8.723 | G7: =F7/E7 -> 4.2262597 | H7: 5.415 | I7: 3.249 | J7: =I7/H7 -> 0.6 | K7: 1.443 | L7: 1.157 | M7: =L7/K7 -> 0.8018018 | N7: 1.573 | O7: 1.681 | P7: =O7/N7 -> 1.0686586 | T7: 3.019 | U7: 0.905 | V7: =U7/T7 -> 0.29976814 | BG7: 13.514 | BH7: 15.715 | BI7: =BH7/BG7 -> 1.1628681
A8: GUJARAT | E8: 5.038 | F8: 113.223 | G8: =F8/E8 -> 22.473799 | H8: 11.299 | I8: 18.905 | J8: =I8/H8 -> 1.6731569 | K8: 4.57 | L8: 18.1806 | M8: =L8/K8 -> 3.9782495 | N8: 12.18 | O8: 94.555 | P8: =O8/N8 -> 7.7631363 | T8: 86.175 | U8: 129.149 | V8: =U8/T8 -> 1.4986829 | W8: 494.238 | X8: 481.556 | Y8: =X8/W8 -> 0.9743403 | Z8: 52.802 | AA8: 109.026 | AB8: =AA8/Z8 -> 2.0648082 | AC8: 7.326 | AD8: 14.173 | AE8: =AD8/AC8 -> 1.9346164 | AF8: 10.331 | AG8: 10.599 | AH8: =AG8/AF8 -> 1.0259413 | AI8: 15.102 | AJ8: 20.56 | AK8: =AJ8/AI8 -> 1.3614091 | BG8: 699.061 | BH8: 1009.9266 | BI8: =BH8/BG8 -> 1.4446902
A9: HARYANA | E9: 0.074 | F9: 0.623 | G9: =F9/E9 -> 8.4189189 | H9: 2.207 | I9: 4.027 | J9: =I9/H9 -> 1.8246488 | K9: 1.753 | L9: 4.0608 | M9: =L9/K9 -> 2.316486 | N9: 3.096 | O9: 41.622 | P9: =O9/N9 -> 13.443798 | T9: 2.164 | U9: 6.291 | V9: =U9/T9 -> 2.9071165 | Z9: 0.219 | AA9: 0.737 | AB9: =AA9/Z9 -> 3.3652968 | AC9: 2.083 | AD9: 8.345 | AE9: =AD9/AC9 -> 4.006241 | BG9: 11.596 | BH9: 65.7058 | BI9: =BH9/BG9 -> 5.666247
A10: HIMACHAL PRADESH | E10: 2.264 | F10: 10.675 | G10: =F10/E10 -> 4.715106 | H10: 0.583 | I10: 0.276 | J10: =I10/H10 -> 0.47341338 | K10: 0.285 | L10: 0.197 | M10: =L10/K10 -> 0.69122807 | N10: 3.943 | O10: 2.575 | P10: =O10/N10 -> 0.65305605 | T10: 0.13 | U10: 0.066 | V10: =U10/T10 -> 0.50769231 | W10: 0.08 | X10: 0.02 | Y10: =X10/W10 -> 0.25 | BG10: 7.285 | BH10: 13.809 | BI10: =BH10/BG10 -> 1.8955388
A11: JAMMU & KASHMIR | E11: 0.019 | F11: 0.0371 | G11: =F11/E11 -> 1.9526316 | H11: 0.69 | I11: 0.5561 | J11: =I11/H11 -> 0.80594203 | K11: 0.004 | L11: 0.004 | M11: =L11/K11 -> 1 | N11: 0.662 | O11: 0.5334 | P11: =O11/N11 -> 0.80574018 | AX11: 3.523 | AY11: 0.004 | AZ11: =AY11/AX11 -> 0.001135396 | BG11: 4.898 | BH11: 1.1346 | BI11: =BH11/BG11 -> 0.23164557
A12: JHARKHAND | BG12: 0 | BH12: 0
A13: KARNATAKA | B13: 160.774 | C13: 63.0275 | D13: =C13/B13 -> 0.39202545 | E13: 22.388 | F13: 234.1714 | G13: =F13/E13 -> 10.459684 | H13: 74.078 | I13: 129.238 | J13: =I13/H13 -> 1.7446205 | K13: 20.74 | L13: 132.668 | M13: =L13/K13 -> 6.3967213 | N13: 1.706 | O13: 8.741 | P13: =O13/N13 -> 5.1236811 | Q13: 1.939 | R13: 0.301 | S13: =R13/Q13 -> 0.15523466 | T13: 0.608 | U13: 0.3 | V13: =U13/T13 -> 0.49342105 | AC13: 0.587 | AD13: 2.721 | AE13: =AD13/AC13 -> 4.6354344 | AI13: 0.306 | AJ13: 1.375 | AK13: =AJ13/AI13 -> 4.4934641 | AL13: 0.031 | AM13: 0.006 | AN13: =AM13/AL13 -> 0.19354839 | AO13: 0.716 | AP13: 0.494 | AQ13: =AP13/AO13 -> 0.68994413 | AR13: 0.099 | AS13: 0.168 | AT13: =AS13/AR13 -> 1.6969697 | AU13: 13.116 | AV13: 62.167 | AW13: =AV13/AU13 -> 4.7397835 | BA13: 0.2 | BB13: 0.06 | BC13: =BB13/BA13 -> 0.3 | BG13: 297.288 | BH13: 635.4379 | BI13: =BH13/BG13 -> 2.1374489
A14: KERALA | B14: 82.53683 | C14: 37.24747 | D14: =C14/B14 -> 0.45128302 | E14: 3.265 | F14: 72.0843 | G14: =F14/E14 -> 22.077887 | K14: 2.457 | L14: 6.799 | M14: =L14/K14 -> 2.7671958 | N14: 0.187 | O14: 0.97 | P14: =O14/N14 -> 5.1871658 | Q14: 39.697 | R14: 10.075 | S14: =R14/Q14 -> 0.25379752 | AL14: 0.108 | AM14: 0.011 | AN14: =AM14/AL14 -> 0.10185185 | AO14: 22.512 | AP14: 14.342 | AQ14: =AP14/AO14 -> 0.63708244 | AR14: 1.039 | AS14: 0.071 | AT14: =AS14/AR14 -> 0.068334937 | AU14: 10.713 | AV14: 37.295 | AW14: =AV14/AU14 -> 3.4812844 | BA14: 0.05 | BB14: 0.04 | BC14: =BB14/BA14 -> 0.8 | BG14: 162.56483 | BH14: 178.93477 | BI14: =BH14/BG14 -> 1.1006979
A15: MADHYA PRADESH | E15: 27.47956 | F15: 438.3939 | G15: =F15/E15 -> 15.953454 | H15: 88.67457 | I15: 208.63418 | J15: =I15/H15 -> 2.3528073 | K15: 16.2718 | L15: 57.06741 | M15: =L15/K15 -> 3.5071357 | N15: 183.71376 | O15: 1869.4297 | P15: =O15/N15 -> 10.175774 | T15: 292.28788 | U15: 394.75792 | V15: =U15/T15 -> 1.3505792 | W15: 0.53919 | X15: 0.65085 | Y15: =X15/W15 -> 1.2070884 | Z15: 1.56187 | AA15: 2.77371 | AB15: =AA15/Z15 -> 1.7758904 | AC15: 46.95024 | AD15: 76.75348 | AE15: =AD15/AC15 -> 1.6347835 | AF15: 7.64572 | AG15: 8.47042 | AH15: =AG15/AF15 -> 1.1078643 | AI15: 0.026 | AJ15: 0.026 | AK15: =AJ15/AI15 -> 1 | AU15: 0.87325 | AV15: 8.96964 | AW15: =AV15/AU15 -> 10.27156 | BD15: 0.681 | BE15: 10.052 | BF15: =BE15/BD15 -> 14.760646 | BG15: 666.70484 | BH15: 3075.9792 | BI15: =BH15/BG15 -> 4.6137046
A16: MAHARASHTRA | B16: 1.327 | C16: 0.673 | D16: =C16/B16 -> 0.50715901 | E16: 7.833 | F16: 113.144 | G16: =F16/E16 -> 14.44453 | H16: 6.508 | I16: 22.434 | J16: =I16/H16 -> 3.447142 | K16: 54.248 | L16: 218.8726 | M16: =L16/K16 -> 4.0346667 | N16: 2.65 | O16: 13.834 | P16: =O16/N16 -> 5.2203774 | T16: 1.797 | U16: 4.326 | V16: =U16/T16 -> 2.4073456 | AC16: 0.741 | AD16: 5.623 | AE16: =AD16/AC16 -> 7.5883941 | AL16: 0.026 | AM16: 0.029 | AN16: =AM16/AL16 -> 1.1153846 | AO16: 0.097 | AP16: 0.118 | AQ16: =AP16/AO16 -> 1.2164948 | AU16: 1.106 | AV16: 8.988 | AW16: =AV16/AU16 -> 8.1265823 | BG16: 76.333 | BH16: 388.0416 | BI16: =BH16/BG16 -> 5.0835366
A17: MANIPUR | E17: 5.47 | F17: 77.8088 | G17: =F17/E17 -> 14.224644 | H17: 0.0001 | I17: 0.00098 | J17: =I17/H17 -> 9.8 | K17: 2.489 | L17: 6.0534 | M17: =L17/K17 -> 2.4320611 | Q17: 0.148 | R17: 0.00425 | S17: =R17/Q17 -> 0.028716216 | T17: 0.01 | U17: 0.005 | V17: =U17/T17 -> 0.5 | BG17: 8.1171 | BH17: 83.87243 | BI17: =BH17/BG17 -> 10.332807
A18: MEGHALAYA | B18: 1.011 | C18: 0.75 | D18: =C18/B18 -> 0.74183976 | E18: 9.914 | F18: 65.934 | G18: =F18/E18 -> 6.6505951 | K18: 2.606 | L18: 3.2574 | M18: =L18/K18 -> 1.2499616 | AL18: 2 | AM18: 5 | AN18: =AM18/AL18 -> 2.5 | BG18: 15.531 | BH18: 74.9414 | BI18: =BH18/BG18 -> 4.8252785
A19: MIZORAM | B19: 0.07 | C19: 0.0025 | D19: =C19/B19 -> 0.035714286 | E19: 8.553 | F19: 61.001 | G19: =F19/E19 -> 7.1321174 | H19: 11.196 | I19: 10.918 | J19: =I19/H19 -> 0.9751697 | K19: 7.653 | L19: 29.51 | M19: =L19/K19 -> 3.8560042 | N19: 0.023 | O19: 0.012 | P19: =O19/N19 -> 0.52173913 | T19: 0.71 | U19: 0.021 | V19: =U19/T19 -> 0.029577465 | AL19: 0.001 | AM19: 0.00025 | AN19: =AM19/AL19 -> 0.25 | AU19: 0.01 | AV19: 0.026 | AW19: =AV19/AU19 -> 2.6 | BG19: 28.216 | BH19: 101.49075 | BI19: =BH19/BG19 -> 3.596922
A20: NAGALAND | B20: 0.114 | C20: 0.026 | D20: =C20/B20 -> 0.22807018 | E20: 4.79 | F20: 35.964 | G20: =F20/E20 -> 7.508142 | H20: 1.379 | I20: 1.75361 | J20: =I20/H20 -> 1.2716534 | K20: 0.652 | L20: 1.83404 | M20: =L20/K20 -> 2.8129448 | N20: 0.284 | O20: 2.399 | P20: =O20/N20 -> 8.4471831 | Q20: 4.057 | R20: 2.307 | S20: =R20/Q20 -> 0.56864678 | T20: 0.051 | U20: 0.079 | V20: =U20/T20 -> 1.5490196 | AL20: 0.006 | AM20: 0.0015 | AN20: =AM20/AL20 -> 0.25 | AU20: 0.012 | AV20: 0.195 | AW20: =AV20/AU20 -> 16.25 | BG20: 11.345 | BH20: 44.55915 | BI20: =BH20/BG20 -> 3.9276465
A21: ODISHA | E21: 16.575 | F21: 128.02 | G21: =F21/E21 -> 7.7236802 | H21: 71.7 | I21: 69.28 | J21: =I21/H21 -> 0.96624826 | K21: 27.869 | L21: 43.615 | M21: =L21/K21 -> 1.5650005 | N21: 12.441 | O21: 45.48195 | P21: =O21/N21 -> 3.6558114 | T21: 19.61 | U21: 10.86327 | V21: =U21/T21 -> 0.55396583 | BG21: 148.195 | BH21: 297.26022 | BI21: =BH21/BG21 -> 2.0058721
A22: PUNJAB | H22: 8.776 | I22: 16.955 | J22: =I22/H22 -> 1.9319736 | K22: 0.952 | L22: 3.469 | M22: =L22/K22 -> 3.6439076 | N22: 7.748 | O22: 92.642 | P22: =O22/N22 -> 11.956892 | AC22: 12.538 | AD22: 2.389 | AE22: =AD22/AC22 -> 0.19054076 | AI22: 4.564 | AJ22: 6.605 | AK22: =AJ22/AI22 -> 1.4471954 | BG22: 34.578 | BH22: 122.06 | BI22: =BH22/BG22 -> 3.5299902
A23: RAJASTHAN | E23: 0.107 | F23: 0.373 | G23: =F23/E23 -> 3.4859813 | H23: 9.832 | I23: 20.033 | J23: =I23/H23 -> 2.0375305 | K23: 0.179 | L23: 0.222 | M23: =L23/K23 -> 1.2402235 | N23: 68.012 | O23: 416.299 | P23: =O23/N23 -> 6.1209639 | T23: 60.039 | U23: 89.341 | V23: =U23/T23 -> 1.4880494 | W23: 779.775 | X23: 428.146 | Y23: =X23/W23 -> 0.54906351 | Z23: 26.25 | AA23: 25.621 | AB23: =AA23/Z23 -> 0.9760381 | AC23: 52.661 | AD23: 66.742 | AE23: =AD23/AC23 -> 1.2673895 | AF23: 10.875 | AG23: 6.137 | AH23: =AG23/AF23 -> 0.56432184 | AI23: 12.8 | AJ23: 6 | AK23: =AJ23/AI23 -> 0.46875 | BG23: 1020.53 | BH23: 1058.914 | BI23: =BH23/BG23 -> 1.0376118
A24: SIKKIM | E24: 15.643 | F24: 85.1523 | G24: =F24/E24 -> 5.4434763 | K24: 5.178 | L24: 16.037 | M24: =L24/K24 -> 3.0971418 | Q24: 21.793 | R24: 5.346 | S24: =R24/Q24 -> 0.24530813 | BG24: 42.614 | BH24: 106.5353 | BI24: =BH24/BG24 -> 2.500007
A25: TAMIL NADU | B25: 6.004 | C25: 1.321 | D25: =C25/B25 -> 0.22001999 | E25: 0.182 | F25: 2.691 | G25: =F25/E25 -> 14.785714 | H25: 48.849 | I25: 22.917 | J25: =I25/H25 -> 0.46913959 | K25: 18.101 | L25: 70.629 | M25: =L25/K25 -> 3.9019391 | N25: 1.238 | O25: 7.15 | P25: =O25/N25 -> 5.7754443 | Q25: 3.813 | R25: 0.345 | S25: =R25/Q25 -> 0.090479937 | T25: 7.788 | U25: 3.952 | V25: =U25/T25 -> 0.50744735 | AR25: 1.027 | AS25: 0.996 | AT25: =AS25/AR25 -> 0.969815 | AU25: 14.896 | AV25: 46.072 | AW25: =AV25/AU25 -> 3.0929108 | BG25: 101.898 | BH25: 156.073 | BI25: =BH25/BG25 -> 1.5316591
A26: TELANGANA | E26: 2.409 | F26: 15.903 | G26: =F26/E26 -> 6.6014944 | H26: 80.579 | I26: 436.378 | J26: =I26/H26 -> 5.4155301 | K26: 55.444 | L26: 386.596 | M26: =L26/K26 -> 6.9727292 | N26: 0.023 | O26: 0.108 | P26: =O26/N26 -> 4.6956522 | T26: 0.633 | U26: 0.587 | V26: =U26/T26 -> 0.92733017 | AF26: 1.29 | AG26: 0.861 | AH26: =AG26/AF26 -> 0.66744186 | AU26: 2.013 | AV26: 12.661 | AW26: =AV26/AU26 -> 6.2896175 | BG26: 142.391 | BH26: 853.094 | BI26: =BH26/BG26 -> 5.9912073
A27: TRIPURA | B27: 0.223 | C27: 0.133 | D27: =C27/B27 -> 0.59641256 | E27: 1.875 | F27: 15.938 | G27: =F27/E27 -> 8.5002667 | H27: 2.812 | I27: 6.664 | J27: =I27/H27 -> 2.3698435 | K27: 1.68 | L27: 2.0462 | M27: =L27/K27 -> 1.2179762 | BG27: 6.59 | BH27: 24.7812 | BI27: =BH27/BG27 -> 3.7604249
A28: UTTAR PRADESH | E28: 0.904 | F28: 4.294 | G28: =F28/E28 -> 4.75 | H28: 13.763 | I28: 12.716 | J28: =I28/H28 -> 0.92392647 | K28: 1.42 | L28: 1.913 | M28: =L28/K28 -> 1.3471831 | N28: 34.313 | O28: 227.337 | P28: =O28/N28 -> 6.6253898 | T28: 6.635 | U28: 5.259 | V28: =U28/T28 -> 0.79261492 | W28: 0.002 | X28: 0.007 | Y28: =X28/W28 -> 3.5 | Z28: 0.719 | AA28: 0.803 | AB28: =AA28/Z28 -> 1.1168289 | AC28: 0.338 | AD28: 0.302 | AE28: =AD28/AC28 -> 0.89349112 | BD28: 327.357 | BE28: 33.174 | BF28: =BE28/BD28 -> 0.10133891 | BG28: 385.451 | BH28: 285.805 | BI28: =BH28/BG28 -> 0.74148206
A29: UTTARAKHAND | E29: 5.06137 | F29: 49.68393 | G29: =F29/E29 -> 9.8163007 | H29: 2.84776 | I29: 9.63202 | J29: =I29/H29 -> 3.3823145 | K29: 1.76901 | L29: 2.94973 | M29: =L29/K29 -> 1.6674468 | N29: 2.09196 | O29: 11.44159 | P29: =O29/N29 -> 5.4693159 | Q29: 0.06742 | R29: 0.07768 | S29: =R29/Q29 -> 1.1521804 | T29: 1.45839 | U29: 4.14843 | V29: =U29/T29 -> 2.8445272 | AC29: 0.69233 | AD29: 3.85199 | AE29: =AD29/AC29 -> 5.5638063 | BG29: 13.98824 | BH29: 81.78537 | BI29: =BH29/BG29 -> 5.8467234
A30: WEST BENGAL | B30: 0.325 | C30: 0.087 | D30: =C30/B30 -> 0.26769231 | E30: 12.51 | F30: 136.61 | G30: =F30/E30 -> 10.920064 | H30: 65.409 | I30: 103.946 | J30: =I30/H30 -> 1.5891697 | K30: 17.812 | L30: 45.648 | M30: =L30/K30 -> 2.5627667 | N30: 3.925 | O30: 37.468 | P30: =O30/N30 -> 9.5459873 | Q30: 2.992 | R30: 0.833 | S30: =R30/Q30 -> 0.27840909 | T30: 11.895 | U30: 15.78 | V30: =U30/T30 -> 1.3266078 | W30: 1.552 | X30: 1.56 | Y30: =X30/W30 -> 1.0051546 | Z30: 1.052 | AA30: 1.077 | AB30: =AA30/Z30 -> 1.0237643 | AC30: 2.595 | AD30: 2.91 | AE30: =AD30/AC30 -> 1.1213873 | AL30: 0.81 | AM30: 2.51 | AN30: =AM30/AL30 -> 3.0987654 | BG30: 120.877 | BH30: 348.429 | BI30: =BH30/BG30 -> 2.8825087
A31: OTHERS | B31: 0.94222 | C31: 0.35001 | D31: =C31/B31 -> 0.37147375 | E31: 0.1216 | F31: 0.60721 | G31: =F31/E31 -> 4.9935033 | H31: 0.07409 | I31: 0.32743 | J31: =I31/H31 -> 4.4193548 | K31: 0.07319 | L31: 0.2094 | M31: =L31/K31 -> 2.8610466 | AL31: 0.0555 | AM31: 0.00579 | AN31: =AM31/AL31 -> 0.10432432 | AO31: 0.2584 | AP31: 0.01879 | AQ31: =AP31/AO31 -> 0.072716718 | AR31: 0.03676 | AS31: 0.00273 | AT31: =AS31/AR31 -> 0.074265506 | AU31: 0.057 | AV31: 0.301 | AW31: =AV31/AU31 -> 5.2807018 | BG31: 1.61876 | BH31: 1.82236 | BI31: =BH31/BG31 -> 1.1257753
A32: TOTAL | B32: 257.82605 | C32: 106.76653 | D32: =C32/B32 -> 0.41410296 | E32: 178.56653 | F32: 1884.19 | G32: =F32/E32 -> 10.551753 | H32: 684.47327 | I32: 1931.2972 | J32: =I32/H32 -> 2.8215816 | K32: 296.34954 | L32: 1153.011 | M32: =L32/K32 -> 3.8907131 | N32: 352.13872 | O32: 2944.1546 | P32: =O32/N32 -> 8.3607807 | Q32: 85.41542 | R32: 20.90293 | S32: =R32/Q32 -> 0.2447208 | T32: 528.90627 | U32: 701.23262 | V32: =U32/T32 -> 1.3258164 | W32: 1276.1862 | X32: 911.93985 | Y32: =X32/W32 -> 0.71458213 | Z32: 82.60387 | AA32: 140.03771 | AB32: =AA32/Z32 -> 1.6952924 | AC32: 126.51157 | AD32: 183.81047 | AE32: =AD32/AC32 -> 1.4529143 | AF32: 41.13372 | AG32: 28.97342 | AH32: =AG32/AF32 -> 0.7043715 | AI32: 32.798 | AJ32: 34.566 | AK32: =AJ32/AI32 -> 1.0539057 | AL32: 3.0375 | AM32: 7.56354 | AN32: =AM32/AL32 -> 2.4900543 | AO32: 23.5834 | AP32: 14.97279 | AQ32: =AP32/AO32 -> 0.63488683 | AR32: 2.20176 | AS32: 1.23773 | AT32: =AS32/AR32 -> 0.56215482 | AU32: 47.29325 | AV32: 189.87064 | AW32: =AV32/AU32 -> 4.0147514 | AX32: 3.523 | AY32: 0.004 | AZ32: =AY32/AX32 -> 0.001135396 | BA32: 0.25 | BB32: 0.1 | BC32: =BB32/BA32 -> 0.4 | BD32: 328.038 | BE32: 43.226 | BF32: =BE32/BD32 -> 0.13177132 | BG32: 4350.8361 | BH32: 10297.857 | BI32: =BH32/BG32 -> 2.3668685
AY34: =AX32+BA32 -> 3.773
